province,year,driver,area_ha,co2_emissions_mg,is_primary
Gorontalo,2001,Commodity driven deforestation,2602.29481,1825368.35832,
Gorontalo,2001,Forestry,890.97135,578148.18726,
Gorontalo,2001,Unknown,5.76954,3936.01321,
Gorontalo,2002,Commodity driven deforestation,6006.940790000001,4251267.135290001,
Gorontalo,2002,Forestry,2004.03164,1337370.48667,
Gorontalo,2002,Unknown,2.23089,1617.1699099999998,
Gorontalo,2003,Commodity driven deforestation,2133.73097,1582868.66308,
Gorontalo,2003,Forestry,669.11317,492877.78447,
Gorontalo,2003,Unknown,2.53859,1894.78988,
Gorontalo,2004,Commodity driven deforestation,4972.50014,3423431.4584,
Gorontalo,2004,Forestry,1973.33767,1332682.23789,
Gorontalo,2004,Unknown,4.231,3101.2612400000003,
Gorontalo,2005,Commodity driven deforestation,3380.79853,2441779.02178,
Gorontalo,2005,Forestry,858.35419,622980.71361,
Gorontalo,2005,Unknown,2.00012,1466.06304,
Gorontalo,2006,Commodity driven deforestation,3697.12336,2656819.18074,
Gorontalo,2006,Forestry,1548.85313,1015608.9283,
Gorontalo,2006,Unknown,3.76943,3014.46678,
Gorontalo,2007,Commodity driven deforestation,3368.41325,2313627.31392,
Gorontalo,2007,Forestry,958.74425,644326.69635,
Gorontalo,2007,Unknown,1.53855,970.49724,
Gorontalo,2008,Commodity driven deforestation,1247.29834,832482.3714599999,
Gorontalo,2008,Forestry,545.5680100000001,361099.3645,
Gorontalo,2008,Unknown,1.84625,1375.96983,
Gorontalo,2009,Commodity driven deforestation,8471.61277,5509926.09404,
Gorontalo,2009,Forestry,2787.4587,1807636.4784,
Gorontalo,2009,Unknown,3.69251,2458.58545,
Gorontalo,2010,Commodity driven deforestation,1021.20916,690430.65965,
Gorontalo,2010,Forestry,545.64494,350766.56697,
Gorontalo,2010,Unknown,2.69245,1848.12909,
Gorontalo,2011,Commodity driven deforestation,2170.57913,1494377.37614,
Gorontalo,2011,Forestry,802.1203800000001,510119.67387,
Gorontalo,2011,Unknown,6.3080300000000005,4657.295570000001,
Gorontalo,2012,Commodity driven deforestation,3269.33095,2462777.545,
Gorontalo,2012,Forestry,645.41958,402956.04024,
Gorontalo,2012,Unknown,13.30841,9670.69593,
Gorontalo,2013,Commodity driven deforestation,5422.06295,4552601.04476,
Gorontalo,2013,Forestry,508.48908,315460.26595000003,
Gorontalo,2013,Unknown,7.76965,6206.76857,
Gorontalo,2014,Commodity driven deforestation,8915.79068,7035834.43255,
Gorontalo,2014,Forestry,1419.23073,930657.58166,
Gorontalo,2014,Unknown,18.23176,14195.83322,
Gorontalo,2015,Commodity driven deforestation,10431.18046,7486073.87859,
Gorontalo,2015,Forestry,2800.53632,1881953.22772,
Gorontalo,2015,Unknown,55.38761,38748.65543,
Gorontalo,2016,Commodity driven deforestation,8725.54961,5949458.15102,
Gorontalo,2016,Forestry,2164.42494,1366829.4376599998,
Gorontalo,2016,Unknown,21.07806,14878.42033,
Gorontalo,2017,Commodity driven deforestation,6598.20359,4416423.55003,
Gorontalo,2017,Forestry,1257.3758,784984.8526,
Gorontalo,2017,Unknown,13.69305,10720.34515,
Gorontalo,2018,Commodity driven deforestation,6627.97444,4528502.48838,
Gorontalo,2018,Forestry,1362.99692,875582.03052,
Gorontalo,2018,Unknown,15.69316,11743.79268,
Gorontalo,2019,Commodity driven deforestation,8603.23528,5718231.07454,
Gorontalo,2019,Forestry,2348.2810600000003,1493964.82907,
Gorontalo,2019,Unknown,7.61579,4946.4772,
Gorontalo,2020,Commodity driven deforestation,2420.1311,1751949.27305,
Gorontalo,2020,Forestry,602.03262,390652.65347,
Gorontalo,2020,Unknown,7.76966,6221.69103,
Gorontalo,2021,Commodity driven deforestation,1791.09703,1225382.84284,
Gorontalo,2021,Forestry,396.02145,259204.57005,
Gorontalo,2021,Unknown,11.69294,7832.99142,
Gorontalo,2022,Commodity driven deforestation,2267.6613,1571544.25533,
Gorontalo,2022,Forestry,543.79869,354036.60818,
Gorontalo,2022,Unknown,7.077299999999999,5282.21289,
Gorontalo,2023,Commodity driven deforestation,6660.13003,4540433.93137,
Gorontalo,2023,Forestry,1576.0084499999998,976133.11832,
Gorontalo,2023,Unknown,5.69261,4059.8279,
Sulawesi Barat,2001,Commodity driven deforestation,14418.22214,10409850.96206,
Sulawesi Barat,2001,Forestry,1495.35486,1134927.84522,
Sulawesi Barat,2001,Shifting agriculture,481.2796,390781.00366,
Sulawesi Barat,2001,Unknown,4.76635,2935.32044,
Sulawesi Barat,2002,Commodity driven deforestation,9534.17564,6882272.452020001,
Sulawesi Barat,2002,Forestry,2409.42735,1744280.39997,
Sulawesi Barat,2002,Shifting agriculture,156.25263,126972.95573,
Sulawesi Barat,2002,Unknown,7.22539,6853.79776,
Sulawesi Barat,2003,Commodity driven deforestation,5858.00373,4301617.29687,
Sulawesi Barat,2003,Forestry,831.4986,653260.2740699999,
Sulawesi Barat,2003,Shifting agriculture,193.20322,159458.93148,
Sulawesi Barat,2003,Unknown,2.15133,1562.69957,
Sulawesi Barat,2004,Commodity driven deforestation,13713.50038,9965020.81033,
Sulawesi Barat,2004,Forestry,1709.2505600000002,1265412.8673,
Sulawesi Barat,2004,Shifting agriculture,310.8152,255420.37618,
Sulawesi Barat,2004,Unknown,3.07453,2048.35906,
Sulawesi Barat,2005,Commodity driven deforestation,8012.34767,5954278.764389999,
Sulawesi Barat,2005,Forestry,1158.38967,893776.76316,
Sulawesi Barat,2005,Shifting agriculture,223.31681,181924.95611,
Sulawesi Barat,2005,Unknown,1.76836,1225.42957,
Sulawesi Barat,2006,Commodity driven deforestation,9063.37905,6678443.25268,
Sulawesi Barat,2006,Forestry,2030.02549,1518659.87049,
Sulawesi Barat,2006,Shifting agriculture,387.09783,313031.13001,
Sulawesi Barat,2006,Unknown,0.99887,524.97747,
Sulawesi Barat,2007,Commodity driven deforestation,3184.52099,2303028.06312,
Sulawesi Barat,2007,Forestry,771.7557400000001,592850.7521,
Sulawesi Barat,2007,Shifting agriculture,191.43635,151159.7733,
Sulawesi Barat,2007,Unknown,2.8445600000000004,2098.93717,
Sulawesi Barat,2008,Commodity driven deforestation,11296.27367,7860712.01624,
Sulawesi Barat,2008,Forestry,976.03445,716762.14952,
Sulawesi Barat,2008,Shifting agriculture,261.18925,190817.59765,
Sulawesi Barat,2008,Unknown,6.91996,6296.839190000001,
Sulawesi Barat,2009,Commodity driven deforestation,10053.24664,7144649.40138,
Sulawesi Barat,2009,Forestry,1413.92935,1003767.7966,
Sulawesi Barat,2009,Shifting agriculture,385.1005,294394.93297,
Sulawesi Barat,2009,Unknown,5.99704,4981.404820000001,
Sulawesi Barat,2010,Commodity driven deforestation,6232.16338,4528465.348999999,
Sulawesi Barat,2010,Forestry,772.3533,564149.51346,
Sulawesi Barat,2010,Shifting agriculture,187.8258,143491.67088,
Sulawesi Barat,2010,Unknown,3.5368,2078.22259,
Sulawesi Barat,2011,Commodity driven deforestation,12297.00618,8321354.33693,
Sulawesi Barat,2011,Forestry,1421.26438,1002564.67234,
Sulawesi Barat,2011,Shifting agriculture,135.51113,102524.55183,
Sulawesi Barat,2011,Unknown,2.22928,1418.13372,
Sulawesi Barat,2012,Commodity driven deforestation,12366.92767,8608338.40075,
Sulawesi Barat,2012,Forestry,1016.46037,746577.80003,
Sulawesi Barat,2012,Shifting agriculture,156.25263,116991.46056,
Sulawesi Barat,2012,Unknown,16.29996,11949.46457,
Sulawesi Barat,2013,Commodity driven deforestation,6992.62205,4727420.729350001,
Sulawesi Barat,2013,Forestry,991.78456,691674.43934,
Sulawesi Barat,2013,Shifting agriculture,83.3501,59372.26022,
Sulawesi Barat,2013,Unknown,4.9191400000000005,3004.05699,
Sulawesi Barat,2014,Commodity driven deforestation,12378.07434,8227875.65679,
Sulawesi Barat,2014,Forestry,1680.8776300000002,1076822.45246,
Sulawesi Barat,2014,Shifting agriculture,148.49377,100614.89122,
Sulawesi Barat,2014,Unknown,6.38037,3811.16203,
Sulawesi Barat,2015,Commodity driven deforestation,11918.959,7844971.28454,
Sulawesi Barat,2015,Forestry,1820.79736,1141485.34852,
Sulawesi Barat,2015,Shifting agriculture,309.89336,225880.6561,
Sulawesi Barat,2015,Unknown,5.22813,3406.8093,
Sulawesi Barat,2016,Commodity driven deforestation,10119.08959,6794476.6317,
Sulawesi Barat,2016,Forestry,3170.94795,1978278.32608,
Sulawesi Barat,2016,Shifting agriculture,375.88206,273324.94659,
Sulawesi Barat,2016,Unknown,11.06961,7075.73838,
Sulawesi Barat,2017,Commodity driven deforestation,10299.24191,6850389.43346,
Sulawesi Barat,2017,Forestry,1960.17206,1285459.66307,
Sulawesi Barat,2017,Shifting agriculture,285.61812,203904.7676,
Sulawesi Barat,2017,Unknown,19.1401,13093.02307,
Sulawesi Barat,2018,Commodity driven deforestation,10906.7335,7269664.206089999,
Sulawesi Barat,2018,Forestry,1852.45183,1217587.68869,
Sulawesi Barat,2018,Shifting agriculture,197.35152,135783.1338,
Sulawesi Barat,2018,Unknown,17.761180000000003,10417.3421,
Sulawesi Barat,2019,Commodity driven deforestation,9544.45498,6198440.11054,
Sulawesi Barat,2019,Forestry,3141.19023,2028219.27638,
Sulawesi Barat,2019,Shifting agriculture,316.57673,221113.15834,
Sulawesi Barat,2019,Unknown,34.061060000000005,22033.41275,
Sulawesi Barat,2020,Commodity driven deforestation,6706.87569,4551239.21382,
Sulawesi Barat,2020,Forestry,1457.54425,942133.49011,
Sulawesi Barat,2020,Shifting agriculture,339.23874,241311.10153,
Sulawesi Barat,2020,Unknown,9.99377,6619.60558,
Sulawesi Barat,2021,Commodity driven deforestation,7799.84389,5362590.948340001,
Sulawesi Barat,2021,Forestry,1376.57984,981883.80577,
Sulawesi Barat,2021,Shifting agriculture,663.26705,450826.30738,
Sulawesi Barat,2021,Unknown,7.99673,5099.24028,
Sulawesi Barat,2022,Commodity driven deforestation,7694.155489999999,5339026.75375,
Sulawesi Barat,2022,Forestry,1691.3820299999998,1169461.58839,
Sulawesi Barat,2022,Shifting agriculture,646.28975,462118.80752,
Sulawesi Barat,2022,Unknown,9.99449,6964.70212,
Sulawesi Barat,2023,Commodity driven deforestation,12218.76671,8219502.18871,
Sulawesi Barat,2023,Forestry,2084.91098,1365573.73767,
Sulawesi Barat,2023,Shifting agriculture,389.70972,267120.95061,
Sulawesi Barat,2023,Unknown,4.38203,3379.93964,
Sulawesi Selatan,2001,Commodity driven deforestation,6417.437876555867,4159385.735996623,
Sulawesi Selatan,2001,Forestry,129.8836176092144,90985.26413530794,
Sulawesi Selatan,2001,Shifting agriculture,1540.1138713405333,1186278.98084357,
Sulawesi Selatan,2001,Unknown,400.9397214670639,247897.74928898225,
Sulawesi Selatan,2002,Commodity driven deforestation,8113.759106836529,5441597.052014205,
Sulawesi Selatan,2002,Forestry,335.7213808791697,227835.17607784955,
Sulawesi Selatan,2002,Shifting agriculture,2834.8768450255147,2172055.3037816086,
Sulawesi Selatan,2002,Unknown,1443.224518650534,672989.5225148139,
Sulawesi Selatan,2003,Commodity driven deforestation,4048.4227433117135,2811692.4966557105,
Sulawesi Selatan,2003,Forestry,161.99804175358764,110298.8920286812,
Sulawesi Selatan,2003,Shifting agriculture,1324.4574331751012,1028272.3144811516,
Sulawesi Selatan,2003,Unknown,448.9035639915327,244232.63972076884,
Sulawesi Selatan,2004,Commodity driven deforestation,12918.457296888351,8409776.01386629,
Sulawesi Selatan,2004,Forestry,440.59067606564184,316862.181021139,
Sulawesi Selatan,2004,Shifting agriculture,3427.6847515706754,2615572.62564424,
Sulawesi Selatan,2004,Unknown,1045.4124024229761,626288.7240251545,
Sulawesi Selatan,2005,Commodity driven deforestation,5791.100662052584,3801013.04835032,
Sulawesi Selatan,2005,Forestry,331.2447391908909,242188.72895560053,
Sulawesi Selatan,2005,Shifting agriculture,1885.6408198282816,1430898.9089299478,
Sulawesi Selatan,2005,Unknown,564.761284389982,288478.4291053992,
Sulawesi Selatan,2006,Commodity driven deforestation,10245.491871124666,6472414.942723977,
Sulawesi Selatan,2006,Forestry,273.35084518907775,189392.90034317225,
Sulawesi Selatan,2006,Shifting agriculture,2891.328734443331,2139319.2645984567,
Sulawesi Selatan,2006,Unknown,480.68933983822967,286208.4566233789,
Sulawesi Selatan,2007,Commodity driven deforestation,7124.037503174721,4381320.520147037,
Sulawesi Selatan,2007,Forestry,304.0925503572621,220222.84788874097,
Sulawesi Selatan,2007,Shifting agriculture,1505.025439438746,1130488.3064426067,
Sulawesi Selatan,2007,Unknown,592.1205121943833,402453.8226118756,
Sulawesi Selatan,2008,Commodity driven deforestation,7117.501626911931,4086935.030494205,
Sulawesi Selatan,2008,Forestry,106.04011549125175,72919.6488609519,
Sulawesi Selatan,2008,Shifting agriculture,767.2824338402597,551273.9293672249,
Sulawesi Selatan,2008,Unknown,136.02550093907647,79290.0752108579,
Sulawesi Selatan,2009,Commodity driven deforestation,20516.28508174287,12230900.369241703,
Sulawesi Selatan,2009,Forestry,136.6953431586111,95937.4746075446,
Sulawesi Selatan,2009,Shifting agriculture,2220.09400862487,1560037.2883259056,
Sulawesi Selatan,2009,Unknown,506.25360070350223,296974.0344344645,
Sulawesi Selatan,2010,Commodity driven deforestation,7455.848934654829,4545653.524179748,
Sulawesi Selatan,2010,Forestry,46.309471701213376,32631.66904324896,
Sulawesi Selatan,2010,Shifting agriculture,615.8146656855639,448317.50715817086,
Sulawesi Selatan,2010,Unknown,281.72795699679864,181220.24621701404,
Sulawesi Selatan,2011,Commodity driven deforestation,12993.153194591412,8064092.85741752,
Sulawesi Selatan,2011,Forestry,89.10230087188914,65848.14821615252,
Sulawesi Selatan,2011,Shifting agriculture,1034.1704526628605,723122.3766740287,
Sulawesi Selatan,2011,Unknown,273.862387874596,165912.96716117812,
Sulawesi Selatan,2012,Commodity driven deforestation,14443.99808579406,9393252.694599004,
Sulawesi Selatan,2012,Forestry,131.7185032503026,89108.59672555744,
Sulawesi Selatan,2012,Shifting agriculture,1056.6181374300663,775173.3227136834,
Sulawesi Selatan,2012,Unknown,497.85636596729785,332077.01026815723,
Sulawesi Selatan,2013,Commodity driven deforestation,7740.702297989371,4846552.044160934,
Sulawesi Selatan,2013,Forestry,86.66480544525581,58025.90495654408,
Sulawesi Selatan,2013,Shifting agriculture,907.9638518219856,567099.5760154057,
Sulawesi Selatan,2013,Unknown,272.4294951700634,173871.23279744666,
Sulawesi Selatan,2014,Commodity driven deforestation,18006.95371243557,11929619.62387987,
Sulawesi Selatan,2014,Forestry,255.0572237907356,169578.3987390696,
Sulawesi Selatan,2014,Shifting agriculture,2188.7661300834825,1418681.321764141,
Sulawesi Selatan,2014,Unknown,1024.9218321900648,593300.2399754063,
Sulawesi Selatan,2015,Commodity driven deforestation,19970.397407740962,13700844.863633508,
Sulawesi Selatan,2015,Forestry,559.6850742730355,385700.26804853487,
Sulawesi Selatan,2015,Shifting agriculture,3162.8709540622967,2041171.4419908496,
Sulawesi Selatan,2015,Unknown,4387.7012279474,2517302.4756833017,
Sulawesi Selatan,2016,Commodity driven deforestation,19396.756068017567,13533448.600046678,
Sulawesi Selatan,2016,Forestry,963.5393538984482,680765.4778499075,
Sulawesi Selatan,2016,Shifting agriculture,4104.250102589003,2818067.3284135927,
Sulawesi Selatan,2016,Unknown,6421.107168910432,3104035.415431223,
Sulawesi Selatan,2017,Commodity driven deforestation,18355.52788330271,11816800.737452082,
Sulawesi Selatan,2017,Forestry,645.3835168480331,465599.8927138353,
Sulawesi Selatan,2017,Shifting agriculture,3569.521611765704,2369980.752925669,
Sulawesi Selatan,2017,Unknown,1479.5587567710281,991814.6144559728,
Sulawesi Selatan,2018,Commodity driven deforestation,15653.19270246514,9908634.702295983,
Sulawesi Selatan,2018,Forestry,463.1374425745853,334252.289069751,
Sulawesi Selatan,2018,Shifting agriculture,2601.450997873674,1659395.3976419559,
Sulawesi Selatan,2018,Unknown,724.674682895328,475245.54003254184,
Sulawesi Selatan,2019,Commodity driven deforestation,19512.57377919149,11972660.58433552,
Sulawesi Selatan,2019,Forestry,401.2075953757176,291957.2127961402,
Sulawesi Selatan,2019,Shifting agriculture,2256.47732383962,1422581.5855281942,
Sulawesi Selatan,2019,Unknown,754.7240454707076,430174.624490577,
Sulawesi Selatan,2020,Commodity driven deforestation,10604.226873670876,6957368.874551968,
Sulawesi Selatan,2020,Forestry,342.84389823055415,240664.34555086077,
Sulawesi Selatan,2020,Shifting agriculture,1778.2269528085767,1145163.8953490625,
Sulawesi Selatan,2020,Unknown,1542.3541559678251,905380.6147722972,
Sulawesi Selatan,2021,Commodity driven deforestation,7839.867751415439,5274198.118796961,
Sulawesi Selatan,2021,Forestry,153.73174787793096,110374.06860108887,
Sulawesi Selatan,2021,Shifting agriculture,1512.1417879126293,1023632.9039320644,
Sulawesi Selatan,2021,Unknown,737.6973856943995,485969.48803320737,
Sulawesi Selatan,2022,Commodity driven deforestation,13416.233846195491,8955843.48289711,
Sulawesi Selatan,2022,Forestry,284.81596298971,211417.93738332536,
Sulawesi Selatan,2022,Shifting agriculture,1649.951996462337,1106955.117521014,
Sulawesi Selatan,2022,Unknown,591.9178878915334,391036.09345988237,
Sulawesi Selatan,2023,Commodity driven deforestation,23291.483124780763,14505281.280326521,
Sulawesi Selatan,2023,Forestry,599.1162450626501,431412.75666424254,
Sulawesi Selatan,2023,Shifting agriculture,2528.297403541762,1611123.9217197269,
Sulawesi Selatan,2023,Unknown,531.1857586680119,338391.8014005539,
Sulawesi Selatan,2024,Commodity driven deforestation,7195.6102711633175,4813611.537139392,
Sulawesi Selatan,2024,Forestry,285.78486630480586,219808.55312874276,
Sulawesi Selatan,2024,Shifting agriculture,1492.9424488496088,997546.6955541816,
Sulawesi Selatan,2024,Unknown,624.6561051563892,398407.7862136521,
Sulawesi Selatan,2025,Commodity driven deforestation,10796.333078112124,7411193.0929478835,
Sulawesi Selatan,2025,Forestry,578.9844720023552,428867.2277488999,
Sulawesi Selatan,2025,Shifting agriculture,2495.7270482013146,1701892.7179123224,
Sulawesi Selatan,2025,Unknown,723.4471087323336,470001.4336281828,
Sulawesi Tengah,2001,Commodity driven deforestation,15090.7538,10698618.31749,
Sulawesi Tengah,2001,Forestry,1689.15633,1250723.64005,
Sulawesi Tengah,2001,Shifting agriculture,700.61232,502554.0245,
Sulawesi Tengah,2001,Unknown,40.29972,25454.60882,
Sulawesi Tengah,2002,Commodity driven deforestation,26669.57432,19074501.32678,
Sulawesi Tengah,2002,Forestry,5221.413930000001,3568735.6332,
Sulawesi Tengah,2002,Shifting agriculture,1191.58072,876531.80326,
Sulawesi Tengah,2002,Unknown,45.76352,35176.61499,
Sulawesi Tengah,2003,Commodity driven deforestation,15161.07227,11031011.56264,
Sulawesi Tengah,2003,Forestry,4024.7774,2308322.37469,
Sulawesi Tengah,2003,Shifting agriculture,898.5324199999999,593540.90713,
Sulawesi Tengah,2003,Unknown,21.91695,14700.17656,
Sulawesi Tengah,2004,Commodity driven deforestation,35054.90335,25375089.07594,
Sulawesi Tengah,2004,Forestry,3945.00329,2811416.4904,
Sulawesi Tengah,2004,Shifting agriculture,1069.65592,781717.56054,
Sulawesi Tengah,2004,Unknown,43.22028,28979.91199,
Sulawesi Tengah,2005,Commodity driven deforestation,15574.69527,11387997.46221,
Sulawesi Tengah,2005,Forestry,1824.94217,1334334.81629,
Sulawesi Tengah,2005,Shifting agriculture,621.88749,462847.78889,
Sulawesi Tengah,2005,Unknown,25.45764,18730.77954,
Sulawesi Tengah,2006,Commodity driven deforestation,26134.3617,18925790.50834,
Sulawesi Tengah,2006,Forestry,3409.61926,2459533.27422,
Sulawesi Tengah,2006,Shifting agriculture,993.04471,709316.5660700001,
Sulawesi Tengah,2006,Unknown,35.75935,23425.30878,
Sulawesi Tengah,2007,Commodity driven deforestation,17643.877809999998,12559676.54082,
Sulawesi Tengah,2007,Forestry,2065.41736,1504575.49406,
Sulawesi Tengah,2007,Shifting agriculture,546.80166,392991.56603,
Sulawesi Tengah,2007,Unknown,28.83899,21054.68264,
Sulawesi Tengah,2008,Commodity driven deforestation,14310.01344,10113487.30251,
Sulawesi Tengah,2008,Forestry,1732.72135,1240815.40089,
Sulawesi Tengah,2008,Shifting agriculture,622.75778,462756.59079,
Sulawesi Tengah,2008,Unknown,32.68316,20977.68854,
Sulawesi Tengah,2009,Commodity driven deforestation,46682.87445,32295273.47557,
Sulawesi Tengah,2009,Forestry,4441.43621,3057873.48209,
Sulawesi Tengah,2009,Shifting agriculture,1072.56019,748681.47426,
Sulawesi Tengah,2009,Unknown,49.90996,32186.83733,
Sulawesi Tengah,2010,Commodity driven deforestation,19460.93128,13966876.61794,
Sulawesi Tengah,2010,Forestry,1907.66986,1323595.84045,
Sulawesi Tengah,2010,Shifting agriculture,507.98126,346762.66084,
Sulawesi Tengah,2010,Unknown,31.840670000000003,22248.44119,
Sulawesi Tengah,2011,Commodity driven deforestation,22954.83267,16539297.48283,
Sulawesi Tengah,2011,Forestry,2621.58016,1809240.41709,
Sulawesi Tengah,2011,Shifting agriculture,493.73397,345467.89722,
Sulawesi Tengah,2011,Unknown,45.06366,31148.52566,
Sulawesi Tengah,2012,Commodity driven deforestation,29218.57892,21269759.92936,
Sulawesi Tengah,2012,Forestry,4042.96549,3046380.21318,
Sulawesi Tengah,2012,Shifting agriculture,3734.58425,3390028.23514,
Sulawesi Tengah,2012,Unknown,62.68179,45306.32968,
Sulawesi Tengah,2013,Commodity driven deforestation,21463.55821,15352789.75715,
Sulawesi Tengah,2013,Forestry,3112.46977,2280750.37921,
Sulawesi Tengah,2013,Shifting agriculture,3818.99024,3524307.51958,
Sulawesi Tengah,2013,Unknown,35.151360000000004,23066.4199,
Sulawesi Tengah,2014,Commodity driven deforestation,39237.27405,26735015.72485,
Sulawesi Tengah,2014,Forestry,5309.152,3588651.89152,
Sulawesi Tengah,2014,Shifting agriculture,1966.72422,1503758.17702,
Sulawesi Tengah,2014,Unknown,76.29884,48964.77731,
Sulawesi Tengah,2015,Commodity driven deforestation,78831.23030000001,49340720.46933,
Sulawesi Tengah,2015,Forestry,10480.86071,6284642.9707,
Sulawesi Tengah,2015,Shifting agriculture,2284.47985,1549755.9619,
Sulawesi Tengah,2015,Unknown,122.05167,71632.50474,
Sulawesi Tengah,2016,Commodity driven deforestation,62065.2169,34240510.79046,
Sulawesi Tengah,2016,Forestry,9271.83476,5255726.4513,
Sulawesi Tengah,2016,Shifting agriculture,2585.3404,1573260.78252,
Sulawesi Tengah,2016,Unknown,105.4329,59995.5895,
Sulawesi Tengah,2017,Commodity driven deforestation,31070.20898,21098163.30977,
Sulawesi Tengah,2017,Forestry,4500.69543,3165837.48003,
Sulawesi Tengah,2017,Shifting agriculture,1182.19857,826042.1577999999,
Sulawesi Tengah,2017,Unknown,89.6733,61594.89724,
Sulawesi Tengah,2018,Commodity driven deforestation,32250.1039,21699405.50613,
Sulawesi Tengah,2018,Forestry,4299.01364,2953801.16241,
Sulawesi Tengah,2018,Shifting agriculture,804.40517,545451.03934,
Sulawesi Tengah,2018,Unknown,56.75248,36006.76542,
Sulawesi Tengah,2019,Commodity driven deforestation,39419.22025,26559060.98571,
Sulawesi Tengah,2019,Forestry,4744.71519,3168509.00667,
Sulawesi Tengah,2019,Shifting agriculture,1091.12907,711197.03414,
Sulawesi Tengah,2019,Unknown,92.43534,56198.83533,
Sulawesi Tengah,2020,Commodity driven deforestation,22993.25523,15688311.29187,
Sulawesi Tengah,2020,Forestry,2803.28502,1926259.05576,
Sulawesi Tengah,2020,Shifting agriculture,822.2874,545385.5863600001,
Sulawesi Tengah,2020,Unknown,44.44827,29726.23394,
Sulawesi Tengah,2021,Commodity driven deforestation,19567.37715,13516229.09735,
Sulawesi Tengah,2021,Forestry,2361.04181,1629208.03187,
Sulawesi Tengah,2021,Shifting agriculture,524.01686,354121.87095,
Sulawesi Tengah,2021,Unknown,45.37709,29714.80048,
Sulawesi Tengah,2022,Commodity driven deforestation,21298.97691,14794807.97354,
Sulawesi Tengah,2022,Forestry,2652.42608,1800753.54356,
Sulawesi Tengah,2022,Shifting agriculture,541.64339,370920.11181,
Sulawesi Tengah,2022,Unknown,36.83954,22837.83234,
Sulawesi Tengah,2023,Commodity driven deforestation,36570.63989,25212728.98652,
Sulawesi Tengah,2023,Forestry,5416.33252,3658386.85811,
Sulawesi Tengah,2023,Shifting agriculture,931.07086,619408.48744,
Sulawesi Tengah,2023,Unknown,14.46029,9745.12945,
Sulawesi Tenggara,2001,Commodity driven deforestation,13300.20114,8678301.44697,
Sulawesi Tenggara,2001,Forestry,2353.87113,1365332.97191,
Sulawesi Tenggara,2001,Shifting agriculture,199.357,138292.94763,
Sulawesi Tenggara,2001,Unknown,24.98472,15210.86553,
Sulawesi Tenggara,2002,Commodity driven deforestation,12983.87407,8680957.92946,
Sulawesi Tenggara,2002,Forestry,2621.26455,1592386.1108,
Sulawesi Tenggara,2002,Shifting agriculture,169.68001,105087.95377,
Sulawesi Tenggara,2002,Unknown,34.42532,22212.2531,
Sulawesi Tenggara,2003,Commodity driven deforestation,11740.61725,8335000.581259999,
Sulawesi Tenggara,2003,Forestry,1412.17187,877206.20112,
Sulawesi Tenggara,2003,Shifting agriculture,217.09524,145841.04708,
Sulawesi Tenggara,2003,Unknown,18.55524,10733.35669,
Sulawesi Tenggara,2004,Commodity driven deforestation,38152.41494,27334248.80221,
Sulawesi Tenggara,2004,Forestry,3036.97493,1830337.90182,
Sulawesi Tenggara,2004,Shifting agriculture,290.44658,191222.43347,
Sulawesi Tenggara,2004,Unknown,73.78484,59252.9154,
Sulawesi Tenggara,2005,Commodity driven deforestation,14464.12013,10247818.58031,
Sulawesi Tenggara,2005,Forestry,1730.96339,1128596.49681,
Sulawesi Tenggara,2005,Shifting agriculture,158.03545,103891.03733,
Sulawesi Tenggara,2005,Unknown,48.9744,31765.00327,
Sulawesi Tenggara,2006,Commodity driven deforestation,38784.03399,25881304.72889,
Sulawesi Tenggara,2006,Forestry,5186.47812,3267315.85743,
Sulawesi Tenggara,2006,Shifting agriculture,294.0629,181985.81763,
Sulawesi Tenggara,2006,Unknown,53.81647,38881.69176,
Sulawesi Tenggara,2007,Commodity driven deforestation,8734.52709,6176348.4758,
Sulawesi Tenggara,2007,Forestry,1107.94882,649645.08076,
Sulawesi Tenggara,2007,Shifting agriculture,107.1548,70268.66763000001,
Sulawesi Tenggara,2007,Unknown,13.87974,10298.18444,
Sulawesi Tenggara,2008,Commodity driven deforestation,7512.79543,5084776.69514,
Sulawesi Tenggara,2008,Forestry,936.56418,543509.62581,
Sulawesi Tenggara,2008,Shifting agriculture,196.15072,136934.23056,
Sulawesi Tenggara,2008,Unknown,7.442150000000001,6073.92322,
Sulawesi Tenggara,2009,Commodity driven deforestation,25323.69081,17133567.97822,
Sulawesi Tenggara,2009,Forestry,4390.30623,2631419.56247,
Sulawesi Tenggara,2009,Shifting agriculture,166.36862000000002,107134.48425,
Sulawesi Tenggara,2009,Unknown,89.77180999999999,75749.33528,
Sulawesi Tenggara,2010,Commodity driven deforestation,6968.74524,5047170.86444,
Sulawesi Tenggara,2010,Forestry,550.46554,356466.56327000004,
Sulawesi Tenggara,2010,Shifting agriculture,69.45215,50332.17061,
Sulawesi Tenggara,2010,Unknown,22.32584,15594.1561,
Sulawesi Tenggara,2011,Commodity driven deforestation,19213.92646,12725312.19381,
Sulawesi Tenggara,2011,Forestry,3088.80097,1839651.15058,
Sulawesi Tenggara,2011,Shifting agriculture,457.76386,297113.56853,
Sulawesi Tenggara,2011,Unknown,39.57194,27583.11278,
Sulawesi Tenggara,2012,Commodity driven deforestation,20104.32432,13665667.59601,
Sulawesi Tenggara,2012,Forestry,2422.17895,1463623.07933,
Sulawesi Tenggara,2012,Shifting agriculture,376.80437,256863.5147,
Sulawesi Tenggara,2012,Unknown,32.92851,25135.61845,
Sulawesi Tenggara,2013,Commodity driven deforestation,13285.93256,8761245.2167,
Sulawesi Tenggara,2013,Forestry,1811.61055,1105557.19089,
Sulawesi Tenggara,2013,Shifting agriculture,319.99002999999993,224274.15673,
Sulawesi Tenggara,2013,Unknown,21.18526,15020.73293,
Sulawesi Tenggara,2014,Commodity driven deforestation,33835.06673,21533662.05479,
Sulawesi Tenggara,2014,Forestry,5088.13173,3015689.76718,
Sulawesi Tenggara,2014,Shifting agriculture,690.9253100000001,459745.28128,
Sulawesi Tenggara,2014,Unknown,34.081300000000006,24899.38408,
Sulawesi Tenggara,2015,Commodity driven deforestation,37230.97777,24408662.23782,
Sulawesi Tenggara,2015,Forestry,5668.47248,3567933.87757,
Sulawesi Tenggara,2015,Shifting agriculture,446.52103,277436.38685,
Sulawesi Tenggara,2015,Unknown,65.15141,42405.46809,
Sulawesi Tenggara,2016,Commodity driven deforestation,32288.70566,21381428.645,
Sulawesi Tenggara,2016,Forestry,5419.25463,3461754.51311,
Sulawesi Tenggara,2016,Shifting agriculture,561.24986,332615.30523,
Sulawesi Tenggara,2016,Unknown,65.63612,50950.82784,
Sulawesi Tenggara,2017,Commodity driven deforestation,22669.87246,15331294.29028,
Sulawesi Tenggara,2017,Forestry,4066.04127,2649836.57994,
Sulawesi Tenggara,2017,Shifting agriculture,288.36078000000003,199744.38459,
Sulawesi Tenggara,2017,Unknown,46.36899,27566.24581,
Sulawesi Tenggara,2018,Commodity driven deforestation,20497.58747,13483774.33381,
Sulawesi Tenggara,2018,Forestry,3299.3803,2038245.99655,
Sulawesi Tenggara,2018,Shifting agriculture,288.54277,206570.034,
Sulawesi Tenggara,2018,Unknown,27.31582,17843.9908,
Sulawesi Tenggara,2019,Commodity driven deforestation,30254.51924,20532384.14395,
Sulawesi Tenggara,2019,Forestry,4043.15119,2483920.48122,
Sulawesi Tenggara,2019,Shifting agriculture,467.8853,331584.66505,
Sulawesi Tenggara,2019,Unknown,85.15497,60178.41033,
Sulawesi Tenggara,2020,Commodity driven deforestation,15738.45892,10900238.51632,
Sulawesi Tenggara,2020,Forestry,2588.78256,1714690.3660799998,
Sulawesi Tenggara,2020,Shifting agriculture,443.96626,326246.12802,
Sulawesi Tenggara,2020,Unknown,35.83319,23208.39804,
Sulawesi Tenggara,2021,Commodity driven deforestation,9995.45652,6945990.81527,
Sulawesi Tenggara,2021,Forestry,2042.6888,1352542.32102,
Sulawesi Tenggara,2021,Shifting agriculture,272.97795,199798.42078,
Sulawesi Tenggara,2021,Unknown,27.57188,18622.79378,
Sulawesi Tenggara,2022,Commodity driven deforestation,11016.87286,7705755.79814,
Sulawesi Tenggara,2022,Forestry,1983.59179,1313188.22064,
Sulawesi Tenggara,2022,Shifting agriculture,269.1152,193402.5466,
Sulawesi Tenggara,2022,Unknown,33.24622,25112.43123,
Sulawesi Tenggara,2023,Commodity driven deforestation,29473.53978,19499544.75281,
Sulawesi Tenggara,2023,Forestry,4084.37127,2527434.87274,
Sulawesi Tenggara,2023,Shifting agriculture,496.53411000000006,349599.24207,
Sulawesi Tenggara,2023,Unknown,5.82858,4666.99921,
Sulawesi Utara,2001,Commodity driven deforestation,3048.48376619291,2164520.540407974,
Sulawesi Utara,2001,Forestry,485.74919314872847,350189.0210813424,
Sulawesi Utara,2001,Shifting agriculture,920.6793525571121,731607.9755722453,
Sulawesi Utara,2001,Unknown,64.27288698260116,44503.88711997598,
Sulawesi Utara,2002,Commodity driven deforestation,4573.189628468319,3353808.265983916,
Sulawesi Utara,2002,Forestry,1183.5945088981064,852998.138707124,
Sulawesi Utara,2002,Shifting agriculture,1810.7983171695048,1424836.906338347,
Sulawesi Utara,2002,Unknown,114.5242965411017,76870.62361372735,
Sulawesi Utara,2003,Commodity driven deforestation,1338.6158148522527,1042053.1532682832,
Sulawesi Utara,2003,Forestry,650.5485824347049,481985.94115147885,
Sulawesi Utara,2003,Shifting agriculture,856.8383539984466,713784.4060179039,
Sulawesi Utara,2003,Unknown,63.81581844095547,46064.56201859719,
Sulawesi Utara,2004,Commodity driven deforestation,4223.615983876946,3118764.5046668476,
Sulawesi Utara,2004,Forestry,818.2728905091907,611559.1201960864,
Sulawesi Utara,2004,Shifting agriculture,1694.0511427137703,1337502.1479999456,
Sulawesi Utara,2004,Unknown,105.5572167289153,62062.65254896878,
Sulawesi Utara,2005,Commodity driven deforestation,2123.051846581521,1586449.7208335393,
Sulawesi Utara,2005,Forestry,499.21935747638383,372841.2486609968,
Sulawesi Utara,2005,Shifting agriculture,756.7576927481506,595805.9601154466,
Sulawesi Utara,2005,Unknown,94.96297511428858,56740.16535556884,
Sulawesi Utara,2006,Commodity driven deforestation,3336.394960229125,2392315.375766156,
Sulawesi Utara,2006,Forestry,498.74198703758367,373891.2807820382,
Sulawesi Utara,2006,Shifting agriculture,946.5896138658627,752187.967905203,
Sulawesi Utara,2006,Unknown,112.13869475659294,74399.19198410779,
Sulawesi Utara,2007,Commodity driven deforestation,2873.3511868081264,2106933.6884837016,
Sulawesi Utara,2007,Forestry,551.2360030340527,407824.8032061425,
Sulawesi Utara,2007,Shifting agriculture,747.7821724318526,585617.0684024161,
Sulawesi Utara,2007,Unknown,105.95871487698372,62727.59920951664,
Sulawesi Utara,2008,Commodity driven deforestation,1203.3046307930717,861236.4769217013,
Sulawesi Utara,2008,Forestry,134.29923388391197,106889.44519037788,
Sulawesi Utara,2008,Shifting agriculture,256.69333243099214,198634.3756614176,
Sulawesi Utara,2008,Unknown,13.691643305822602,8819.349725403197,
Sulawesi Utara,2009,Commodity driven deforestation,5624.75879363193,4030779.662425231,
Sulawesi Utara,2009,Forestry,469.35909450131567,366639.77190417214,
Sulawesi Utara,2009,Shifting agriculture,824.0688859546984,650737.8171978305,
Sulawesi Utara,2009,Unknown,81.14674694053308,48367.864478123025,
Sulawesi Utara,2010,Commodity driven deforestation,1502.2090339074866,1085737.05910466,
Sulawesi Utara,2010,Forestry,191.08599457634764,145403.787782691,
Sulawesi Utara,2010,Shifting agriculture,291.48029510600406,219902.883140057,
Sulawesi Utara,2010,Unknown,52.985099442071196,35488.483291863646,
Sulawesi Utara,2011,Commodity driven deforestation,2164.9888006939454,1557767.0959432195,
Sulawesi Utara,2011,Forestry,375.28882485768065,287080.47112621344,
Sulawesi Utara,2011,Shifting agriculture,488.3851282506291,351534.41563048033,
Sulawesi Utara,2011,Unknown,87.47781514893781,57628.1834636924,
Sulawesi Utara,2012,Commodity driven deforestation,1899.9147422242859,1341035.8187795638,
Sulawesi Utara,2012,Forestry,178.0397388829099,143434.45523845573,
Sulawesi Utara,2012,Shifting agriculture,284.28014425478847,223338.5752833276,
Sulawesi Utara,2012,Unknown,307.7413916135147,148071.10426804397,
Sulawesi Utara,2013,Commodity driven deforestation,1259.1075249791659,890820.3095631349,
Sulawesi Utara,2013,Forestry,90.50790798860338,66672.67384150521,
Sulawesi Utara,2013,Shifting agriculture,304.8016431993968,224226.8027290756,
Sulawesi Utara,2013,Unknown,61.27310519873852,30015.76862919863,
Sulawesi Utara,2014,Commodity driven deforestation,5041.171908156043,3542383.294018427,
Sulawesi Utara,2014,Forestry,497.50500894872664,357851.8365163785,
Sulawesi Utara,2014,Shifting agriculture,1166.76675919422,860522.1970707992,
Sulawesi Utara,2014,Unknown,169.78884120944957,106518.0865925467,
Sulawesi Utara,2015,Commodity driven deforestation,8565.078349485992,6435061.017714117,
Sulawesi Utara,2015,Forestry,1593.5512968589685,1046655.5529109606,
Sulawesi Utara,2015,Shifting agriculture,2464.065474751437,1984543.789887212,
Sulawesi Utara,2015,Unknown,2974.5388470428948,1431230.2838297451,
Sulawesi Utara,2016,Commodity driven deforestation,4670.301873099557,3351263.3610911258,
Sulawesi Utara,2016,Forestry,642.7802697905847,483572.52511066536,
Sulawesi Utara,2016,Shifting agriculture,1340.6941438565943,1023814.0100477628,
Sulawesi Utara,2016,Unknown,2127.631479064343,1017509.3106250577,
Sulawesi Utara,2017,Commodity driven deforestation,4067.7344915694293,2939193.364389616,
Sulawesi Utara,2017,Forestry,511.40812068947935,388453.14971209585,
Sulawesi Utara,2017,Shifting agriculture,1063.3550084011472,796055.4077131007,
Sulawesi Utara,2017,Unknown,133.41471086239636,79358.22657617702,
Sulawesi Utara,2018,Commodity driven deforestation,5796.306578955157,4206846.706204224,
Sulawesi Utara,2018,Forestry,447.90429402038694,337420.69941616216,
Sulawesi Utara,2018,Shifting agriculture,1097.152981865214,818696.5221458484,
Sulawesi Utara,2018,Unknown,114.06051796089588,74352.41109717062,
Sulawesi Utara,2019,Commodity driven deforestation,7253.330091425722,5285478.41426268,
Sulawesi Utara,2019,Forestry,458.1419048683056,348327.01030591846,
Sulawesi Utara,2019,Shifting agriculture,942.5215835967507,713009.2738605255,
Sulawesi Utara,2019,Unknown,267.1918557981795,147529.4717562505,
Sulawesi Utara,2020,Commodity driven deforestation,2121.53998715915,1569029.7074431684,
Sulawesi Utara,2020,Forestry,303.0689817103443,216337.62100867103,
Sulawesi Utara,2020,Shifting agriculture,610.7384027033327,420936.22225208685,
Sulawesi Utara,2020,Unknown,88.5647761489322,42452.15917061235,
Sulawesi Utara,2021,Commodity driven deforestation,2094.5861298209493,1607696.1798504607,
Sulawesi Utara,2021,Forestry,230.918366284234,191809.15849953215,
Sulawesi Utara,2021,Shifting agriculture,411.3113617776861,310759.65901683655,
Sulawesi Utara,2021,Unknown,86.9916202280226,58995.03225858315,
Sulawesi Utara,2022,Commodity driven deforestation,2081.439588898883,1598909.3566184475,
Sulawesi Utara,2022,Forestry,217.20963951910073,190356.4910306772,
Sulawesi Utara,2022,Shifting agriculture,349.9176517287253,261402.7379735777,
Sulawesi Utara,2022,Unknown,82.06303489478893,49940.55205024921,
Sulawesi Utara,2023,Commodity driven deforestation,4983.8467327412445,3892622.9490219355,
Sulawesi Utara,2023,Forestry,235.56109576265325,197597.96965833,
Sulawesi Utara,2023,Shifting agriculture,474.9984925302636,351029.6793407257,
Sulawesi Utara,2023,Unknown,97.906690671719,62338.10363015183,
Sulawesi Utara,2024,Commodity driven deforestation,2076.8635845325352,1605655.178265718,
Sulawesi Utara,2024,Forestry,187.03005745847744,149242.26844399056,
Sulawesi Utara,2024,Shifting agriculture,433.5631324884059,332398.18390209443,
Sulawesi Utara,2024,Unknown,775.9392692036135,553481.964920831,
Sulawesi Utara,2025,Commodity driven deforestation,2063.865078650975,1650453.7169332125,
Sulawesi Utara,2025,Forestry,199.03685350532476,168902.80185422036,
Sulawesi Utara,2025,Shifting agriculture,434.83789717925106,325641.38140299654,
Sulawesi Utara,2025,Unknown,70.22659563846774,51194.04172299156,
