provinsi,kabupaten,tahun,jumlah_penduduk_rb,kepadatan_per_km2,laju_pertumbuhan_sumber_pct,laju_pertumbuhan_yoy_pct,anomali_pertumbuhan_flag,is_smelter,iup_kumulatif,pct_miskin,dbd_kasus,dbd_meninggal,pmdn_nilai_juta_rp
Gorontalo,Boalemo,2018,,94.0,2.83,,False,False,1.0,20.33,0,0,2666.8
Gorontalo,Boalemo,2019,,110.0,2.74,,False,False,1.0,18.87,176,0,844.4
Gorontalo,Boalemo,2020,,96.0,1.18,,False,False,1.0,18.57,163,0,683.6
Gorontalo,Boalemo,2021,,97.0,1.07,,False,False,2.0,19.0,41,0,1004.3
Gorontalo,Boalemo,2022,148.5,81.0,1.04,,False,False,3.0,18.74,120,2,1113.5
Gorontalo,Boalemo,2023,151.3,83.0,1.23,1.89,False,False,4.0,18.38,152,0,3960.1
Gorontalo,Boalemo,2024,153.3,84.0,1.25,1.32,False,False,7.0,17.83,435,0,
Gorontalo,Bone Bolango,2018,159.2,84.0,1.39,12.19,False,False,1.0,17.4,0,0,2666.8
Gorontalo,Bone Bolango,2019,161.236,81.0,1.28,1.28,False,False,1.0,16.12,225,3,844.4
Gorontalo,Bone Bolango,2020,162.8,82.0,1.34,0.97,False,False,1.0,15.81,180,0,683.6
Gorontalo,Bone Bolango,2021,164.3,83.0,1.23,0.92,False,False,2.0,16.3,144,4,1004.3
Gorontalo,Bone Bolango,2022,166.2,88.0,1.2,1.16,False,False,3.0,16.05,89,2,1113.5
Gorontalo,Bone Bolango,2023,168.6,89.0,1.17,1.44,False,False,4.0,15.51,142,0,3960.1
Gorontalo,Bone Bolango,2024,170.7,90.0,1.19,1.25,False,False,7.0,14.8,664,8,
Gorontalo,Gorontalo Utara,2018,114.0,53.0,1.08,9.51,False,False,1.0,18.54,0,0,2666.8
Gorontalo,Gorontalo Utara,2019,115.072,69.0,0.91,0.94,False,False,1.0,16.95,0,0,844.4
Gorontalo,Gorontalo Utara,2020,125.0,75.0,1.78,8.63,False,False,1.0,16.88,0,0,683.6
Gorontalo,Gorontalo Utara,2021,126.5,75.0,1.67,1.2,False,False,2.0,17.23,0,0,1004.3
Gorontalo,Gorontalo Utara,2022,128.6,75.0,1.64,1.66,False,False,3.0,17.24,0,0,1113.5
Gorontalo,Gorontalo Utara,2023,130.7,77.0,1.51,1.63,False,False,4.0,17.03,0,0,3960.1
Gorontalo,Gorontalo Utara,2024,132.8,78.0,1.53,1.61,False,False,7.0,16.86,0,0,
Gorontalo,Kota Gorontalo,2018,,3261.0,2.18,,False,False,1.0,5.57,0,0,2666.8
Gorontalo,Kota Gorontalo,2019,,2757.0,2.01,,False,False,1.0,5.45,0,0,844.4
Gorontalo,Kota Gorontalo,2020,,2495.0,0.95,,False,False,1.0,5.59,0,0,683.6
Gorontalo,Kota Gorontalo,2021,,2510.0,0.84,,False,False,2.0,5.93,0,0,1004.3
Gorontalo,Kota Gorontalo,2022,201.4,2839.0,0.81,,False,False,3.0,5.73,0,0,1113.5
Gorontalo,Kota Gorontalo,2023,205.4,2896.0,1.14,1.99,False,False,4.0,5.64,0,0,3960.1
Gorontalo,Kota Gorontalo,2024,207.8,2930.0,1.15,1.17,False,False,7.0,5.74,0,0,
Gorontalo,Pohuwato,2018,,35.0,2.48,,False,False,1.0,19.4,0,0,2666.8
Gorontalo,Pohuwato,2019,,38.0,2.43,,False,False,1.0,18.16,309,6,844.4
Gorontalo,Pohuwato,2020,,35.0,1.25,,False,False,1.0,17.62,87,0,683.6
Gorontalo,Pohuwato,2021,,35.0,1.15,,False,False,2.0,18.08,136,0,1004.3
Gorontalo,Pohuwato,2022,149.3,34.0,1.11,,False,False,3.0,17.87,169,15,1113.5
Gorontalo,Pohuwato,2023,151.9,35.0,1.22,1.74,False,False,4.0,17.64,155,0,3960.1
Gorontalo,Pohuwato,2024,153.8,35.0,1.23,1.25,False,False,7.0,17.11,391,0,
Sulawesi Barat,Majene,2017,169.1,178.0,1.6,11.91,False,False,0.0,13.94,0,0,660.2
Sulawesi Barat,Majene,2018,171.3,181.0,1.3,1.3,False,False,0.0,13.79,0,0,3144.2
Sulawesi Barat,Majene,2019,173.9,183.0,1.56,1.52,False,False,0.0,13.72,0,0,1187.2
Sulawesi Barat,Majene,2020,174.4,184.0,1.4,0.29,False,False,0.0,13.73,0,0,252.9
Sulawesi Barat,Majene,2021,175.8,185.0,0.79,0.8,False,False,2.0,14.34,0,0,395.3
Sulawesi Barat,Majene,2022,177.4,197.0,0.97,0.91,False,False,5.0,15.13,0,0,1313.3
Sulawesi Barat,Majene,2023,181.4,201.0,1.42,2.25,False,False,11.0,14.54,0,0,2011.1
Sulawesi Barat,Majene,2024,183.9,204.0,1.41,1.38,False,False,27.0,13.64,0,0,
Sulawesi Barat,Mamasa,2017,157.0,54.0,1.62,12.06,False,False,0.0,13.51,0,0,660.2
Sulawesi Barat,Mamasa,2018,159.2,53.0,1.42,1.4,False,False,0.0,13.38,0,0,3144.2
Sulawesi Barat,Mamasa,2019,162.0,54.0,1.61,1.76,False,False,0.0,13.42,0,0,1187.2
Sulawesi Barat,Mamasa,2020,163.4,56.0,1.5,0.86,False,False,0.0,13.38,0,0,252.9
Sulawesi Barat,Mamasa,2021,164.8,55.0,0.87,0.86,False,False,2.0,13.77,0,0,395.3
Sulawesi Barat,Mamasa,2022,166.5,55.0,1.08,1.03,False,False,5.0,14.51,0,0,1313.3
Sulawesi Barat,Mamasa,2023,170.4,56.0,1.53,2.34,False,False,11.0,14.31,0,0,2011.1
Sulawesi Barat,Mamasa,2024,172.9,57.0,1.52,1.47,False,False,27.0,14.2,0,0,
Sulawesi Barat,Mamuju,2017,,56.0,2.7,,False,False,0.0,6.88,0,0,660.2
Sulawesi Barat,Mamuju,2018,,57.0,2.5,,False,False,0.0,7.18,0,0,3144.2
Sulawesi Barat,Mamuju,2019,,59.0,2.65,,False,False,0.0,7.06,0,0,1187.2
Sulawesi Barat,Mamuju,2020,,56.0,1.82,,False,False,0.0,6.92,0,0,252.9
Sulawesi Barat,Mamuju,2021,,56.0,1.11,,False,False,2.0,7.46,0,0,395.3
Sulawesi Barat,Mamuju,2022,285.6,58.0,1.4,,False,False,5.0,7.63,0,0,1313.3
Sulawesi Barat,Mamuju,2023,292.4,59.0,1.69,2.38,False,False,11.0,7.57,0,0,2011.1
Sulawesi Barat,Mamuju,2024,297.1,60.0,1.67,1.61,False,False,27.0,7.15,0,0,
Sulawesi Barat,Mamuju Tengah,2017,,42.0,2.7,,False,False,0.0,6.95,0,0,660.2
Sulawesi Barat,Mamuju Tengah,2018,,43.0,2.53,,False,False,0.0,7.14,0,0,3144.2
Sulawesi Barat,Mamuju Tengah,2019,,44.0,2.65,,False,False,0.0,6.87,0,0,1187.2
Sulawesi Barat,Mamuju Tengah,2020,,45.0,2.42,,False,False,0.0,6.79,0,0,252.9
Sulawesi Barat,Mamuju Tengah,2021,,46.0,1.55,,False,False,2.0,7.13,0,0,395.3
Sulawesi Barat,Mamuju Tengah,2022,140.0,51.0,1.99,,False,False,5.0,7.17,0,0,1313.3
Sulawesi Barat,Mamuju Tengah,2023,142.5,52.0,1.92,1.79,False,False,11.0,7.32,0,0,2011.1
Sulawesi Barat,Mamuju Tengah,2024,145.1,53.0,1.91,1.82,False,False,27.0,7.72,0,0,
Sulawesi Barat,Pasangkayu,2017,,54.0,2.96,,False,False,0.0,,0,0,660.2
Sulawesi Barat,Pasangkayu,2018,,56.0,3.01,,False,False,0.0,,0,0,3144.2
Sulawesi Barat,Pasangkayu,2019,,57.0,2.92,,False,False,0.0,,0,0,1187.2
Sulawesi Barat,Pasangkayu,2020,,62.0,3.35,,False,False,0.0,,0,0,252.9
Sulawesi Barat,Pasangkayu,2021,,63.0,2.24,,False,False,2.0,,0,0,395.3
Sulawesi Barat,Pasangkayu,2022,198.6,68.0,2.92,,False,False,5.0,,0,0,1313.3
Sulawesi Barat,Pasangkayu,2023,199.1,69.0,1.95,0.25,False,False,11.0,,0,0,2011.1
Sulawesi Barat,Pasangkayu,2024,202.9,70.0,1.93,1.91,False,False,27.0,,0,0,
Sulawesi Barat,Polewali Mandar,2017,432.7,214.0,1.25,9.24,False,False,0.0,16.05,0,0,660.2
Sulawesi Barat,Polewali Mandar,2018,437.7,246.0,1.15,1.16,False,False,0.0,15.97,0,0,3144.2
Sulawesi Barat,Polewali Mandar,2019,442.6,249.0,1.23,1.12,False,False,0.0,15.6,0,0,1187.2
Sulawesi Barat,Polewali Mandar,2020,478.5,237.0,1.85,8.11,True,False,0.0,15.26,0,0,252.9
Sulawesi Barat,Polewali Mandar,2021,483.9,273.0,1.13,1.13,False,False,2.0,15.68,0,0,395.3
Sulawesi Barat,Polewali Mandar,2022,490.5,236.0,1.42,1.36,False,False,5.0,16.39,0,0,1313.3
Sulawesi Barat,Polewali Mandar,2023,495.4,239.0,1.24,1.0,False,False,11.0,16.08,0,0,2011.1
Sulawesi Barat,Polewali Mandar,2024,501.3,242.0,1.23,1.19,False,False,27.0,15.66,0,0,
Sulawesi Selatan,Bantaeng,2016,184.5,2.0,93.15,4.06,False,False,1.0,9.51,787,0,3334.6
Sulawesi Selatan,Bantaeng,2017,185.6,469.0,0.6,0.6,False,False,6.0,9.66,61,64,1969.4
Sulawesi Selatan,Bantaeng,2018,186.612,471.0,0.56,0.55,False,False,11.0,9.23,197,0,3275.9
Sulawesi Selatan,Bantaeng,2019,187.6,474.0,0.63,0.53,False,False,14.0,9.03,0,0,5672.6
Sulawesi Selatan,Bantaeng,2020,196.7,497.0,1.04,4.85,False,False,14.0,8.95,0,0,9142.0
Sulawesi Selatan,Bantaeng,2021,197.9,500.0,0.45,0.61,False,False,22.0,9.41,0,0,12075.4
Sulawesi Selatan,Bantaeng,2023,203.1,520.0,1.18,2.63,False,False,51.0,9.18,0,0,11468.3
Sulawesi Selatan,Bantaeng,2024,205.4,525.0,1.16,1.13,False,False,105.0,8.26,0,0,
Sulawesi Selatan,Barru,2016,171.9,2.0,92.53,3.24,False,False,1.0,9.45,22,0,3334.6
Sulawesi Selatan,Barru,2017,172.8,147.0,0.45,0.52,False,False,6.0,9.71,3,0,1969.4
Sulawesi Selatan,Barru,2018,173.623,148.0,0.5,0.48,False,False,11.0,9.04,18,0,3275.9
Sulawesi Selatan,Barru,2019,174.3,148.0,0.51,0.39,False,False,14.0,8.57,0,0,5672.6
Sulawesi Selatan,Barru,2020,184.5,157.0,1.03,5.85,False,False,14.0,8.26,0,0,9142.0
Sulawesi Selatan,Barru,2021,185.5,158.0,0.44,0.54,False,False,22.0,8.68,0,0,12075.4
Sulawesi Selatan,Barru,2023,188.0,156.0,0.69,1.35,False,False,51.0,8.46,0,0,11468.3
Sulawesi Selatan,Barru,2024,189.2,157.0,0.68,0.64,False,False,105.0,8.31,0,0,
Sulawesi Selatan,Bone,2016,747.0,9.0,91.39,3.75,False,False,1.0,10.07,3,0,3334.6
Sulawesi Selatan,Bone,2017,751.0,165.0,0.54,0.54,False,False,6.0,10.28,2,1,1969.4
Sulawesi Selatan,Bone,2018,754.894,166.0,0.52,0.52,False,False,11.0,10.55,64,2,3275.9
Sulawesi Selatan,Bone,2019,758.6,166.0,0.58,0.49,False,False,14.0,10.06,0,0,5672.6
Sulawesi Selatan,Bone,2020,801.8,176.0,1.08,5.69,False,False,14.0,10.68,0,0,9142.0
Sulawesi Selatan,Bone,2021,806.8,177.0,0.47,0.62,False,False,22.0,10.52,0,0,12075.4
Sulawesi Selatan,Bone,2023,823.1,180.0,0.96,2.02,False,False,51.0,10.53,0,0,11468.3
Sulawesi Selatan,Bone,2024,830.1,182.0,0.93,0.85,False,False,105.0,9.58,0,0,
Sulawesi Selatan,Bulukumba,2016,413.2,5.0,89.55,4.4,False,False,1.0,8.06,20,0,3334.6
Sulawesi Selatan,Bulukumba,2017,415.7,360.0,0.63,0.61,False,False,6.0,7.97,4,0,1969.4
Sulawesi Selatan,Bulukumba,2018,418.326,362.0,0.63,0.63,False,False,11.0,7.48,110,0,3275.9
Sulawesi Selatan,Bulukumba,2019,420.6,364.0,0.68,0.54,False,False,14.0,7.26,0,0,5672.6
Sulawesi Selatan,Bulukumba,2020,437.6,379.0,1.01,4.04,False,False,14.0,7.1,0,0,9142.0
Sulawesi Selatan,Bulukumba,2021,440.1,343.0,0.43,0.57,False,False,22.0,7.43,0,0,12075.4
Sulawesi Selatan,Bulukumba,2023,450.3,383.0,1.05,2.32,False,False,51.0,7.22,0,0,11468.3
Sulawesi Selatan,Bulukumba,2024,454.7,387.0,1.03,0.98,False,False,105.0,6.71,0,0,
Sulawesi Selatan,Enrekang,2016,201.6,2.0,100.78,5.61,False,False,1.0,13.41,35,0,3334.6
Sulawesi Selatan,Enrekang,2017,203.3,114.0,0.83,0.84,False,False,6.0,13.16,32,0,1969.4
Sulawesi Selatan,Enrekang,2018,204.827,115.0,0.74,0.75,False,False,11.0,12.49,81,0,3275.9
Sulawesi Selatan,Enrekang,2019,206.4,116.0,0.87,0.77,False,False,14.0,12.33,0,0,5672.6
Sulawesi Selatan,Enrekang,2020,225.2,126.0,1.64,9.11,True,False,14.0,12.17,0,0,9142.0
Sulawesi Selatan,Enrekang,2021,227.5,127.0,0.78,1.02,False,False,22.0,12.47,0,0,12075.4
Sulawesi Selatan,Enrekang,2023,234.6,130.0,1.5,3.12,False,False,51.0,12.69,0,0,11468.3
Sulawesi Selatan,Enrekang,2024,238.1,132.0,1.5,1.49,False,False,105.0,11.25,0,0,
Sulawesi Selatan,Gowa,2016,735.5,9.0,96.82,12.29,True,False,1.0,8.4,628,0,3334.6
Sulawesi Selatan,Gowa,2017,748.2,397.0,1.75,1.73,True,False,6.0,8.42,5,0,1969.4
Sulawesi Selatan,Gowa,2018,760.607,404.0,1.66,1.66,True,False,11.0,7.83,147,0,3275.9
Sulawesi Selatan,Gowa,2019,772.7,410.0,1.85,1.59,True,False,14.0,7.53,0,0,5672.6
Sulawesi Selatan,Gowa,2020,765.8,407.0,1.56,-0.89,False,False,14.0,7.38,0,0,9142.0
Sulawesi Selatan,Gowa,2021,773.3,411.0,0.73,0.98,False,False,22.0,7.54,0,0,12075.4
Sulawesi Selatan,Gowa,2023,801.1,442.0,1.65,3.59,False,False,51.0,7.42,0,0,11468.3
Sulawesi Selatan,Gowa,2024,814.0,449.0,1.64,1.61,False,False,105.0,6.85,0,0,
Sulawesi Selatan,Jeneponto,2016,357.8,4.0,93.5,4.07,False,False,1.0,15.49,6,0,3334.6
Sulawesi Selatan,Jeneponto,2017,359.8,398.0,0.59,0.56,False,False,6.0,15.4,1,0,1969.4
Sulawesi Selatan,Jeneponto,2018,361.793,401.0,0.56,0.55,False,False,11.0,15.48,84,0,3275.9
Sulawesi Selatan,Jeneponto,2019,363.8,403.0,0.63,0.55,False,False,14.0,14.88,0,0,5672.6
Sulawesi Selatan,Jeneponto,2020,401.6,445.0,1.55,10.39,True,False,14.0,14.58,0,0,9142.0
Sulawesi Selatan,Jeneponto,2021,405.5,574.0,0.73,0.97,False,False,22.0,14.28,0,0,12075.4
Sulawesi Selatan,Jeneponto,2023,414.5,521.0,1.15,2.22,False,False,51.0,13.06,0,0,11468.3
Sulawesi Selatan,Jeneponto,2024,419.0,526.0,1.13,1.09,False,False,105.0,11.82,0,0,
Sulawesi Selatan,Kepulauan Selayar,2016,131.6,2.0,92.65,7.52,False,False,1.0,13.11,0,0,3334.6
Sulawesi Selatan,Kepulauan Selayar,2017,133.0,147.0,1.07,1.06,False,False,6.0,13.28,0,0,1969.4
Sulawesi Selatan,Kepulauan Selayar,2018,134.28,149.0,0.96,0.96,False,False,11.0,13.13,0,0,3275.9
Sulawesi Selatan,Kepulauan Selayar,2019,135.6,150.0,1.15,0.98,False,False,14.0,12.83,0,0,5672.6
Sulawesi Selatan,Kepulauan Selayar,2020,137.1,152.0,1.13,1.11,False,False,14.0,12.48,0,0,9142.0
Sulawesi Selatan,Kepulauan Selayar,2021,138.0,102.0,0.49,0.66,False,False,22.0,12.45,0,0,12075.4
Sulawesi Selatan,Kepulauan Selayar,2023,141.2,122.0,1.08,2.32,False,False,51.0,12.27,0,0,11468.3
Sulawesi Selatan,Kepulauan Selayar,2024,142.7,123.0,1.08,1.06,False,False,105.0,10.79,0,0,
Sulawesi Selatan,Kota Makassar,2016,1469.6,17.0,97.98,9.44,False,False,1.0,4.56,0,0,3334.6
Sulawesi Selatan,Kota Makassar,2017,1489.0,8471.0,1.36,1.32,False,False,6.0,4.59,0,0,1969.4
Sulawesi Selatan,Kota Makassar,2019,1526.7,8686.0,1.44,2.53,True,False,14.0,4.28,0,0,5672.6
Sulawesi Selatan,Kota Makassar,2020,1423.9,8101.0,0.6,-6.73,False,False,14.0,4.54,0,0,9142.0
Sulawesi Selatan,Kota Makassar,2021,1427.6,7161.0,0.2,0.26,False,False,22.0,4.82,0,0,12075.4
Sulawesi Selatan,Kota Makassar,2023,1455.0,8227.0,0.79,1.92,False,False,51.0,5.07,0,0,11468.3
Sulawesi Selatan,Kota Makassar,2024,1464.6,8282.0,0.76,0.66,False,False,105.0,4.97,0,0,
Sulawesi Selatan,Kota Palopo,2016,,2.0,94.89,,False,False,1.0,8.74,0,0,3334.6
Sulawesi Selatan,Kota Palopo,2017,,715.0,2.34,,False,False,6.0,8.78,0,0,1969.4
Sulawesi Selatan,Kota Palopo,2018,,1447.0,1.14,,False,False,11.0,7.94,0,0,3275.9
Sulawesi Selatan,Kota Palopo,2019,,746.0,2.46,,False,False,14.0,7.82,0,0,5672.6
Sulawesi Selatan,Kota Palopo,2020,,746.0,2.17,,False,False,14.0,7.85,0,0,9142.0
Sulawesi Selatan,Kota Palopo,2021,,740.0,1.07,,False,False,22.0,8.14,0,0,12075.4
Sulawesi Selatan,Kota Palopo,2023,192.8,705.0,1.57,,False,False,51.0,7.69,0,0,11468.3
Sulawesi Selatan,Kota Palopo,2024,195.7,716.0,1.55,1.5,False,False,105.0,7.35,0,0,
Sulawesi Selatan,Kota Parepare,2016,140.4,2.0,96.67,8.25,False,False,1.0,5.73,0,0,3334.6
Sulawesi Selatan,Kota Parepare,2017,142.1,1431.0,1.22,1.21,False,False,6.0,5.7,0,0,1969.4
Sulawesi Selatan,Kota Parepare,2018,143.65,8580.0,1.29,1.09,False,False,11.0,5.59,0,0,3275.9
Sulawesi Selatan,Kota Parepare,2019,145.2,1462.0,1.26,1.08,False,False,14.0,5.26,0,0,5672.6
Sulawesi Selatan,Kota Parepare,2020,151.5,1525.0,1.55,4.34,False,False,14.0,5.44,0,0,9142.0
Sulawesi Selatan,Kota Parepare,2021,152.9,1540.0,0.73,0.92,False,False,22.0,5.4,0,0,12075.4
Sulawesi Selatan,Kota Parepare,2023,158.4,1767.0,1.65,3.6,False,False,51.0,5.34,0,0,11468.3
Sulawesi Selatan,Kota Parepare,2024,160.9,1795.0,1.63,1.58,False,False,105.0,5.27,0,0,
Sulawesi Selatan,Luwu,2016,353.3,4.0,96.48,5.94,False,False,1.0,14.35,2,0,3334.6
Sulawesi Selatan,Luwu,2017,356.3,119.0,0.87,0.85,False,False,6.0,14.01,1,0,1969.4
Sulawesi Selatan,Luwu,2018,359.209,120.0,0.82,0.82,False,False,11.0,13.36,1,0,3275.9
Sulawesi Selatan,Luwu,2019,362.0,121.0,0.92,0.78,False,False,14.0,12.78,0,0,5672.6
Sulawesi Selatan,Luwu,2020,365.6,122.0,0.92,0.99,False,False,14.0,12.65,0,0,9142.0
Sulawesi Selatan,Luwu,2021,367.5,110.0,0.38,0.52,False,False,22.0,12.53,0,0,12075.4
Sulawesi Selatan,Luwu,2023,379.3,131.0,1.35,3.21,False,False,51.0,12.71,0,0,11468.3
Sulawesi Selatan,Luwu,2024,384.3,132.0,1.34,1.32,False,False,105.0,11.7,0,0,
Sulawesi Selatan,Luwu Timur,2016,281.8,3.0,105.84,15.59,True,True,1.0,7.52,0,0,3334.6
Sulawesi Selatan,Luwu Timur,2017,287.9,41.0,2.2,2.16,True,True,6.0,7.66,0,0,1969.4
Sulawesi Selatan,Luwu Timur,2018,293.822,42.0,2.07,2.06,True,True,11.0,7.23,0,0,3275.9
Sulawesi Selatan,Luwu Timur,2019,299.7,43.0,2.32,2.0,True,True,14.0,6.98,0,0,5672.6
Sulawesi Selatan,Luwu Timur,2020,296.7,43.0,1.95,-1.0,False,True,14.0,6.85,0,0,9142.0
Sulawesi Selatan,Luwu Timur,2021,300.5,43.0,0.95,1.28,False,True,22.0,6.94,0,0,12075.4
Sulawesi Selatan,Luwu Timur,2023,308.5,46.0,1.43,2.66,False,True,51.0,6.93,0,0,11468.3
Sulawesi Selatan,Luwu Timur,2024,312.7,46.0,1.41,1.36,False,True,105.0,6.55,0,0,
Sulawesi Selatan,Luwu Utara,2016,305.4,4.0,100.8,5.89,False,False,1.0,14.36,0,0,3334.6
Sulawesi Selatan,Luwu Utara,2017,308.0,41.0,0.87,0.85,False,False,6.0,14.33,0,0,1969.4
Sulawesi Selatan,Luwu Utara,2018,310.47,41.0,0.8,0.8,False,False,11.0,13.69,0,0,3275.9
Sulawesi Selatan,Luwu Utara,2019,312.9,42.0,0.91,0.78,False,False,14.0,13.6,0,0,5672.6
Sulawesi Selatan,Luwu Utara,2020,322.9,43.0,1.13,3.2,False,False,14.0,13.41,0,0,9142.0
Sulawesi Selatan,Luwu Utara,2021,325.1,43.0,0.49,0.68,False,False,22.0,13.59,0,0,12075.4
Sulawesi Selatan,Luwu Utara,2023,333.8,45.0,1.21,2.68,False,False,51.0,12.66,0,0,11468.3
Sulawesi Selatan,Luwu Utara,2024,337.7,45.0,1.2,1.17,False,False,105.0,11.24,0,0,
Sulawesi Selatan,Maros,2016,342.9,4.0,95.75,7.12,False,False,1.0,11.41,301,0,3334.6
Sulawesi Selatan,Maros,2017,346.4,214.0,1.04,1.02,False,False,6.0,11.14,10,0,1969.4
Sulawesi Selatan,Maros,2018,349.822,216.0,0.99,0.99,False,False,11.0,10.31,253,2,3275.9
Sulawesi Selatan,Maros,2019,353.1,218.0,1.1,0.94,False,False,14.0,9.89,0,0,5672.6
Sulawesi Selatan,Maros,2020,391.8,242.0,2.01,10.96,True,False,14.0,9.74,0,0,9142.0
Sulawesi Selatan,Maros,2021,396.9,245.0,0.98,1.3,False,False,22.0,9.57,0,0,12075.4
Sulawesi Selatan,Maros,2023,407.9,283.0,1.48,2.77,False,False,51.0,9.65,0,0,11468.3
Sulawesi Selatan,Maros,2024,413.6,287.0,1.46,1.4,False,False,105.0,9.32,0,0,
Sulawesi Selatan,Pangkajene Dan Kepulauan,2016,326.7,4.0,93.63,6.52,False,False,1.0,16.22,0,0,3334.6
Sulawesi Selatan,Pangkajene Dan Kepulauan,2017,329.8,296.0,0.95,0.95,False,False,6.0,16.22,0,0,1969.4
Sulawesi Selatan,Pangkajene Dan Kepulauan,2018,332.674,299.0,0.87,0.87,False,False,11.0,15.1,0,0,3275.9
Sulawesi Selatan,Pangkajene Dan Kepulauan,2019,335.5,302.0,1.0,0.85,False,False,14.0,14.06,0,0,5672.6
Sulawesi Selatan,Pangkajene Dan Kepulauan,2020,345.8,311.0,1.2,3.07,False,False,14.0,13.96,0,0,9142.0
Sulawesi Selatan,Pangkajene Dan Kepulauan,2021,348.2,308.0,0.53,0.69,False,False,22.0,14.28,0,0,12075.4
Sulawesi Selatan,Pangkajene Dan Kepulauan,2023,355.6,400.0,1.03,2.13,False,False,51.0,13.4,0,0,11468.3
Sulawesi Selatan,Pangkajene Dan Kepulauan,2024,359.2,404.0,1.02,1.01,False,False,105.0,12.41,0,0,
Sulawesi Selatan,Pinrang,2016,369.6,4.0,94.24,4.94,False,False,1.0,8.48,1,0,3334.6
Sulawesi Selatan,Pinrang,2017,372.2,190.0,0.74,0.7,False,False,6.0,8.46,6,0,1969.4
Sulawesi Selatan,Pinrang,2018,374.583,191.0,0.63,0.64,False,False,11.0,8.81,1,0,3275.9
Sulawesi Selatan,Pinrang,2019,377.1,192.0,0.76,0.67,False,False,14.0,8.46,0,0,5672.6
Sulawesi Selatan,Pinrang,2020,404.0,206.0,1.37,7.13,False,False,14.0,8.86,0,0,9142.0
Sulawesi Selatan,Pinrang,2021,407.4,208.0,0.63,0.84,False,False,22.0,8.81,0,0,12075.4
Sulawesi Selatan,Pinrang,2023,419.3,221.0,1.36,2.92,False,False,51.0,8.9,0,0,11468.3
Sulawesi Selatan,Pinrang,2024,424.7,224.0,1.34,1.29,False,False,105.0,8.55,0,0,
Sulawesi Selatan,Sidenreng Rappang,2016,293.0,3.0,95.7,7.4,False,False,1.0,5.45,0,0,3334.6
Sulawesi Selatan,Sidenreng Rappang,2017,296.1,157.0,1.09,1.06,False,False,6.0,5.32,0,0,1969.4
Sulawesi Selatan,Sidenreng Rappang,2018,299.123,159.0,1.01,1.02,False,False,11.0,5.16,0,0,3275.9
Sulawesi Selatan,Sidenreng Rappang,2019,302.0,160.0,1.13,0.96,False,False,14.0,4.79,0,0,5672.6
Sulawesi Selatan,Sidenreng Rappang,2020,320.0,170.0,1.59,5.96,False,False,14.0,5.05,0,0,9142.0
Sulawesi Selatan,Sidenreng Rappang,2021,323.2,172.0,0.75,1.0,False,False,22.0,5.04,0,0,12075.4
Sulawesi Selatan,Sidenreng Rappang,2023,327.9,179.0,0.89,1.45,False,False,51.0,5.14,0,0,11468.3
Sulawesi Selatan,Sidenreng Rappang,2024,330.7,181.0,0.89,0.85,False,False,105.0,5.02,0,0,
Sulawesi Selatan,Sinjai,2016,239.7,3.0,93.72,4.4,False,False,1.0,9.41,286,0,3334.6
Sulawesi Selatan,Sinjai,2017,241.2,294.0,0.65,0.63,False,False,6.0,9.24,3,0,1969.4
Sulawesi Selatan,Sinjai,2018,242.672,296.0,0.61,0.61,False,False,11.0,9.28,41,0,3275.9
Sulawesi Selatan,Sinjai,2019,244.1,298.0,0.68,0.59,False,False,14.0,9.14,0,0,5672.6
Sulawesi Selatan,Sinjai,2020,259.5,316.0,1.22,6.31,False,False,14.0,9.0,0,0,9142.0
Sulawesi Selatan,Sinjai,2021,261.4,327.0,0.55,0.73,False,False,22.0,8.84,0,0,12075.4
Sulawesi Selatan,Sinjai,2023,267.5,309.0,1.12,2.33,False,False,51.0,8.55,0,0,11468.3
Sulawesi Selatan,Sinjai,2024,270.4,313.0,1.11,1.08,False,False,105.0,7.82,0,0,
Sulawesi Selatan,Soppeng,2016,226.3,3.0,88.87,0.76,False,False,1.0,8.45,38,0,3334.6
Sulawesi Selatan,Soppeng,2017,226.5,167.0,0.08,0.09,False,False,6.0,8.29,1,0,1969.4
Sulawesi Selatan,Soppeng,2018,226.77,167.0,0.13,0.12,False,False,11.0,7.5,35,0,3275.9
Sulawesi Selatan,Soppeng,2019,227.0,167.0,0.12,0.1,False,False,14.0,7.25,0,0,5672.6
Sulawesi Selatan,Soppeng,2020,235.2,173.0,0.48,3.61,False,False,14.0,7.59,0,0,9142.0
Sulawesi Selatan,Soppeng,2021,235.6,151.0,0.13,0.17,False,False,22.0,7.53,0,0,12075.4
Sulawesi Selatan,Soppeng,2023,238.2,172.0,0.47,1.1,False,False,51.0,7.48,0,0,11468.3
Sulawesi Selatan,Soppeng,2024,239.4,173.0,0.47,0.5,False,False,105.0,6.9,0,0,
Sulawesi Selatan,Takalar,2016,290.0,3.0,92.55,7.21,False,False,1.0,9.35,6,0,3334.6
Sulawesi Selatan,Takalar,2017,293.0,517.0,1.05,1.03,False,False,6.0,9.24,121,0,1969.4
Sulawesi Selatan,Takalar,2018,295.892,522.0,0.99,0.99,False,False,11.0,9.0,117,0,3275.9
Sulawesi Selatan,Takalar,2019,298.7,527.0,1.11,0.95,False,False,14.0,8.7,0,0,5672.6
Sulawesi Selatan,Takalar,2020,300.9,531.0,1.07,0.74,False,False,14.0,8.44,0,0,9142.0
Sulawesi Selatan,Takalar,2021,302.7,534.0,0.46,0.6,False,False,22.0,8.25,0,0,12075.4
Sulawesi Selatan,Takalar,2023,312.8,563.0,1.43,3.34,False,False,51.0,8.29,0,0,11468.3
Sulawesi Selatan,Takalar,2024,317.0,571.0,1.41,1.34,False,False,105.0,7.75,0,0,
Sulawesi Selatan,Tana Toraja,2016,,3.0,102.3,,False,False,1.0,12.36,28,0,3334.6
Sulawesi Selatan,Tana Toraja,2017,,113.0,0.55,,False,False,6.0,12.62,2,0,1969.4
Sulawesi Selatan,Tana Toraja,2018,,113.0,0.56,,False,False,11.0,12.75,17,0,3275.9
Sulawesi Selatan,Tana Toraja,2019,,114.0,0.6,,False,False,14.0,12.35,0,0,5672.6
Sulawesi Selatan,Tana Toraja,2020,,137.0,2.34,,False,False,14.0,12.1,0,0,9142.0
Sulawesi Selatan,Tana Toraja,2021,,143.0,1.17,,False,False,22.0,12.27,0,0,12075.4
Sulawesi Selatan,Tana Toraja,2023,289.5,142.0,1.11,,False,False,51.0,12.48,0,0,11468.3
Sulawesi Selatan,Tana Toraja,2024,292.4,143.0,1.09,1.0,False,False,105.0,10.79,0,0,
Sulawesi Selatan,Toraja Utara,2016,227.0,3.0,100.76,4.37,False,False,1.0,14.57,319,0,3334.6
Sulawesi Selatan,Toraja Utara,2017,228.4,198.0,0.64,0.62,False,False,6.0,14.41,111,0,1969.4
Sulawesi Selatan,Toraja Utara,2018,229.798,200.0,0.61,0.61,False,False,11.0,13.37,29,0,3275.9
Sulawesi Selatan,Toraja Utara,2019,231.2,201.0,0.68,0.61,False,False,14.0,12.41,0,0,5672.6
Sulawesi Selatan,Toraja Utara,2020,261.1,227.0,1.82,12.93,True,False,14.0,12.01,0,0,9142.0
Sulawesi Selatan,Toraja Utara,2021,264.1,217.0,0.88,1.15,False,False,22.0,11.99,0,0,12075.4
Sulawesi Selatan,Toraja Utara,2023,273.3,212.0,1.68,3.48,False,False,51.0,12.12,0,0,11468.3
Sulawesi Selatan,Toraja Utara,2024,277.8,215.0,1.67,1.65,False,False,105.0,10.73,0,0,
Sulawesi Selatan,Wajo,2016,394.5,5.0,91.72,2.12,False,False,1.0,7.47,33,0,3334.6
Sulawesi Selatan,Wajo,2017,395.6,158.0,0.3,0.28,False,False,6.0,7.38,22,0,1969.4
Sulawesi Selatan,Wajo,2018,396.81,158.0,0.31,0.31,False,False,11.0,7.5,29,0,3275.9
Sulawesi Selatan,Wajo,2019,397.8,159.0,0.33,0.25,False,False,14.0,6.91,0,0,5672.6
Sulawesi Selatan,Wajo,2020,379.1,151.0,-0.15,-4.7,False,False,14.0,6.95,0,0,9142.0
Sulawesi Selatan,Wajo,2021,379.4,152.0,0.06,0.08,False,False,22.0,6.46,0,0,12075.4
Sulawesi Selatan,Wajo,2023,386.5,148.0,0.71,1.87,False,False,51.0,6.73,0,0,11468.3
Sulawesi Selatan,Wajo,2024,389.1,149.0,0.69,0.67,False,False,105.0,6.47,0,0,
Sulawesi Tengah,Banggai,2017,365.6,38.0,1.69,12.98,False,True,21.0,9.2,0,0,1929.7
Sulawesi Tengah,Banggai,2018,371.3,38.0,1.67,1.56,False,True,28.0,9.12,0,0,8488.9
Sulawesi Tengah,Banggai,2019,376.8,39.0,1.65,1.48,False,True,30.0,7.8,54,0,4438.8
Sulawesi Tengah,Banggai,2020,362.3,44.0,1.1,-3.85,True,True,42.0,7.39,15,0,5261.3
Sulawesi Tengah,Banggai,2024,377.6,46.0,1.11,4.22,False,True,260.0,6.56,51,0,
Sulawesi Tengah,Banggai Kepulauan,2017,,47.0,0.89,,False,False,21.0,15.92,0,0,1929.7
Sulawesi Tengah,Banggai Kepulauan,2018,,47.0,0.87,,False,False,28.0,15.65,0,0,8488.9
Sulawesi Tengah,Banggai Kepulauan,2019,,48.0,0.84,,False,False,30.0,14.84,3,0,4438.8
Sulawesi Tengah,Banggai Kepulauan,2020,,50.0,0.91,,False,False,42.0,14.04,6,0,5261.3
Sulawesi Tengah,Banggai Kepulauan,2024,124.6,52.0,0.97,,False,False,260.0,12.32,48,0,
Sulawesi Tengah,Banggai Laut,2017,72.3,100.0,2.1,,False,False,21.0,16.17,0,0,1929.7
Sulawesi Tengah,Banggai Laut,2018,73.7,102.0,2.08,1.94,False,False,28.0,16.32,0,0,8488.9
Sulawesi Tengah,Banggai Laut,2019,75.0,103.0,2.05,1.76,False,False,30.0,15.34,47,0,4438.8
Sulawesi Tengah,Banggai Laut,2020,70.4,102.0,1.2,-6.13,True,False,42.0,14.6,151,0,5261.3
Sulawesi Tengah,Banggai Laut,2024,74.0,108.0,1.33,5.11,False,False,260.0,13.78,27,0,
Sulawesi Tengah,Buol,2017,,38.0,2.26,,False,False,21.0,16.65,0,0,1929.7
Sulawesi Tengah,Buol,2018,,39.0,2.24,,False,False,28.0,16.08,0,0,8488.9
Sulawesi Tengah,Buol,2019,,40.0,2.23,,False,False,30.0,15.19,50,0,4438.8
Sulawesi Tengah,Buol,2020,,39.0,0.91,,False,False,42.0,13.93,34,0,5261.3
Sulawesi Tengah,Buol,2024,152.4,41.0,1.28,,False,False,260.0,13.08,97,0,
Sulawesi Tengah,Donggala,2017,299.2,70.0,1.02,7.78,False,False,21.0,18.17,0,0,1929.7
Sulawesi Tengah,Donggala,2018,301.6,71.0,1.0,0.8,False,False,28.0,18.03,0,0,8488.9
Sulawesi Tengah,Donggala,2019,304.1,71.0,0.98,0.83,False,False,30.0,18.4,181,0,4438.8
Sulawesi Tengah,Donggala,2020,300.4,59.0,0.77,-1.22,True,False,42.0,17.39,178,0,5261.3
Sulawesi Tengah,Donggala,2024,311.0,61.0,0.93,3.53,False,False,260.0,15.3,68,0,
Sulawesi Tengah,Kota Palu,2017,379.8,961.0,1.68,12.87,False,False,21.0,6.74,0,0,1929.7
Sulawesi Tengah,Kota Palu,2018,385.6,976.0,1.66,1.53,False,False,28.0,6.58,0,0,8488.9
Sulawesi Tengah,Kota Palu,2019,391.4,991.0,1.64,1.5,False,False,30.0,6.83,0,0,4438.8
Sulawesi Tengah,Kota Palu,2020,373.2,1047.0,1.01,-4.65,True,False,42.0,6.8,0,0,5261.3
Sulawesi Tengah,Kota Palu,2024,392.5,1101.0,1.35,5.17,False,False,260.0,5.94,0,0,
Sulawesi Tengah,Morowali,2017,,39.0,1.92,,False,True,21.0,14.55,0,0,1929.7
Sulawesi Tengah,Morowali,2018,119.3,39.0,1.89,,False,True,28.0,14.34,0,0,8488.9
Sulawesi Tengah,Morowali,2019,121.3,40.0,1.87,1.68,False,True,30.0,13.75,96,0,4438.8
Sulawesi Tengah,Morowali,2020,,36.0,4.54,,False,True,42.0,13.43,24,0,5261.3
Sulawesi Tengah,Morowali,2024,173.3,39.0,1.86,,False,True,260.0,11.55,394,0,
Sulawesi Tengah,Morowali Utara,2017,123.0,12.0,2.34,,False,True,21.0,15.73,0,0,1929.7
Sulawesi Tengah,Morowali Utara,2018,125.6,13.0,2.31,2.11,False,True,28.0,15.53,0,0,8488.9
Sulawesi Tengah,Morowali Utara,2019,128.3,13.0,2.29,2.15,False,True,30.0,15.08,266,0,4438.8
Sulawesi Tengah,Morowali Utara,2020,120.8,14.0,1.45,-5.85,True,True,42.0,14.1,47,0,5261.3
Sulawesi Tengah,Morowali Utara,2024,127.9,15.0,1.53,5.88,False,True,260.0,11.95,431,4,
Sulawesi Tengah,Parigi Moutong,2017,,93.0,1.92,,False,False,21.0,17.55,0,0,1929.7
Sulawesi Tengah,Parigi Moutong,2018,,95.0,1.9,,False,False,28.0,17.41,0,0,8488.9
Sulawesi Tengah,Parigi Moutong,2019,,96.0,1.88,,False,False,30.0,16.64,124,0,4438.8
Sulawesi Tengah,Parigi Moutong,2020,,76.0,0.6,,False,False,42.0,15.85,62,0,5261.3
Sulawesi Tengah,Parigi Moutong,2024,459.8,79.0,1.18,,False,False,260.0,14.2,106,0,
Sulawesi Tengah,Poso,2017,,35.0,2.27,,False,False,21.0,17.16,0,0,1929.7
Sulawesi Tengah,Poso,2018,,35.0,2.25,,False,False,28.0,16.71,0,0,8488.9
Sulawesi Tengah,Poso,2019,,36.0,2.23,,False,False,30.0,15.65,103,0,4438.8
Sulawesi Tengah,Poso,2020,,32.0,1.53,,False,False,42.0,15.45,77,0,5261.3
Sulawesi Tengah,Poso,2024,254.1,34.0,0.99,,False,False,260.0,14.23,284,0,
Sulawesi Tengah,Sigi,2017,234.6,45.0,1.2,9.12,False,False,21.0,12.66,0,0,1929.7
Sulawesi Tengah,Sigi,2018,237.0,46.0,1.18,1.02,False,False,28.0,12.6,0,0,8488.9
Sulawesi Tengah,Sigi,2019,239.4,46.0,1.16,1.01,False,False,30.0,12.91,148,0,4438.8
Sulawesi Tengah,Sigi,2020,257.6,49.0,1.76,7.6,True,False,42.0,12.45,51,0,5261.3
Sulawesi Tengah,Sigi,2024,270.0,52.0,1.26,4.81,False,False,260.0,12.06,133,0,
Sulawesi Tengah,Tojo Una-Una,2017,150.8,26.0,1.24,9.43,False,False,21.0,18.15,0,0,1929.7
Sulawesi Tengah,Tojo Una-Una,2018,152.5,27.0,1.23,1.13,False,False,28.0,18.27,0,0,8488.9
Sulawesi Tengah,Tojo Una-Una,2019,154.0,27.0,1.2,0.98,False,False,30.0,17.16,0,0,4438.8
Sulawesi Tengah,Tojo Una-Una,2020,163.8,29.0,1.69,6.36,True,False,42.0,16.39,0,0,5261.3
Sulawesi Tengah,Tojo Una-Una,2024,170.8,31.0,1.12,4.27,False,False,260.0,16.36,0,0,
Sulawesi Tengah,Toli-Toli,2017,231.0,57.0,1.23,9.32,False,False,21.0,13.3,0,0,1929.7
Sulawesi Tengah,Toli-Toli,2018,233.4,57.0,1.2,1.04,False,False,28.0,13.66,0,0,8488.9
Sulawesi Tengah,Toli-Toli,2019,235.8,58.0,1.18,1.03,False,False,30.0,13.09,0,0,4438.8
Sulawesi Tengah,Toli-Toli,2020,225.2,61.0,0.62,-4.5,True,False,42.0,12.85,0,0,5261.3
Sulawesi Tengah,Toli-Toli,2024,233.9,63.0,1.02,3.86,False,False,260.0,12.45,0,0,
Sulawesi Tenggara,Bombana,2017,,58.0,3.22,,False,False,36.0,12.36,0,0,3148.7
Sulawesi Tenggara,Bombana,2018,,58.0,3.26,,False,False,46.0,11.05,0,0,1603.4
Sulawesi Tenggara,Bombana,2019,,62.0,3.11,,False,False,56.0,10.56,0,0,3827.1
Sulawesi Tenggara,Bombana,2021,,51.0,1.07,,False,False,82.0,10.76,0,0,4334.2
Sulawesi Tenggara,Bombana,2022,153.304,47.0,0.98,,False,False,93.0,10.26,0,0,7596.0
Sulawesi Tenggara,Bombana,2023,158.1,48.0,1.76,3.13,False,False,131.0,10.73,0,0,7734.6
Sulawesi Tenggara,Bombana,2024,160.7,49.0,1.72,1.64,False,False,160.0,10.54,0,0,
Sulawesi Tenggara,Buton,2017,100.44,83.0,1.1,6.85,False,False,36.0,13.46,0,0,3148.7
Sulawesi Tenggara,Buton,2018,102.0,84.0,0.93,1.55,False,False,46.0,13.67,0,0,1603.4
Sulawesi Tenggara,Buton,2019,102.641,85.0,0.9,0.63,False,False,56.0,13.65,0,0,3827.1
Sulawesi Tenggara,Buton,2021,117.04,96.0,2.13,14.03,True,False,82.0,13.92,0,0,4334.2
Sulawesi Tenggara,Buton,2022,119.353,72.0,2.04,1.98,False,False,93.0,13.27,0,0,7596.0
Sulawesi Tenggara,Buton,2023,120.2,72.0,1.56,0.71,False,False,131.0,13.77,0,0,7734.6
Sulawesi Tenggara,Buton,2024,122.0,73.0,1.55,1.5,False,False,160.0,13.99,0,0,
Sulawesi Tenggara,Buton Selatan,2017,,155.0,1.07,,False,False,36.0,15.99,0,0,3148.7
Sulawesi Tenggara,Buton Selatan,2018,,156.0,0.81,,False,False,46.0,14.82,0,0,1603.4
Sulawesi Tenggara,Buton Selatan,2019,,158.0,0.79,,False,False,56.0,14.66,0,0,3827.1
Sulawesi Tenggara,Buton Selatan,2021,,187.0,0.3,,False,False,82.0,14.62,0,0,4334.2
Sulawesi Tenggara,Buton Selatan,2022,95.613,185.0,0.21,,False,False,93.0,14.41,0,0,7596.0
Sulawesi Tenggara,Buton Selatan,2023,99.6,192.0,1.63,4.17,True,False,131.0,14.76,0,0,7734.6
Sulawesi Tenggara,Buton Selatan,2024,101.2,195.0,1.62,1.61,False,False,160.0,14.28,0,0,
Sulawesi Tenggara,Buton Tengah,2017,,95.0,1.04,,False,False,36.0,18.35,0,0,3148.7
Sulawesi Tenggara,Buton Tengah,2018,,96.0,0.82,,False,False,46.0,14.88,0,0,1603.4
Sulawesi Tenggara,Buton Tengah,2019,,97.0,0.8,,False,False,56.0,15.77,0,0,3827.1
Sulawesi Tenggara,Buton Tengah,2021,,122.0,2.13,,False,False,82.0,15.8,0,0,4334.2
Sulawesi Tenggara,Buton Tengah,2022,118.904,142.0,2.04,,False,False,93.0,14.9,0,0,7596.0
Sulawesi Tenggara,Buton Tengah,2023,119.5,143.0,1.47,0.5,False,False,131.0,15.43,0,0,7734.6
Sulawesi Tenggara,Buton Tengah,2024,121.3,145.0,1.48,1.51,False,False,160.0,14.4,0,0,
Sulawesi Tenggara,Buton Utara,2017,62.088,33.0,1.58,12.89,False,False,36.0,15.58,0,0,3148.7
Sulawesi Tenggara,Buton Utara,2018,63.0,33.0,1.79,1.47,False,False,46.0,14.93,0,0,1603.4
Sulawesi Tenggara,Buton Utara,2019,64.072,34.0,1.71,1.7,False,False,56.0,14.38,0,0,3827.1
Sulawesi Tenggara,Buton Utara,2021,67.714,36.0,2.13,5.68,False,False,82.0,14.89,0,0,4334.2
Sulawesi Tenggara,Buton Utara,2022,69.051,39.0,2.04,1.97,False,False,93.0,14.26,0,0,7596.0
Sulawesi Tenggara,Buton Utara,2023,69.0,39.0,1.24,-0.07,False,False,131.0,14.06,0,0,7734.6
Sulawesi Tenggara,Buton Utara,2024,69.8,40.0,1.24,1.16,False,False,160.0,14.09,0,0,
Sulawesi Tenggara,Kolaka,2017,251.52,77.0,1.86,20.34,False,True,36.0,13.78,0,0,3148.7
Sulawesi Tenggara,Kolaka,2018,257.0,78.0,2.62,2.18,False,True,46.0,12.51,0,0,1603.4
Sulawesi Tenggara,Kolaka,2019,261.664,80.0,2.47,1.81,False,True,56.0,11.92,0,0,3827.1
Sulawesi Tenggara,Kolaka,2021,241.366,74.0,2.13,-7.76,False,True,82.0,12.43,0,0,4334.2
Sulawesi Tenggara,Kolaka,2022,246.137,83.0,2.04,1.98,False,True,93.0,11.51,0,0,7596.0
Sulawesi Tenggara,Kolaka,2023,245.9,83.0,1.26,-0.1,False,True,131.0,11.8,0,0,7734.6
Sulawesi Tenggara,Kolaka,2024,248.8,84.0,1.23,1.18,False,True,160.0,11.67,0,0,
Sulawesi Tenggara,Kolaka Timur,2017,,35.0,1.82,,False,False,36.0,15.64,0,0,3148.7
Sulawesi Tenggara,Kolaka Timur,2018,,36.0,2.62,,False,False,46.0,13.82,0,0,1603.4
Sulawesi Tenggara,Kolaka Timur,2019,,37.0,2.47,,False,False,56.0,13.71,0,0,3827.1
Sulawesi Tenggara,Kolaka Timur,2021,,33.0,0.3,,False,False,82.0,14.35,0,0,4334.2
Sulawesi Tenggara,Kolaka Timur,2022,121.145,30.0,0.21,,False,False,93.0,13.57,0,0,7596.0
Sulawesi Tenggara,Kolaka Timur,2023,125.8,32.0,1.51,3.84,True,False,131.0,14.04,0,0,7734.6
Sulawesi Tenggara,Kolaka Timur,2024,127.6,32.0,1.48,1.43,False,False,160.0,13.71,0,0,
Sulawesi Tenggara,Kolaka Utara,2017,,43.0,1.45,,False,False,36.0,16.24,0,0,3148.7
Sulawesi Tenggara,Kolaka Utara,2018,,43.0,2.5,,False,False,46.0,14.3,0,0,1603.4
Sulawesi Tenggara,Kolaka Utara,2019,,44.0,2.39,,False,False,56.0,13.19,0,0,3827.1
Sulawesi Tenggara,Kolaka Utara,2021,,41.0,1.53,,False,False,82.0,13.79,0,0,4334.2
Sulawesi Tenggara,Kolaka Utara,2022,141.151,48.0,1.44,,False,False,93.0,13.08,0,0,7596.0
Sulawesi Tenggara,Kolaka Utara,2023,145.6,50.0,2.07,3.15,False,False,131.0,13.57,0,0,7734.6
Sulawesi Tenggara,Kolaka Utara,2024,148.5,51.0,2.04,1.99,False,False,160.0,13.51,0,0,
Sulawesi Tenggara,Konawe,2017,244.324,55.0,2.63,14.71,False,True,36.0,15.65,0,0,3148.7
Sulawesi Tenggara,Konawe,2018,249.0,55.0,1.97,1.91,False,True,46.0,13.48,0,0,1603.4
Sulawesi Tenggara,Konawe,2019,254.695,57.0,1.95,2.29,False,True,56.0,12.34,0,0,3827.1
Sulawesi Tenggara,Konawe,2021,261.116,59.0,2.14,2.52,False,True,82.0,13.03,0,0,4334.2
Sulawesi Tenggara,Konawe,2022,266.299,50.0,2.05,1.98,False,True,93.0,12.75,0,0,7596.0
Sulawesi Tenggara,Konawe,2023,269.5,50.0,1.74,1.2,False,True,131.0,13.02,0,0,7734.6
Sulawesi Tenggara,Konawe,2024,274.1,51.0,1.73,1.71,False,True,160.0,13.25,0,0,
Sulawesi Tenggara,Konawe Kepulauan,2017,33.212,38.0,2.8,14.52,False,False,36.0,18.1,0,0,3148.7
Sulawesi Tenggara,Konawe Kepulauan,2018,34.0,38.0,1.91,2.37,False,False,46.0,17.48,0,0,1603.4
Sulawesi Tenggara,Konawe Kepulauan,2019,34.219,39.0,1.81,0.64,False,False,56.0,17.18,0,0,3827.1
Sulawesi Tenggara,Konawe Kepulauan,2021,37.639,43.0,2.13,9.99,True,False,82.0,17.81,0,0,4334.2
Sulawesi Tenggara,Konawe Kepulauan,2022,38.383,54.0,2.04,1.98,False,False,93.0,16.15,0,0,7596.0
Sulawesi Tenggara,Konawe Kepulauan,2023,39.0,55.0,1.88,1.61,False,False,131.0,15.9,0,0,7734.6
Sulawesi Tenggara,Konawe Kepulauan,2024,39.7,56.0,1.85,1.79,False,False,160.0,15.54,0,0,
Sulawesi Tenggara,Konawe Selatan,2017,304.214,53.0,1.43,14.8,False,False,36.0,11.14,0,0,3148.7
Sulawesi Tenggara,Konawe Selatan,2018,309.0,53.0,1.97,1.57,False,False,46.0,10.95,0,0,1603.4
Sulawesi Tenggara,Konawe Selatan,2019,314.785,54.0,1.89,1.87,False,False,56.0,10.81,0,0,3827.1
Sulawesi Tenggara,Konawe Selatan,2021,312.674,54.0,1.8,-0.67,False,False,82.0,11.34,0,0,4334.2
Sulawesi Tenggara,Konawe Selatan,2022,317.826,75.0,1.71,1.65,False,False,93.0,11.08,0,0,7596.0
Sulawesi Tenggara,Konawe Selatan,2023,323.8,76.0,1.77,1.88,False,False,131.0,11.26,0,0,7734.6
Sulawesi Tenggara,Konawe Selatan,2024,329.2,78.0,1.75,1.67,False,False,160.0,11.2,0,0,
Sulawesi Tenggara,Konawe Utara,2017,60.884,12.0,2.03,17.08,False,True,36.0,13.93,0,0,3148.7
Sulawesi Tenggara,Konawe Utara,2018,62.0,12.0,2.42,1.83,False,True,46.0,14.22,0,0,1603.4
Sulawesi Tenggara,Konawe Utara,2019,63.814,13.0,2.34,2.93,False,True,56.0,13.66,0,0,3827.1
Sulawesi Tenggara,Konawe Utara,2021,68.95,14.0,2.13,8.05,True,True,82.0,14.32,0,0,4334.2
Sulawesi Tenggara,Konawe Utara,2022,70.314,17.0,2.04,1.98,False,True,93.0,13.72,0,0,7596.0
Sulawesi Tenggara,Konawe Utara,2023,72.3,17.0,2.3,2.82,False,True,131.0,13.48,0,0,7734.6
Sulawesi Tenggara,Konawe Utara,2024,73.8,18.0,2.27,2.07,False,True,160.0,13.17,0,0,
Sulawesi Tenggara,Kota Baubau,2017,,737.0,2.85,,False,False,36.0,8.39,0,0,3148.7
Sulawesi Tenggara,Kota Baubau,2018,,739.0,2.55,,False,False,46.0,7.57,0,0,1603.4
Sulawesi Tenggara,Kota Baubau,2019,,777.0,2.49,,False,False,56.0,7.27,0,0,3827.1
Sulawesi Tenggara,Kota Baubau,2021,,730.0,1.77,,False,False,82.0,7.78,0,0,4334.2
Sulawesi Tenggara,Kota Baubau,2022,163.963,557.0,1.68,,False,False,93.0,7.31,0,0,7596.0
Sulawesi Tenggara,Kota Baubau,2023,166.2,565.0,1.55,1.36,False,False,131.0,7.53,0,0,7734.6
Sulawesi Tenggara,Kota Baubau,2024,168.5,573.0,1.52,1.38,False,False,160.0,7.4,0,0,
Sulawesi Tenggara,Kota Kendari,2017,,1232.0,3.16,,False,False,36.0,5.01,0,0,3148.7
Sulawesi Tenggara,Kota Kendari,2018,,1237.0,3.49,,False,False,46.0,4.69,0,0,1603.4
Sulawesi Tenggara,Kota Kendari,2019,,1306.0,3.36,,False,False,56.0,4.44,0,0,3827.1
Sulawesi Tenggara,Kota Kendari,2021,,1164.0,2.0,,False,False,82.0,4.87,0,0,4334.2
Sulawesi Tenggara,Kota Kendari,2022,356.747,1342.0,1.91,,False,False,93.0,4.57,0,0,7596.0
Sulawesi Tenggara,Kota Kendari,2023,364.2,1370.0,1.98,2.09,False,False,131.0,4.59,0,0,7734.6
Sulawesi Tenggara,Kota Kendari,2024,370.8,1395.0,1.93,1.81,False,False,160.0,4.23,0,0,
Sulawesi Tenggara,Muna,2017,218.68,114.0,1.5,11.01,False,False,36.0,14.85,0,0,3148.7
Sulawesi Tenggara,Muna,2018,221.0,115.0,1.49,1.06,False,False,46.0,13.19,0,0,1603.4
Sulawesi Tenggara,Muna,2019,224.099,117.0,1.41,1.4,False,False,56.0,12.85,0,0,3827.1
Sulawesi Tenggara,Muna,2021,218.956,114.0,2.13,-2.29,False,False,82.0,13.54,0,0,4334.2
Sulawesi Tenggara,Muna,2022,223.283,120.0,2.04,1.98,False,False,93.0,13.41,0,0,7596.0
Sulawesi Tenggara,Muna,2023,224.7,121.0,1.53,0.63,False,False,131.0,14.07,0,0,7734.6
Sulawesi Tenggara,Muna,2024,228.0,123.0,1.51,1.47,False,False,160.0,13.78,0,0,
Sulawesi Tenggara,Muna Barat,2017,79.649,78.0,1.49,10.62,False,False,36.0,16.24,0,0,3148.7
Sulawesi Tenggara,Muna Barat,2018,81.0,79.0,1.49,1.7,False,False,46.0,14.17,0,0,1603.4
Sulawesi Tenggara,Muna Barat,2019,81.624,80.0,1.42,0.77,False,False,56.0,13.84,0,0,3827.1
Sulawesi Tenggara,Muna Barat,2021,84.777,83.0,0.29,3.86,False,False,82.0,13.96,0,0,4334.2
Sulawesi Tenggara,Muna Barat,2022,84.902,104.0,0.21,0.15,False,False,93.0,13.85,0,0,7596.0
Sulawesi Tenggara,Muna Barat,2023,89.3,109.0,1.98,5.18,True,False,131.0,14.03,0,0,7734.6
Sulawesi Tenggara,Muna Barat,2024,91.0,111.0,1.95,1.9,False,False,160.0,13.38,0,0,
Sulawesi Tenggara,Wakatobi,2017,,170.0,0.19,,False,False,36.0,16.19,0,0,3148.7
Sulawesi Tenggara,Wakatobi,2018,,181.0,0.36,,False,False,46.0,14.85,0,0,1603.4
Sulawesi Tenggara,Wakatobi,2019,,171.0,0.31,,False,False,56.0,14.75,0,0,3827.1
Sulawesi Tenggara,Wakatobi,2021,,202.0,2.06,,False,False,82.0,14.91,0,0,4334.2
Sulawesi Tenggara,Wakatobi,2022,115.286,256.0,1.98,,False,False,93.0,14.55,0,0,7596.0
Sulawesi Tenggara,Wakatobi,2023,116.5,259.0,1.62,1.05,False,False,131.0,14.81,0,0,7734.6
Sulawesi Tenggara,Wakatobi,2024,118.3,263.0,1.61,1.55,False,False,160.0,14.36,0,0,
Sulawesi Utara,Bolaang Mongondow,2014,229.6,76.0,1.7,1.68,False,False,1.0,8.59,0,0,
Sulawesi Utara,Bolaang Mongondow,2015,233.2,77.0,1.56,1.57,False,False,2.0,8.63,0,0,
Sulawesi Utara,Bolaang Mongondow,2016,236.9,78.0,1.59,1.59,False,False,2.0,8.34,0,0,5069.6
Sulawesi Utara,Bolaang Mongondow,2017,240.5,84.0,1.66,1.52,False,False,3.0,8.02,0,0,1488.2
Sulawesi Utara,Bolaang Mongondow,2018,244.2,85.0,1.65,1.54,False,False,3.0,7.67,0,0,4320.1
Sulawesi Utara,Bolaang Mongondow,2019,247.8,86.0,1.63,1.47,False,False,5.0,7.47,0,0,8259.6
Sulawesi Utara,Bolaang Mongondow,2020,248.8,87.0,1.49,0.4,False,False,8.0,7.27,0,0,3005.6
Sulawesi Utara,Bolaang Mongondow,2021,250.478,87.0,0.93,0.67,False,False,8.0,7.58,0,0,3480.0
Sulawesi Utara,Bolaang Mongondow,2022,252.648,77.0,0.89,0.87,False,False,8.0,7.04,0,0,5042.1
Sulawesi Utara,Bolaang Mongondow,2023,255.1,78.0,0.92,0.97,False,False,10.0,7.37,0,0,7698.2
Sulawesi Utara,Bolaang Mongondow,2024,257.3,79.0,0.9,0.86,False,False,15.0,7.74,0,0,
Sulawesi Utara,Bolaang Mongondow Selatan,2014,61.2,34.0,1.59,1.66,False,False,1.0,15.0,0,0,
Sulawesi Utara,Bolaang Mongondow Selatan,2015,62.2,35.0,1.71,1.63,False,False,2.0,15.17,0,0,
Sulawesi Utara,Bolaang Mongondow Selatan,2016,63.2,35.0,1.58,1.61,False,False,2.0,14.85,0,0,5069.6
Sulawesi Utara,Bolaang Mongondow Selatan,2017,64.2,40.0,1.66,1.58,False,False,3.0,14.16,0,0,1488.2
Sulawesi Utara,Bolaang Mongondow Selatan,2018,65.1,40.0,1.64,1.4,False,False,3.0,13.6,0,0,4320.1
Sulawesi Utara,Bolaang Mongondow Selatan,2019,66.1,72.0,1.62,1.54,False,False,5.0,13.27,0,0,8259.6
Sulawesi Utara,Bolaang Mongondow Selatan,2020,69.8,43.0,1.98,5.6,False,False,8.0,12.77,0,0,3005.6
Sulawesi Utara,Bolaang Mongondow Selatan,2021,70.529,44.0,1.41,1.04,False,False,8.0,12.85,0,0,3480.0
Sulawesi Utara,Bolaang Mongondow Selatan,2022,71.481,40.0,1.38,1.35,False,False,8.0,11.92,0,0,5042.1
Sulawesi Utara,Bolaang Mongondow Selatan,2023,72.1,84.0,1.18,0.87,False,False,10.0,12.04,0,0,7698.2
Sulawesi Utara,Bolaang Mongondow Selatan,2024,72.9,41.0,1.17,1.11,False,False,15.0,11.33,0,0,
Sulawesi Utara,Bolaang Mongondow Timur,2014,67.8,75.0,1.55,1.5,False,False,1.0,6.61,0,0,
Sulawesi Utara,Bolaang Mongondow Timur,2015,68.7,76.0,1.28,1.33,False,False,2.0,6.9,0,0,
Sulawesi Utara,Bolaang Mongondow Timur,2016,,77.0,1.49,,False,False,2.0,6.77,0,0,5069.6
Sulawesi Utara,Bolaang Mongondow Timur,2017,,78.0,1.43,,False,False,3.0,6.2,0,0,1488.2
Sulawesi Utara,Bolaang Mongondow Timur,2018,,79.0,1.41,,False,False,3.0,6.03,0,0,4320.1
Sulawesi Utara,Bolaang Mongondow Timur,2019,,79.0,1.4,,False,False,5.0,6.1,0,0,8259.6
Sulawesi Utara,Bolaang Mongondow Timur,2020,,97.0,3.21,,False,False,8.0,5.88,0,0,3005.6
Sulawesi Utara,Bolaang Mongondow Timur,2021,,99.0,2.64,,False,False,8.0,6.1,0,0,3480.0
Sulawesi Utara,Bolaang Mongondow Timur,2022,92.299,107.0,2.6,,False,False,8.0,5.85,0,0,5042.1
Sulawesi Utara,Bolaang Mongondow Timur,2023,91.2,51.0,1.2,-1.19,False,False,10.0,5.8,0,0,7698.2
Sulawesi Utara,Bolaang Mongondow Timur,2024,92.2,107.0,1.18,1.1,False,False,15.0,5.87,0,0,
Sulawesi Utara,Bolaang Mongondow Utara,2014,75.3,39.0,1.42,1.48,False,False,1.0,9.27,0,0,
Sulawesi Utara,Bolaang Mongondow Utara,2015,76.3,39.0,1.38,1.33,False,False,2.0,9.72,0,0,
Sulawesi Utara,Bolaang Mongondow Utara,2016,77.4,40.0,1.38,1.44,False,False,2.0,9.38,0,0,5069.6
Sulawesi Utara,Bolaang Mongondow Utara,2017,78.4,47.0,1.45,1.29,False,False,3.0,8.89,0,0,1488.2
Sulawesi Utara,Bolaang Mongondow Utara,2018,79.4,47.0,1.42,1.28,False,False,3.0,8.64,0,0,4320.1
Sulawesi Utara,Bolaang Mongondow Utara,2019,80.3,87.0,1.39,1.13,False,False,5.0,8.45,0,0,8259.6
Sulawesi Utara,Bolaang Mongondow Utara,2020,83.1,49.0,1.58,3.49,False,False,8.0,8.41,0,0,3005.6
Sulawesi Utara,Bolaang Mongondow Utara,2021,83.743,50.0,1.01,0.77,False,False,8.0,8.03,0,0,3480.0
Sulawesi Utara,Bolaang Mongondow Utara,2022,84.543,51.0,0.98,0.96,False,False,8.0,7.31,0,0,5042.1
Sulawesi Utara,Bolaang Mongondow Utara,2023,86.1,114.0,1.3,1.84,False,False,10.0,7.9,0,0,7698.2
Sulawesi Utara,Bolaang Mongondow Utara,2024,87.2,53.0,1.29,1.28,False,False,15.0,7.88,0,0,
Sulawesi Utara,Kepulauan Sangihe,2014,129.1,216.0,0.53,0.55,False,False,1.0,11.84,0,0,
Sulawesi Utara,Kepulauan Sangihe,2015,129.6,217.0,0.37,0.39,False,False,2.0,12.27,0,0,
Sulawesi Utara,Kepulauan Sangihe,2016,130.0,218.0,0.34,0.31,False,False,2.0,12.28,0,0,5069.6
Sulawesi Utara,Kepulauan Sangihe,2017,130.5,283.0,0.46,0.38,False,False,3.0,11.8,0,0,1488.2
Sulawesi Utara,Kepulauan Sangihe,2018,130.8,284.0,0.43,0.23,False,False,3.0,11.82,0,0,4320.1
Sulawesi Utara,Kepulauan Sangihe,2019,131.2,306.0,0.41,0.31,False,False,5.0,11.15,0,0,8259.6
Sulawesi Utara,Kepulauan Sangihe,2020,139.3,302.0,0.97,6.17,False,False,8.0,11.14,0,0,3005.6
Sulawesi Utara,Kepulauan Sangihe,2021,139.684,303.0,0.4,0.28,False,False,8.0,11.02,0,0,3480.0
Sulawesi Utara,Kepulauan Sangihe,2022,140.165,231.0,0.37,0.34,False,False,8.0,10.5,0,0,5042.1
Sulawesi Utara,Kepulauan Sangihe,2023,142.0,238.0,0.71,1.31,False,False,10.0,11.01,0,0,7698.2
Sulawesi Utara,Kepulauan Sangihe,2024,142.9,239.0,0.68,0.63,False,False,15.0,10.84,0,0,
Sulawesi Utara,Kepulauan Talaud,2014,87.9,87.0,1.15,1.15,False,False,1.0,9.92,0,0,
Sulawesi Utara,Kepulauan Talaud,2015,88.8,88.0,1.0,1.02,False,False,2.0,10.09,0,0,
Sulawesi Utara,Kepulauan Talaud,2016,89.8,89.0,1.16,1.13,False,False,2.0,10.29,0,0,5069.6
Sulawesi Utara,Kepulauan Talaud,2017,90.7,73.0,1.15,1.0,False,False,3.0,9.77,0,0,1488.2
Sulawesi Utara,Kepulauan Talaud,2018,91.6,74.0,1.14,0.99,False,False,3.0,9.5,0,0,4320.1
Sulawesi Utara,Kepulauan Talaud,2019,92.5,75.0,1.12,0.98,False,False,5.0,9.86,0,0,8259.6
Sulawesi Utara,Kepulauan Talaud,2020,94.5,76.0,1.21,2.16,False,False,8.0,9.49,0,0,3005.6
Sulawesi Utara,Kepulauan Talaud,2021,94.983,77.0,0.65,0.51,False,False,8.0,9.0,0,0,3480.0
Sulawesi Utara,Kepulauan Talaud,2022,95.545,94.0,0.62,0.59,False,False,8.0,8.25,0,0,5042.1
Sulawesi Utara,Kepulauan Talaud,2023,97.3,96.0,1.06,1.84,False,False,10.0,8.46,0,0,7698.2
Sulawesi Utara,Kepulauan Talaud,2024,98.3,97.0,1.05,1.03,False,False,15.0,8.17,0,0,
Sulawesi Utara,Kota Bitung,2014,202.2,612.0,1.72,1.71,False,False,1.0,6.34,0,0,
Sulawesi Utara,Kota Bitung,2015,205.7,623.0,1.72,1.73,False,False,2.0,6.87,0,0,
Sulawesi Utara,Kota Bitung,2016,209.0,633.0,1.61,1.6,False,False,2.0,6.57,0,0,5069.6
Sulawesi Utara,Kota Bitung,2017,212.4,701.0,1.74,1.63,False,False,3.0,6.62,0,0,1488.2
Sulawesi Utara,Kota Bitung,2018,215.7,712.0,1.71,1.55,False,False,3.0,6.67,0,0,4320.1
Sulawesi Utara,Kota Bitung,2019,219.0,723.0,1.69,1.53,False,False,5.0,6.49,0,0,8259.6
Sulawesi Utara,Kota Bitung,2020,225.1,743.0,1.78,2.79,False,False,8.0,6.41,0,0,3005.6
Sulawesi Utara,Kota Bitung,2021,227.177,750.0,1.21,0.92,False,False,8.0,6.43,0,0,3480.0
Sulawesi Utara,Kota Bitung,2022,229.795,697.0,1.18,1.15,False,False,8.0,6.2,0,0,5042.1
Sulawesi Utara,Kota Bitung,2023,232.4,705.0,1.17,1.13,False,False,10.0,6.56,0,0,7698.2
Sulawesi Utara,Kota Bitung,2024,235.0,713.0,1.15,1.12,False,False,15.0,6.27,0,0,
Sulawesi Utara,Kota Kotamobagu,2014,117.0,2393.0,1.95,1.92,False,False,1.0,5.75,0,0,
Sulawesi Utara,Kota Kotamobagu,2015,119.4,2442.0,2.06,2.05,True,False,2.0,5.85,0,0,
Sulawesi Utara,Kota Kotamobagu,2016,121.7,2488.0,1.9,1.93,False,False,2.0,6.01,0,0,5069.6
Sulawesi Utara,Kota Kotamobagu,2017,123.9,1822.0,1.99,1.81,False,False,3.0,5.9,0,0,1488.2
Sulawesi Utara,Kota Kotamobagu,2018,126.2,1856.0,1.98,1.86,False,False,3.0,5.96,0,0,4320.1
Sulawesi Utara,Kota Kotamobagu,2019,128.4,1886.0,1.95,1.74,False,False,5.0,5.71,0,0,8259.6
Sulawesi Utara,Kota Kotamobagu,2020,123.7,1136.0,1.37,-3.66,False,False,8.0,5.42,0,0,3005.6
Sulawesi Utara,Kota Kotamobagu,2021,124.473,1143.0,0.81,0.62,False,False,8.0,5.74,0,0,3480.0
Sulawesi Utara,Kota Kotamobagu,2022,125.405,1152.0,0.78,0.75,False,False,8.0,5.19,0,0,5042.1
Sulawesi Utara,Kota Kotamobagu,2023,127.7,1173.0,1.16,1.83,False,False,10.0,5.03,0,0,7698.2
Sulawesi Utara,Kota Kotamobagu,2024,129.1,1185.0,1.14,1.1,False,False,15.0,5.12,0,0,
Sulawesi Utara,Kota Manado,2014,423.3,2536.0,0.68,0.69,False,False,1.0,4.81,0,0,
Sulawesi Utara,Kota Manado,2015,425.6,2551.0,0.56,0.54,False,False,2.0,5.63,0,0,
Sulawesi Utara,Kota Manado,2016,427.9,2564.0,0.53,0.54,False,False,2.0,5.24,0,0,5069.6
Sulawesi Utara,Kota Manado,2017,430.1,2740.0,0.63,0.51,False,False,3.0,5.46,0,0,1488.2
Sulawesi Utara,Kota Manado,2018,431.9,2751.0,0.6,0.42,False,False,3.0,5.38,0,0,4320.1
Sulawesi Utara,Kota Manado,2019,433.6,2757.0,0.58,0.39,False,False,5.0,5.51,0,0,8259.6
Sulawesi Utara,Kota Manado,2020,451.9,2874.0,0.93,4.22,False,False,8.0,5.86,0,0,3005.6
Sulawesi Utara,Kota Manado,2021,453.182,2882.0,0.37,0.28,False,False,8.0,6.19,0,0,3480.0
Sulawesi Utara,Kota Manado,2022,454.606,2801.0,0.34,0.31,False,False,8.0,5.85,0,0,5042.1
Sulawesi Utara,Kota Manado,2023,458.6,2825.0,0.53,0.88,False,False,10.0,5.79,0,0,7698.2
Sulawesi Utara,Kota Manado,2024,460.4,2836.0,0.5,0.39,False,False,15.0,5.43,0,0,
Sulawesi Utara,Kota Tomohon,2014,98.7,671.0,1.77,1.75,False,False,1.0,6.32,0,0,
Sulawesi Utara,Kota Tomohon,2015,100.4,682.0,1.71,1.72,False,False,2.0,6.78,0,0,
Sulawesi Utara,Kota Tomohon,2016,102.0,693.0,1.6,1.59,False,False,2.0,6.56,0,0,5069.6
Sulawesi Utara,Kota Tomohon,2017,103.7,910.0,1.74,1.67,False,False,3.0,6.47,0,0,1488.2
Sulawesi Utara,Kota Tomohon,2018,105.3,924.0,1.71,1.54,False,False,3.0,5.95,0,0,4320.1
Sulawesi Utara,Kota Tomohon,2019,106.9,936.0,1.69,1.52,False,False,5.0,5.62,0,0,8259.6
Sulawesi Utara,Kota Tomohon,2020,100.6,881.0,0.91,-5.89,False,False,8.0,5.6,0,0,3005.6
Sulawesi Utara,Kota Tomohon,2021,100.853,883.0,0.35,0.25,False,False,8.0,5.69,0,0,3480.0
Sulawesi Utara,Kota Tomohon,2022,101.151,598.0,0.32,0.3,False,False,8.0,5.26,0,0,5042.1
Sulawesi Utara,Kota Tomohon,2023,103.1,610.0,0.89,1.93,False,False,10.0,5.6,0,0,7698.2
Sulawesi Utara,Kota Tomohon,2024,104.0,615.0,0.88,0.87,False,False,15.0,5.38,0,0,
Sulawesi Utara,Minahasa,2014,325.7,274.0,1.05,1.05,False,False,1.0,8.53,0,0,
Sulawesi Utara,Minahasa,2015,329.0,277.0,1.02,1.01,False,False,2.0,8.8,0,0,
Sulawesi Utara,Minahasa,2016,332.2,279.0,0.97,0.97,False,False,2.0,8.36,0,0,5069.6
Sulawesi Utara,Minahasa,2017,335.3,301.0,1.07,0.93,False,False,3.0,7.9,0,0,1488.2
Sulawesi Utara,Minahasa,2018,338.4,303.0,1.05,0.92,False,False,3.0,7.3,0,0,4320.1
Sulawesi Utara,Minahasa,2019,341.2,306.0,1.02,0.83,False,False,5.0,7.18,0,0,8259.6
Sulawesi Utara,Minahasa,2020,347.3,312.0,1.09,1.79,False,False,8.0,7.3,0,0,3005.6
Sulawesi Utara,Minahasa,2021,348.673,313.0,0.53,0.4,False,False,8.0,7.67,0,0,3480.0
Sulawesi Utara,Minahasa,2022,350.317,310.0,0.5,0.47,False,False,8.0,7.05,0,0,5042.1
Sulawesi Utara,Minahasa,2023,351.9,312.0,0.48,0.45,False,False,10.0,6.87,0,0,7698.2
Sulawesi Utara,Minahasa,2024,353.5,313.0,0.48,0.45,False,False,15.0,6.53,0,0,
Sulawesi Utara,Minahasa Selatan,2014,203.3,138.0,0.82,0.79,False,False,1.0,9.85,0,0,
Sulawesi Utara,Minahasa Selatan,2015,205.0,139.0,0.82,0.84,False,False,2.0,10.22,0,0,
Sulawesi Utara,Minahasa Selatan,2016,206.6,140.0,0.79,0.78,False,False,2.0,9.92,0,0,5069.6
Sulawesi Utara,Minahasa Selatan,2017,208.0,148.0,0.85,0.68,False,False,3.0,9.78,0,0,1488.2
Sulawesi Utara,Minahasa Selatan,2018,209.5,149.0,0.83,0.72,False,False,3.0,9.34,0,0,4320.1
Sulawesi Utara,Minahasa Selatan,2019,210.7,149.0,0.8,0.57,False,False,5.0,9.26,0,0,8259.6
Sulawesi Utara,Minahasa Selatan,2020,236.5,168.0,1.86,12.24,True,False,8.0,9.14,0,0,3005.6
Sulawesi Utara,Minahasa Selatan,2021,238.746,169.0,1.29,0.95,False,False,8.0,9.37,0,0,3480.0
Sulawesi Utara,Minahasa Selatan,2022,241.68,166.0,1.25,1.23,False,False,8.0,9.0,0,0,5042.1
Sulawesi Utara,Minahasa Selatan,2023,240.0,165.0,0.54,-0.7,False,False,10.0,8.89,0,0,7698.2
Sulawesi Utara,Minahasa Selatan,2024,241.3,166.0,0.54,0.54,False,False,15.0,8.97,0,0,
Sulawesi Utara,Minahasa Tenggara,2014,103.8,144.0,0.67,0.68,False,False,1.0,15.76,0,0,
Sulawesi Utara,Minahasa Tenggara,2015,104.5,147.0,0.69,0.67,False,False,2.0,15.88,0,0,
Sulawesi Utara,Minahasa Tenggara,2016,105.2,148.0,0.6,0.67,False,False,2.0,14.71,0,0,5069.6
Sulawesi Utara,Minahasa Tenggara,2017,105.7,149.0,0.7,0.48,False,False,3.0,14.08,0,0,1488.2
Sulawesi Utara,Minahasa Tenggara,2018,106.3,150.0,0.68,0.57,False,False,3.0,13.29,0,0,4320.1
Sulawesi Utara,Minahasa Tenggara,2019,106.9,116.0,0.66,0.56,False,False,5.0,12.78,0,0,8259.6
Sulawesi Utara,Minahasa Tenggara,2020,116.3,164.0,1.43,8.79,True,False,8.0,12.3,0,0,3005.6
Sulawesi Utara,Minahasa Tenggara,2021,117.079,165.0,0.87,0.67,False,False,8.0,12.47,0,0,3480.0
Sulawesi Utara,Minahasa Tenggara,2022,118.023,157.0,0.83,0.81,False,False,8.0,11.78,0,0,5042.1
Sulawesi Utara,Minahasa Tenggara,2023,119.4,549.0,0.94,1.17,False,False,10.0,11.84,0,0,7698.2
Sulawesi Utara,Minahasa Tenggara,2024,120.4,160.0,0.93,0.84,False,False,15.0,11.72,0,0,
Sulawesi Utara,Minahasa Utara,2014,196.4,199.0,0.8,0.77,False,False,1.0,7.75,0,0,
Sulawesi Utara,Minahasa Utara,2015,198.1,201.0,0.85,0.87,False,False,2.0,8.12,0,0,
Sulawesi Utara,Minahasa Utara,2016,199.5,202.0,0.71,0.71,False,False,2.0,7.9,0,0,5069.6
Sulawesi Utara,Minahasa Utara,2017,201.0,219.0,0.84,0.75,False,False,3.0,7.46,0,0,1488.2
Sulawesi Utara,Minahasa Utara,2018,202.3,220.0,0.82,0.65,False,False,3.0,6.99,0,0,4320.1
Sulawesi Utara,Minahasa Utara,2019,203.6,222.0,0.8,0.64,False,False,5.0,6.93,0,0,8259.6
Sulawesi Utara,Minahasa Utara,2020,225.0,245.0,1.71,10.51,True,False,8.0,7.0,0,0,3005.6
Sulawesi Utara,Minahasa Utara,2021,226.915,247.0,1.14,0.85,False,False,8.0,7.11,0,0,3480.0
Sulawesi Utara,Minahasa Utara,2022,229.368,230.0,1.11,1.08,False,False,8.0,6.6,0,0,5042.1
Sulawesi Utara,Minahasa Utara,2023,231.3,232.0,1.01,0.84,False,False,10.0,6.65,0,0,7698.2
Sulawesi Utara,Minahasa Utara,2024,233.5,235.0,0.99,0.95,False,False,15.0,6.95,0,0,
Sulawesi Utara,Siau Tagulandang Biaro,2014,65.3,299.0,0.24,0.31,False,False,1.0,11.03,0,0,
Sulawesi Utara,Siau Tagulandang Biaro,2015,65.6,301.0,0.46,0.46,False,False,2.0,10.93,0,0,
Sulawesi Utara,Siau Tagulandang Biaro,2016,65.8,302.0,0.38,0.3,False,False,2.0,10.58,0,0,5069.6
Sulawesi Utara,Siau Tagulandang Biaro,2017,66.0,239.0,0.43,0.3,False,False,3.0,10.33,0,0,1488.2
Sulawesi Utara,Siau Tagulandang Biaro,2018,66.2,240.0,0.43,0.3,False,False,3.0,9.87,0,0,4320.1
Sulawesi Utara,Siau Tagulandang Biaro,2019,66.4,72.0,0.41,0.3,False,False,5.0,9.56,0,0,8259.6
Sulawesi Utara,Siau Tagulandang Biaro,2020,71.8,260.0,1.15,8.13,True,False,8.0,8.94,0,0,3005.6
Sulawesi Utara,Siau Tagulandang Biaro,2021,72.135,261.0,0.59,0.47,False,False,8.0,8.94,0,0,3480.0
Sulawesi Utara,Siau Tagulandang Biaro,2022,72.517,332.0,0.56,0.53,False,False,8.0,8.2,0,0,5042.1
Sulawesi Utara,Siau Tagulandang Biaro,2023,73.4,45.0,0.79,1.22,False,False,10.0,8.76,0,0,7698.2
Sulawesi Utara,Siau Tagulandang Biaro,2024,73.9,340.0,0.77,0.68,False,False,15.0,8.32,0,0,
