company_key,company_norm,company_name
COMP-0001,ALASKA DWIPA PERDANA,ALASKA DWIPA PERDANA
COMP-0002,AMANAT SEPUH LESTARI,AMANAT SEPUH LESTARI
COMP-0003,ANG AND FANG BROTHER,ANG AND FANG BROTHER
COMP-0004,ANUGERAH ARGA PRATAMA,ANUGERAH ARGA PRATAMA
COMP-0005,ABADI NIKEL NUSANTARA,Abadi Nikel Nusantara
COMP-0006,BIMA CAKRA PERKASA MINERALINDO,BIMA CAKRA PERKASA MINERALINDO
COMP-0007,BINEKA KARYA,BINEKA KARYA
COMP-0008,BINTANG SINAR PERKASA,BINTANG SINAR PERKASA
COMP-0009,BINTANGDELAPAN MINERAL,BINTANGDELAPAN MINERAL
COMP-0010,BRATAMA MERCINDO ABADI,BRATAMA MERCINDO ABADI
COMP-0011,BUMI KALAENA PERSADA,BUMI KALAENA PERSADA
COMP-0012,BUMI MATANO INDAH,BUMI MATANO INDAH
COMP-0013,BUMI MOROWALI UTAMA,BUMI MOROWALI UTAMA
COMP-0014,BUMI ROUTA MINING,BUMI ROUTA MINING
COMP-0015,CAHAYA GINDA GANDA,CAHAYA GINDA GANDA
COMP-0016,CAHYA ADITAMA TEKNINDO,CAHYA ADITAMA TEKNINDO
COMP-0017,CETARA BANGUN PERSADA,CETARA BANGUN PERSADA
COMP-0018,CITRA ANGGUN BARATAMA,CITRA ANGGUN BARATAMA
COMP-0019,DELAPAN INTI POWER,DELAPAN INTI POWER
COMP-0020,DUA SAUDARA NIKELINDO,DUA SAUDARA NIKELINDO
COMP-0021,EMAS HIJAU JAYA,EMAS HIJAU JAYA
COMP-0022,ERABARU TIMUR LESTARI,ERABARU TIMUR LESTARI
COMP-0023,FADLAN MULIA JAYA,FADLAN MULIA JAYA
COMP-0024,FAJAR PRIMA SUKSES,FAJAR PRIMA SUKSES
COMP-0025,GALIH INSTRUMENTASI,GALIH INSTRUMENTASI
COMP-0026,GENBA MULTI MINERAL,GENBA MULTI MINERAL
COMP-0027,GITA FLORA,GITA FLORA
COMP-0028,GRAHA MINING UTAMA,GRAHA MINING UTAMA
COMP-0029,HARAPAN JAYA NIKELINDO,HARAPAN JAYA NIKELINDO
COMP-0030,HENGJAYA MINERALINDO,HENGJAYA MINERALINDO
COMP-0031,HERBINDO LIFE SANOBAR,HERBINDO LIFE SANOBAR
COMP-0032,INDOBERKAH JAYA MANDIRI,INDOBERKAH JAYA MANDIRI
COMP-0033,INDUSTRI TAMBANG UTAMA,INDUSTRI TAMBANG UTAMA
COMP-0034,KENCANA BUMI MINERAL,KENCANA BUMI MINERAL
COMP-0035,KENCANA NUSANTARA SAKTI,KENCANA NUSANTARA SAKTI
COMP-0036,KIMBERWAN INTERBUANA,KIMBERWAN INTERBUANA
COMP-0037,KURNIA DEGESS RAPTAMA,KURNIA DEGESS RAPTAMA
COMP-0038,LABOTA BAHODOPI SORAJAI,LABOTA BAHODOPI SORAJAI
COMP-0039,LAROENAI BUNGSEL SORAJAI,LAROENAI BUNGSEL SORAJAI
COMP-0040,MACRO PURI INDAH PERKASA,MACRO PURI INDAH PERKASA
COMP-0041,MAGHANTARA MULTIMEDIA NUSAPHALA,MAGHANTARA MULTIMEDIA NUSAPHALA
COMP-0042,MAHLIGAI ARTHA SEJAHTERA,MAHLIGAI ARTHA SEJAHTERA
COMP-0043,MAKARTI PADABAHO SORAJAI,MAKARTI PADABAHO SORAJAI
COMP-0044,MAKASSAR SUKSES SEJAHTERA,MAKASSAR SUKSES SEJAHTERA
COMP-0045,MINERAL BUMI NUSANTARA,MINERAL BUMI NUSANTARA
COMP-0046,MITRA JAYA PERKASA ABADI,MITRA JAYA PERKASA ABADI
COMP-0047,MITRA KARYA AGUNG LESTARI,MITRA KARYA AGUNG LESTARI
COMP-0048,MULAI DARI INDONESIA,MULAI DARI INDONESIA
COMP-0049,MULIA TANGJONG,MULIA TANGJONG
COMP-0050,MULTI MENTARI INTERNUSA,MULTI MENTARI INTERNUSA
COMP-0051,NUSA MINERAL SEMESTA,NUSA MINERAL SEMESTA
COMP-0052,NUSAJAYA PERSADATAMA MANDIRI,NUSAJAYA PERSADATAMA MANDIRI
COMP-0053,ODDELL INDONESIA,ODDELL INDONESIA
COMP-0054,OTI EYA ABADI,OTI EYA ABADI
COMP-0055,PAM MINERAL,PAM MINERAL
COMP-0056,PT MITRA SULAWESI BERSAMA,PT MITRA SULAWESI BERSAMA
COMP-0057,PUTRA SULAWESI MINNING,PUTRA SULAWESI MINNING
COMP-0058,RAIHAN CATURPUTRA,RAIHAN CATURPUTRA
COMP-0059,ROUDHOH PRATAMA,ROUDHOH PRATAMA
COMP-0060,SARANA ERANAS TAMBANG,SARANA ERANAS TAMBANG
COMP-0061,SARANA MAJU CEMERLANG,SARANA MAJU CEMERLANG
COMP-0062,SELARAS MAJU,SELARAS MAJU
COMP-0063,SUGICO PENDRAGON ENERGI,SUGICO PENDRAGON ENERGI
COMP-0064,SUMBER PERMATA MINERAL,SUMBER PERMATA MINERAL
COMP-0065,SYNERGY BARAPRIMA GEMILANG,SYNERGY BARAPRIMA GEMILANG
COMP-0066,TANJUNG BATANGA SAKTI,TANJUNG BATANGA SAKTI
COMP-0067,TEKNIK ALUM SERVICE,TEKNIK ALUM SERVICE
COMP-0068,TERATAI BINDO UTAMA,TERATAI BINDO UTAMA
COMP-0069,TIGA BAJI,TIGA BAJI
COMP-0070,TOPOGARO BUNGBAR SORAJAI,TOPOGARO BUNGBAR SORAJAI
COMP-0071,VITA INDAH SEJATI,VITA INDAH SEJATI
COMP-0072,WAHIDA PERSADA,WAHIDA PERSADA
COMP-0073,WOSINDO MINERAL PERKASA,WOSINDO MINERAL PERKASA
COMP-0074,WOSINDO PERKASA,WOSINDO PERKASA
COMP-0075,VALE INDONESIA,VALE INDONESIA
COMP-0076,ANUGERAH BATU PUTIH,ANUGERAH BATU PUTIH
COMP-0077,ASET SULAWESI MINERALINDO,ASET SULAWESI MINERALINDO
COMP-0078,BAHOEA ALAM JAYA,BAHOEA ALAM JAYA
COMP-0079,BATU ALAM PRIMA,BATU ALAM PRIMA
COMP-0080,BATU TAMBANG SAMBALAGI,BATU TAMBANG SAMBALAGI
COMP-0081,BATUAN UNGGUL PERKASA,BATUAN UNGGUL PERKASA
COMP-0082,BERKAH UTAMA MOROWALI,BERKAH UTAMA MOROWALI
COMP-0083,BIOMAS INTERNASIONAL,BIOMAS INTERNASIONAL
COMP-0084,BRAVO MAHESA ARKATAMA,BRAVO MAHESA ARKATAMA
COMP-0085,BUKIT INDAH NIRWANA,BUKIT INDAH NIRWANA
COMP-0086,BUMI MOROWALI ABADI,BUMI MOROWALI ABADI
COMP-0087,BUMI NICKEL MOROWALI,BUMI NICKEL MOROWALI
COMP-0088,CAHAYA ALAM MAKMUR,CAHAYA ALAM MAKMUR
COMP-0089,CAHAYA MINERAL INDUSTRI,CAHAYA MINERAL INDUSTRI
COMP-0090,CAHAYA MINERAL SEJAHTERA,CAHAYA MINERAL SEJAHTERA
COMP-0091,CALMONA PRIMA JAYA,CALMONA PRIMA JAYA
COMP-0092,CETARA KARYA PERKASA,CETARA KARYA PERKASA
COMP-0093,CIPTA MINERAL PERKASA,CIPTA MINERAL PERKASA
COMP-0094,DAMPALA SEJAHTERA BERSAMA,DAMPALA SEJAHTERA BERSAMA
COMP-0095,DENMAR JAYA MANDIRI,DENMAR JAYA MANDIRI
COMP-0096,DUTA SARANA MINERAL,DUTA SARANA MINERAL
COMP-0097,FINARA RAMA MOROWALI,FINARA RAMA MOROWALI
COMP-0098,GOSYEN ALAM SEJAHTERA,GOSYEN ALAM SEJAHTERA
COMP-0099,GRAHA BATU PERDANA,GRAHA BATU PERDANA
COMP-0100,GRAHA ISTIKA UTAMA,GRAHA ISTIKA UTAMA
COMP-0101,HARAPAN BARU,HARAPAN BARU
COMP-0102,INIA MPUU SEJAHTERA,INIA MPUU SEJAHTERA
COMP-0103,INVESTASI STALAKTIT INDONESIA,INVESTASI STALAKTIT INDONESIA
COMP-0104,JASATAMA MANDIRI SUKSES,JASATAMA MANDIRI SUKSES
COMP-0105,KENCANA BATU ALAM,KENCANA BATU ALAM
COMP-0106,LEWUTO BIMA PERSADA,LEWUTO BIMA PERSADA
COMP-0107,LOGAM JAYA UTAMA,LOGAM JAYA UTAMA
COMP-0108,MAKMUR TAMIN RAYA,MAKMUR TAMIN RAYA
COMP-0109,MENDUI PUTERA ABADI,MENDUI PUTERA ABADI
COMP-0110,MINERAL BUMI PULUTI,MINERAL BUMI PULUTI
COMP-0111,MOFARAH ENERGI TOPOGARO,MOFARAH ENERGI TOPOGARO
COMP-0112,MOROWALI BANGKIT SEJAHTERA,MOROWALI BANGKIT SEJAHTERA
COMP-0113,MOROWALI NUSANTARA MINERAL,MOROWALI NUSANTARA MINERAL
COMP-0114,MULIA JAYA MOROWALI,MULIA JAYA MOROWALI
COMP-0115,MUTIA KARYA MANDIRI,MUTIA KARYA MANDIRI
COMP-0116,MUTIARA SELATAN,MUTIARA SELATAN
COMP-0117,NATURAL PERSADA MOROWALI,NATURAL PERSADA MOROWALI
COMP-0118,NOVUS BUMI PERSADA,NOVUS BUMI PERSADA
COMP-0119,PALEWAI REZEKI PAMMASE,PALEWAI REZEKI PAMMASE
COMP-0120,PANORAMA FATUTOKO GRUP,PANORAMA FATUTOKO GRUP
COMP-0121,PENINSULA KAPUR PRIMA,PENINSULA KAPUR PRIMA
COMP-0122,PRIMA BERKAT MINERAL,PRIMA BERKAT MINERAL
COMP-0123,PRIMA MINERAL ABADI,PRIMA MINERAL ABADI
COMP-0124,PRIMA MOROWALI SEJAHTERA,PRIMA MOROWALI SEJAHTERA
COMP-0125,PUTRA SEJAHTERA MEMBANGUN,PUTRA SEJAHTERA MEMBANGUN
COMP-0126,REZKY UTAMA JAYA,REZKY UTAMA JAYA
COMP-0127,SAMUDRA LIMESTONE ABADI,SAMUDRA LIMESTONE ABADI
COMP-0128,SANDY KARYA MOROWALI,SANDY KARYA MOROWALI
COMP-0129,SULAWESI UTAMA MANDIRI,SULAWESI UTAMA MANDIRI
COMP-0130,SUMBER GLORI MAKMUR,SUMBER GLORI MAKMUR
COMP-0131,TAMA OTOLU METUTUAI,TAMA OTOLU METUTUAI
COMP-0132,TERA LIMESTONE SEJAHTERA,TERA LIMESTONE SEJAHTERA
COMP-0133,WIKA MANUNGGAL PERKASA,WIKA MANUNGGAL PERKASA
COMP-0134,ANEKA USAHA CEMERLANG,ANEKA USAHA CEMERLANG
COMP-0135,ARTHA BUMI MINERAL,ARTHA BUMI MINERAL
COMP-0136,AULIA PRIMA PERKASA,AULIA PRIMA PERKASA
COMP-0137,BHAKTIPUTRA PERSADA NUSANTARA,BHAKTIPUTRA PERSADA NUSANTARA
COMP-0138,BUKIT MAKMUR ISTINDO NIKELTAMA,BUKIT MAKMUR ISTINDO NIKELTAMA
COMP-0139,BUMI INDAH SULTRA,BUMI INDAH SULTRA
COMP-0140,CAHAYA MURNI SEJAHTERA,CAHAYA MURNI SEJAHTERA
COMP-0141,CIPTA HUTAMA MARANTI,CIPTA HUTAMA MARANTI
COMP-0142,COCOMAN,COCOMAN
COMP-0143,ENERSTEEL,ENERSTEEL
COMP-0144,GEMA RIPAH PRATAMA,GEMA RIPAH PRATAMA
COMP-0145,GHANESA WANA UTAMA,GHANESA WANA UTAMA
COMP-0146,GUNUNG WANGI NIKELINDO,GUNUNG WANGI NIKELINDO
COMP-0147,HALMAHERA INTERNATIONAL RESOURCES,HALMAHERA INTERNATIONAL RESOURCES
COMP-0148,HOFFMEN INTERNATIONAL,HOFFMEN INTERNATIONAL
COMP-0149,ITAMATRA NUSANTARA,ITAMATRA NUSANTARA
COMP-0150,KEINZ VENTURA,KEINZ VENTURA
COMP-0151,LUWUK GAS SEJATI,LUWUK GAS SEJATI
COMP-0152,MULIA PACIFIC RESOURCES,MULIA PACIFIC RESOURCES
COMP-0153,PALU BARUGA YAKU,PALU BARUGA YAKU
COMP-0154,PINHARD INDONESIA,PINHARD INDONESIA
COMP-0155,PUTRI PERDANA,PUTRI PERDANA
COMP-0156,REZKY UTAMA,REZKY UTAMA
COMP-0157,SARANA MINERALINDO PERKASA,SARANA MINERALINDO PERKASA
COMP-0158,SINAR KARYAGAMMA PRIMATAMA,SINAR KARYAGAMMA PRIMATAMA
COMP-0159,SINOSTEEL INDONESIA MINING,SINOSTEEL INDONESIA MINING
COMP-0160,SUMBER MINERAL ABADI,SUMBER MINERAL ABADI
COMP-0161,SUMBER PERMATA SELARAS,SUMBER PERMATA SELARAS
COMP-0162,SUMBER SWARNA PRATAMA,SUMBER SWARNA PRATAMA
COMP-0163,SURYA AMINDO PERKASA,SURYA AMINDO PERKASA
COMP-0164,TIGA DARA,TIGA DARA
COMP-0165,TOTAL PRIMA INDONESIA,TOTAL PRIMA INDONESIA
COMP-0166,TRINUSA BANGUN PERKASA,TRINUSA BANGUN PERKASA
COMP-0167,TRINUSA DHARMA UTAMA,TRINUSA DHARMA UTAMA
COMP-0168,USAHA KITA KINERJATAMA,USAHA KITA KINERJATAMA
COMP-0169,WARSITA KARYA,WARSITA KARYA
COMP-0170,YUDAF PERSADA JAYA,YUDAF PERSADA JAYA
COMP-0171,AFIT LINTAS JAYA,AFIT LINTAS JAYA
COMP-0172,ANUGRAH AFIT ABADI,ANUGRAH AFIT ABADI
COMP-0173,ASSAQTI MORUT ENERGY,ASSAQTI MORUT ENERGY
COMP-0174,BINTANG CEMERLANG MINERAL MORUT,BINTANG CEMERLANG MINERAL MORUT
COMP-0175,BINTANG MINING UTAMA,BINTANG MINING UTAMA
COMP-0176,BUKIT MAKMUR PERDANA,BUKIT MAKMUR PERDANA
COMP-0177,BUMI BINTANG SILIKA,BUMI BINTANG SILIKA
COMP-0178,BUMI NUSANTARA RESEARCES,BUMI NUSANTARA RESEARCES
COMP-0179,DAKSA PETRA MINERAL,DAKSA PETRA MINERAL
COMP-0180,FAZDA PERTAMBANGAN BEBATUAN,FAZDA PERTAMBANGAN BEBATUAN
COMP-0181,GEMILANG BATU KOLO,GEMILANG BATU KOLO
COMP-0182,GIRI MORI SEJAHTERA,GIRI MORI SEJAHTERA
COMP-0183,GITA PERKASA MINERALINDO,GITA PERKASA MINERALINDO
COMP-0184,HASTARI NAWASENA ENERGI,HASTARI NAWASENA ENERGI
COMP-0185,HEMDEV MINERAL PERKASA,HEMDEV MINERAL PERKASA
COMP-0186,KHATULISTIWA MINERAL AND MINING,KHATULISTIWA MINERAL AND MINING
COMP-0187,MEKAR INDAH BERMANFAAT,MEKAR INDAH BERMANFAAT
COMP-0188,MINERALINDO ALAM NUSANTARA,MINERALINDO ALAM NUSANTARA
COMP-0189,MULIA SILIKA INDONESIA,MULIA SILIKA INDONESIA
COMP-0190,NADYA SEDERHANA MEMBANGUN,Nadya Sederhana Membangun
COMP-0191,PASI WITA AKSATA,PASI WITA AKSATA
COMP-0192,PERDANA GEOMINE MANDIRI,PERDANA GEOMINE MANDIRI
COMP-0193,PERMATA INDAH MATABOLO,PERMATA INDAH MATABOLO
COMP-0194,REKAYASA BUMI MOROWALI,REKAYASA BUMI MOROWALI
COMP-0195,SANTINA MAJU BERSAMA,SANTINA MAJU BERSAMA
COMP-0196,SENTRAL SILIKA ABADI,SENTRAL SILIKA ABADI
COMP-0197,SINAR MESTIKA NUSANTARA,SINAR MESTIKA NUSANTARA
COMP-0198,SOIL EXCAVATION,SOIL EXCAVATION
COMP-0199,SUKENA WALET,SUKENA WALET
COMP-0200,SUMBER BATU NUSANTARA,SUMBER BATU NUSANTARA
COMP-0201,ALVINDO MINING RESOURCE,ALVINDO MINING RESOURCE
COMP-0202,ANDALAN ENERGI NUSANTARA,ANDALAN ENERGI NUSANTARA
COMP-0203,BERKAH TARULI JAYA,BERKAH TARULI JAYA
COMP-0204,BUMI KONAWE MINING,BUMI KONAWE MINING
COMP-0205,CITRA ARYA SENTOSA HUTAMA,CITRA ARYA SENTOSA HUTAMA
COMP-0206,GEMA KREASI PERDANA,GEMA KREASI PERDANA
COMP-0207,GENERASI AGUNG PERKASA,GENERASI AGUNG PERKASA
COMP-0208,GERBANG MULTI SEJAHTERA,GERBANG MULTI SEJAHTERA
COMP-0209,HIJRAH SAWITTO MARIORITA,HIJRAH SAWITTO MARIORITA
COMP-0210,HOMKEY INTI PRIMA,HOMKEY INTI PRIMA
COMP-0211,IFISHDECO,IFISHDECO
COMP-0212,INTAN PERDHANA PUSPA,INTAN PERDHANA PUSPA
COMP-0213,INTEGRA MINING NUSANTARA,INTEGRA MINING NUSANTARA
COMP-0214,JAGAD RAYATAMA,JAGAD RAYATAMA
COMP-0215,KONUT JAYA MINERAL,KONUT JAYA MINERAL
COMP-0216,LAEYA CIPTA GUNA,LAEYA CIPTA GUNA
COMP-0217,MACIKA MADA MADANA,MACIKA MADA MADANA
COMP-0218,MEGA TAMBANG INDONESIA,MEGA TAMBANG INDONESIA
COMP-0219,MEGA TAMBANG NIKEL,MEGA TAMBANG NIKEL
COMP-0220,MODERN CAHAYA MAKMUR,MODERN CAHAYA MAKMUR
COMP-0221,MUDA PRIMA INSAN,MUDA PRIMA INSAN
COMP-0222,NIKELINDO SURYAKENCANA AGUNG,NIKELINDO SURYAKENCANA AGUNG
COMP-0223,PANDU URANE PERKASA,PANDU URANE PERKASA
COMP-0224,PANJI NUGRAHA SAKTI,PANJI NUGRAHA SAKTI
COMP-0225,PELANGI UTAMA JAYA MANDIRI,PELANGI UTAMA JAYA MANDIRI
COMP-0226,PERTAMBANGAN BUMI ANOA,PERTAMBANGAN BUMI ANOA
COMP-0227,PUTRI GLORY ELSHADAY,PUTRI GLORY ELSHADAY
COMP-0228,SAMBAS MINERALS MINING,SAMBAS MINERALS MINING
COMP-0229,SENTRATAMA KARYA CEMERLANG,SENTRATAMA KARYA CEMERLANG
COMP-0230,ST NICKEL RESOURCES,ST NICKEL RESOURCES
COMP-0231,SULAWESI CAHAYA MINERAL,SULAWESI CAHAYA MINERAL
COMP-0232,SULEMANDARA KONAWE,SULEMANDARA KONAWE
COMP-0233,TAMBANG INDONESIA SEJAHTERA,TAMBANG INDONESIA SEJAHTERA
COMP-0234,VISI DEBTINDO MINERAL,VISI DEBTINDO MINERAL
COMP-0235,WAWONII MAKMUR JAYARAYA,WAWONII MAKMUR JAYARAYA
COMP-0236,WIJAYA INTI NUSANTARA,WIJAYA INTI NUSANTARA
COMP-0237,AKSAN RAYA PERKASA,AKSAN RAYA PERKASA
COMP-0238,ALESHA INTI BUMI,ALESHA INTI BUMI
COMP-0239,BENTENG GUNUNG MAS,BENTENG GUNUNG MAS
COMP-0240,BINTANG ENERGI MINERAL,BINTANG ENERGI MINERAL
COMP-0241,CAHAYA ALAM NUSANTARA,CAHAYA ALAM NUSANTARA
COMP-0242,CAHAYA SULTRA INDONESIA,CAHAYA SULTRA INDONESIA
COMP-0243,CITRA KHUSUMA SULTRA,CITRA KHUSUMA SULTRA
COMP-0244,FARDAN TOLAKINDO PERKASA,FARDAN TOLAKINDO PERKASA
COMP-0245,HANGTIAN NUR CAHAYA,HANGTIAN NUR CAHAYA
COMP-0246,HOFFMEN ENERGI PERKASA,HOFFMEN ENERGI PERKASA
COMP-0247,ILYAS KARYA,ILYAS KARYA
COMP-0248,KEMILAU BERSAMA SAHABAT,KEMILAU BERSAMA SAHABAT
COMP-0249,KONAWEHA MAKMUR,KONAWEHA MAKMUR
COMP-0250,KREASI KARBONAT UTAMA,KREASI KARBONAT UTAMA
COMP-0251,LALOMERUI PERKASA,LALOMERUI PERKASA
COMP-0252,LAMBOO INTI PASIR SILIKA,LAMBOO INTI PASIR SILIKA
COMP-0253,LINTAS STONE MINERAL,LINTAS STONE MINERAL
COMP-0254,MAPAN MULIA MAKMUR,MAPAN MULIA MAKMUR
COMP-0255,MEKAR JAYA MORAMO,MEKAR JAYA MORAMO
COMP-0256,MINERAL ABADI DJOJO,MINERAL ABADI DJOJO
COMP-0257,MORAMO KENCANA SAKTI,MORAMO KENCANA SAKTI
COMP-0258,NAGA MAS SULTRA,NAGA MAS SULTRA
COMP-0259,NURDIN KADIR,NURDIN KADIR
COMP-0260,ORISON MINERAL SYNERGY,ORISON MINERAL SYNERGY
COMP-0261,PANRITA BERKAH UTAMA,PANRITA BERKAH UTAMA
COMP-0262,RAMADHAN MORAMO RAYA,RAMADHAN MORAMO RAYA
COMP-0263,SASMAKA ANUGERAH ALAM,SASMAKA ANUGERAH ALAM
COMP-0264,SEJAHTERA ENERGI RESOURCES,SEJAHTERA ENERGI RESOURCES
COMP-0265,SILIKA CENTRA PRATAMA,SILIKA CENTRA PRATAMA
COMP-0266,SUMBER ALAM MATA WAWATU,SUMBER ALAM MATA WAWATU
COMP-0267,SURYA AMIEN SANTOSO,SURYA AMIEN SANTOSO
COMP-0268,WATU MORINI,WATU MORINI
COMP-0269,KARYATAMA KONAWE UTARA,KARYATAMA KONAWE UTARA
COMP-0270,PUTRI WULANDARI,PUTRI WULANDARI
COMP-0271,RIZQI SINAR BIOKAS,RIZQI SINAR BIOKAS
COMP-0272,YULAN PRATAMA,YULAN PRATAMA
COMP-0273,BUMI NIAGA MANDIRI,BUMI NIAGA MANDIRI
COMP-0274,CAHAYA CEMERLANG,CAHAYA CEMERLANG
COMP-0275,HANKING MAKMUR NICKELSMELT,HANKING MAKMUR NICKELSMELT
COMP-0276,AKAR MAS INTERNASIONAL,AKAR MAS INTERNASIONAL
COMP-0277,ANEKA TAMBANG,ANEKA TAMBANG
COMP-0278,BOLA DUNIA MANDIRI,BOLA DUNIA MANDIRI
COMP-0279,CERIA NUGRAHA INDOTAMA,CERIA NUGRAHA INDOTAMA
COMP-0280,DHARMA BUMI KOLAKA,DHARMA BUMI KOLAKA
COMP-0281,PD ANEKA USAHA KOLAKA,PD. ANEKA USAHA KOLAKA
COMP-0282,PERTAMBANGAN NICKEL SULAWESI TENGGARA,PERTAMBANGAN NICKEL SULAWESI TENGGARA
COMP-0283,PUTRA MEKONGGA SEJAHTERA,PUTRA MEKONGGA SEJAHTERA
COMP-0284,SURIA LINTAS GEMILANG,SURIA LINTAS GEMILANG
COMP-0285,TOSHIDA INDONESIA,TOSHIDA INDONESIA
COMP-0286,WAJA INTI LESTARI,WAJA INTI LESTARI
COMP-0287,WIJAYA NIKEL NUSANTARA,WIJAYA NIKEL NUSANTARA
COMP-0288,EVI ANDRIANI SYAM,EVI ANDRIANI SYAM
COMP-0289,GAMPING KOLAKA SEJAHTERA,GAMPING KOLAKA SEJAHTERA
COMP-0290,GASING SULAWESI,GASING SULAWESI
COMP-0291,JAYA MINERAL POMALAA,JAYA MINERAL POMALAA
COMP-0292,KISWAH PERDANA,KISWAH PERDANA
COMP-0293,MINERALINDO BERKAH SEMESTA,MINERALINDO BERKAH SEMESTA
COMP-0294,NAKA MOROWALI SEJAHTERA,NAKA MOROWALI SEJAHTERA
COMP-0295,PUTRA KOLAKA SEJAHTERA,PUTRA KOLAKA SEJAHTERA
COMP-0296,REJEKI ALAM SULTRA,REJEKI ALAM SULTRA
COMP-0297,RIDHA BUANA MANDIRI,RIDHA BUANA MANDIRI
COMP-0298,SULTRA SUMBER SEJAHTERA,SULTRA SUMBER SEJAHTERA
COMP-0299,TRI MITRA BABARINA PUTRA,TRI MITRA BABARINA PUTRA
COMP-0300,YUANDA JAYA INDONESIA,YUANDA JAYA INDONESIA
COMP-0301,ANUGERAH JAYA BUANA,ANUGERAH JAYA BUANA
COMP-0302,CITRA LAMPIA MANDIRI,CITRA LAMPIA MANDIRI
COMP-0303,DAYA GUNA GEMILANG,DAYA GUNA GEMILANG
COMP-0304,ERA MARPADOT,ERA MARPADOT
COMP-0305,KAHALA MINERA,KAHALA MINERA
COMP-0306,LINGKE SULAWESI MINERAL,LINGKE SULAWESI MINERAL
COMP-0307,MADUMA ASIH PRATAMA,MADUMA ASIH PRATAMA
COMP-0308,MITRA BERKARYA SEJATI,MITRA BERKARYA SEJATI
COMP-0309,PARAMOS REZEKI INDAH,PARAMOS REZEKI INDAH
COMP-0310,PONGKERU MINERAL UTAMA,PONGKERU MINERAL UTAMA
COMP-0311,PRIMA UTAMA LESTARI,PRIMA UTAMA LESTARI
COMP-0312,SANROY MITRA SAUDARA,SANROY MITRA SAUDARA
COMP-0313,SULAWESI DAMAI MINERAL,SULAWESI DAMAI MINERAL
COMP-0314,SUMBER WAHAU JAYA,SUMBER WAHAU JAYA
COMP-0315,TAMBORA RAYA,TAMBORA RAYA
COMP-0316,TIZAR TIRZIA TRIZARDI,TIZAR TIRZIA TRIZARDI
COMP-0317,VIRGO PUSPITA LESTARI,VIRGO PUSPITA LESTARI
COMP-0318,AEPRRA ENERGI PERSADA,AEPRRA ENERGI PERSADA
COMP-0319,ANUGERAH TEHNIK UTAMA,ANUGERAH TEHNIK UTAMA
COMP-0320,JUNIOR MANDIRI,JUNIOR MANDIRI
COMP-0321,MATTIRO DECENG LUTIM,MATTIRO DECENG LUTIM
COMP-0322,ORION MEA LUTIM,ORION MEA LUTIM
COMP-0323,PANCA DIGITAL SOLUTION,PANCA DIGITAL SOLUTION
COMP-0324,STAR MITRA SULAWESI,STAR MITRA SULAWESI
COMP-0325,ZAYN AL RAJHI,ZAYN AL RAJHI
COMP-0326,PT BAHODOPI NICKEL SMELTING INDONESIA,PT Bahodopi Nickel Smelting Indonesia
COMP-0327,PT GUNBUSTER NICKEL INDUSTRY,PT Gunbuster Nickel Industry
COMP-0328,PT VIRTUE DRAGON NICKEL INDUSTRY,PT Virtue Dragon Nickel Industry
COMP-0329,PT OBSIDIAN STAINLESS STEEL,PT Obsidian Stainless Steel
COMP-0330,PT ANEKA TAMBANG TBK,PT Aneka Tambang Tbk
COMP-0331,PT SULAWESI MINING INVESTMENT 100,PT Sulawesi Mining Investment [100%]
COMP-0332,INDONESIA HUAQING ALUMINUM CO LTD 100,Indonesia Huaqing Aluminum Co Ltd [100%]
COMP-0333,INDONESIA WANJIA FERRO NICKEL CO LTD 100,Indonesia Wanjia Ferro Nickel Co Ltd [100%]
COMP-0334,INDONESIA ZHAOHUI FERRO NICKEL CO LTD 100,Indonesia Zhaohui Ferro Nickel Co Ltd [100%]
COMP-0335,PT METAL SMELTINDO SELARAS 100,PT Metal Smeltindo Selaras [100%]
COMP-0336,INDONESIA ETERNAL SMELTING CO 100,Indonesia Eternal Smelting Co [100%]
COMP-0337,PT WALSIN NICKEL INDUSTRIAL INDONESIA 100,PT Walsin Nickel Industrial Indonesia [100%]
COMP-0338,PT INDONESIA GUANG CHING NICKEL AND STAINLESS STEEL INDUSTRY 100,PT Indonesia Guang Ching Nickel and Stainless Steel Industry [100%]
COMP-0339,INDONESIA MOROWALI POWER CO 100,Indonesia Morowali Power Co [100%]
COMP-0340,PT INDONESIA TSINGSHAN STAINLESS STEEL 100,PT Indonesia Tsingshan Stainless Steel [100%]
COMP-0341,PT NADESICO NICKEL INDUSTRY,PT Nadesico Nickel Industry
COMP-0342,PT GUNBUSTER NICKEL INDUSTRY 100,PT Gunbuster Nickel Industry [100%]
COMP-0343,PT OBSIDIAN STAINLESS STEEL 100,PT Obsidian Stainless Steel [100%]
COMP-0344,PT VIRTUE DRAGON NICKEL INDUSTRY 100,PT Virtue Dragon Nickel Industry [100%]
COMP-0345,PT ANEKA TAMBANG TBK 100,PT Aneka Tambang Tbk [100%]
