permit_key,cluster_id,node_label,nama_badan_usaha,nomor_izin,jenis_badan_usaha,komoditas,is_core_nickel,tahap_kegiatan,provinsi,lokasi_perizinan,tahun,luas_ha,source_dataset,cluster_key
PERMIT-0001,NODE-SULTENG-MOROWALI-IMIP,Simpul logistik pesisir IMIP-Bahodopi,Abadi Nikel Nusantara,38/1/IUP/PMDN/2025,Perusahaan Perseroan Terbatas (PT),Nikel,ya,OPERASI PRODUKSI,Sulawesi Tengah,KAB. MOROWALI,2014,4871.0,data/processed/sulawesi_izin_raw_details.csv,CLUSTER-001
PERMIT-0002,NODE-SULTENG-MOROWALI-IMIP,Simpul logistik pesisir IMIP-Bahodopi,ANG AND FANG BROTHER,352/1/IUP/PMDN/2022,Perusahaan Perseroan Terbatas (PT),Nikel,ya,OPERASI PRODUKSI,Sulawesi Tengah,KAB. MOROWALI,2022,775.0,data/processed/sulawesi_izin_raw_details.csv,CLUSTER-001
PERMIT-0003,NODE-SULTENG-MOROWALI-IMIP,Simpul logistik pesisir IMIP-Bahodopi,ASET SULAWESI MINERALINDO,02600102101520003,Perusahaan Perseroan Terbatas (PT),Batu Gamping,tidak,OPERASI PRODUKSI,Sulawesi Tengah,KAB. MOROWALI,2024,166.66,data/processed/sulawesi_izin_raw_details.csv,CLUSTER-001
PERMIT-0004,NODE-SULTENG-MOROWALI-IMIP,Simpul logistik pesisir IMIP-Bahodopi,BAHOEA ALAM JAYA,14032200402940008,Perusahaan Perseroan Terbatas (PT),Kerikil Berpasir Alami (Sirtu),tidak,EKSPLORASI,Sulawesi Tengah,KAB. MOROWALI,2023,38.56,data/processed/sulawesi_izin_raw_details.csv,CLUSTER-001
PERMIT-0005,NODE-SULTENG-MOROWALI-IMIP,Simpul logistik pesisir IMIP-Bahodopi,BATU ALAM PRIMA,04042200034950002,Perusahaan Perseroan Terbatas (PT),Batu Gamping,tidak,OPERASI PRODUKSI,Sulawesi Tengah,KAB. MOROWALI,2024,22.02,data/processed/sulawesi_izin_raw_details.csv,CLUSTER-001
PERMIT-0006,NODE-SULTENG-MOROWALI-IMIP,Simpul logistik pesisir IMIP-Bahodopi,BATUAN UNGGUL PERKASA,04032200292340005,Perusahaan Perseroan Terbatas (PT),Batu Gamping untuk Industri,tidak,EKSPLORASI,Sulawesi Tengah,KAB. MOROWALI,2024,1136.63,data/processed/sulawesi_izin_raw_details.csv,CLUSTER-001
PERMIT-0007,NODE-SULTENG-MOROWALI-IMIP,Simpul logistik pesisir IMIP-Bahodopi,BATU TAMBANG SAMBALAGI,03012200284540009,Perusahaan Perseroan Terbatas (PT),Batu Gamping,tidak,OPERASI PRODUKSI,Sulawesi Tengah,KAB. MOROWALI,2023,193.16,data/processed/sulawesi_izin_raw_details.csv,CLUSTER-001
PERMIT-0008,NODE-SULTENG-MOROWALI-IMIP,Simpul logistik pesisir IMIP-Bahodopi,BERKAH UTAMA MOROWALI,21022200562760010,Perusahaan Perseroan Terbatas (PT),Kerikil Berpasir Alami (Sirtu),tidak,OPERASI PRODUKSI,Sulawesi Tengah,KAB. MOROWALI,2023,19.77,data/processed/sulawesi_izin_raw_details.csv,CLUSTER-001
PERMIT-0009,NODE-SULTENG-MOROWALI-IMIP,Simpul logistik pesisir IMIP-Bahodopi,BINEKA KARYA,262/1/IUP/PMDN/2022,Perusahaan Komanditer (CV),Nikel,ya,OPERASI PRODUKSI,Sulawesi Tengah,KAB. MOROWALI,2022,970.0,data/processed/sulawesi_izin_raw_details.csv,CLUSTER-001
PERMIT-0010,NODE-SULTENG-MOROWALI-IMIP,Simpul logistik pesisir IMIP-Bahodopi,BINTANG SINAR PERKASA,28/1/IUP/PMA/2017,Perusahaan Perseroan Terbatas (PT),Nikel,ya,OPERASI PRODUKSI,Sulawesi Tengah,KAB. MOROWALI,2017,1867.7,data/processed/sulawesi_izin_raw_details.csv,CLUSTER-001
PERMIT-0011,NODE-SULTENG-MOROWALI-IMIP,Simpul logistik pesisir IMIP-Bahodopi,BIOMAS INTERNASIONAL,91200049329090001,Perusahaan Perseroan Terbatas (PT),Batu Gamping,tidak,OPERASI PRODUKSI,Sulawesi Tengah,KAB. MOROWALI,2023,180.0,data/processed/sulawesi_izin_raw_details.csv,CLUSTER-001
PERMIT-0012,NODE-SULTENG-MOROWALI-IMIP,Simpul logistik pesisir IMIP-Bahodopi,BRAVO MAHESA ARKATAMA,02200035616920010,Perusahaan Perseroan Terbatas (PT),Batu Gamping,tidak,OPERASI PRODUKSI,Sulawesi Tengah,KAB. MOROWALI,2023,82.0,data/processed/sulawesi_izin_raw_details.csv,CLUSTER-001
PERMIT-0013,NODE-SULTENG-MOROWALI-IMIP,Simpul logistik pesisir IMIP-Bahodopi,BUKIT INDAH NIRWANA,20012300490530002,Perusahaan Perseroan Terbatas (PT),Batu Gamping untuk Industri,tidak,OPERASI PRODUKSI,Sulawesi Tengah,KAB. MOROWALI,2024,190.0,data/processed/sulawesi_izin_raw_details.csv,CLUSTER-001
PERMIT-0014,NODE-SULTENG-MOROWALI-IMIP,Simpul logistik pesisir IMIP-Bahodopi,BUMI NICKEL MOROWALI,22082200447190009,Perusahaan Perseroan Terbatas (PT),Kerikil Berpasir Alami (Sirtu),tidak,OPERASI PRODUKSI,Sulawesi Tengah,KAB. MOROWALI,2024,7.9,data/processed/sulawesi_izin_raw_details.csv,CLUSTER-001
PERMIT-0015,NODE-SULTENG-MOROWALI-IMIP,Simpul logistik pesisir IMIP-Bahodopi,BUMI ROUTA MINING,540.3/SK.002/DESDM/IX/2014,Perusahaan Perseroan Terbatas (PT),Nikel,ya,OPERASI PRODUKSI,Sulawesi Tengah,KAB. MOROWALI,2014,5690.0,data/processed/sulawesi_izin_raw_details.csv,CLUSTER-001
PERMIT-0016,NODE-SULTENG-MOROWALI-IMIP,Simpul logistik pesisir IMIP-Bahodopi,CAHAYA ALAM MAKMUR,20082100046070004,Perusahaan Komanditer (CV),Pasir,tidak,OPERASI PRODUKSI,Sulawesi Tengah,KAB. MOROWALI,2024,42.71,data/processed/sulawesi_izin_raw_details.csv,CLUSTER-001
PERMIT-0017,NODE-SULTENG-MOROWALI-IMIP,Simpul logistik pesisir IMIP-Bahodopi,CAHAYA MINERAL INDUSTRI,28112200644180003,Perusahaan Perseroan Terbatas (PT),Kerikil Berpasir Alami (Sirtu),tidak,OPERASI PRODUKSI,Sulawesi Tengah,KAB. MOROWALI,2024,26.0,data/processed/sulawesi_izin_raw_details.csv,CLUSTER-001
PERMIT-0018,NODE-SULTENG-MOROWALI-IMIP,Simpul logistik pesisir IMIP-Bahodopi,CAHAYA MINERAL SEJAHTERA,05102100288720004,Perusahaan Perseroan Terbatas (PT),Batu Gamping,tidak,OPERASI PRODUKSI,Sulawesi Tengah,KAB. MOROWALI,2024,41.8,data/processed/sulawesi_izin_raw_details.csv,CLUSTER-001
PERMIT-0019,NODE-SULTENG-MOROWALI-IMIP,Simpul logistik pesisir IMIP-Bahodopi,CALMONA PRIMA JAYA,21022200116120003,Perusahaan Perseroan Terbatas (PT),Batu Gamping untuk Industri,tidak,OPERASI PRODUKSI,Sulawesi Tengah,KAB. MOROWALI,2024,193.72,data/processed/sulawesi_izin_raw_details.csv,CLUSTER-001
PERMIT-0020,NODE-SULTENG-MOROWALI-IMIP,Simpul logistik pesisir IMIP-Bahodopi,CETARA BANGUN PERSADA,1163/1/IUP/PMDN/2021,Perusahaan Perseroan Terbatas (PT),Nikel,ya,OPERASI PRODUKSI,Sulawesi Tengah,KAB. MOROWALI,2021,199.0,data/processed/sulawesi_izin_raw_details.csv,CLUSTER-001
PERMIT-0021,NODE-SULTENG-MOROWALI-IMIP,Simpul logistik pesisir IMIP-Bahodopi,CETARA KARYA PERKASA,01032300525050012,Perusahaan Perseroan Terbatas (PT),Batu Gunung Quarry Besar,tidak,EKSPLORASI,Sulawesi Tengah,KAB. MOROWALI,2023,99.43,data/processed/sulawesi_izin_raw_details.csv,CLUSTER-001
PERMIT-0022,NODE-SULTENG-MOROWALI-IMIP,Simpul logistik pesisir IMIP-Bahodopi,CITRA ANGGUN BARATAMA,1127/1/IUP/PMDN/2022,Perusahaan Perseroan Terbatas (PT),Nikel,ya,OPERASI PRODUKSI,Sulawesi Tengah,KAB. MOROWALI,2022,6080.0,data/processed/sulawesi_izin_raw_details.csv,CLUSTER-001
PERMIT-0023,NODE-SULTENG-MOROWALI-IMIP,Simpul logistik pesisir IMIP-Bahodopi,DAMPALA SEJAHTERA BERSAMA,12150004206640018,Perusahaan Perseroan Terbatas (PT),Kerikil Berpasir Alami (Sirtu),tidak,OPERASI PRODUKSI,Sulawesi Tengah,KAB. MOROWALI,2023,12.55,data/processed/sulawesi_izin_raw_details.csv,CLUSTER-001
PERMIT-0024,NODE-SULTENG-MOROWALI-IMIP,Simpul logistik pesisir IMIP-Bahodopi,DELAPAN INTI POWER,28/1/IUP/PMDN/2023,Perusahaan Perseroan Terbatas (PT),Nikel,ya,OPERASI PRODUKSI,Sulawesi Tengah,KAB. MOROWALI,2023,4941.0,data/processed/sulawesi_izin_raw_details.csv,CLUSTER-001
PERMIT-0025,NODE-SULTENG-MOROWALI-IMIP,Simpul logistik pesisir IMIP-Bahodopi,DENMAR JAYA MANDIRI,12540014224460008,Perusahaan Perseroan Terbatas (PT),Batu Gamping,tidak,OPERASI PRODUKSI,Sulawesi Tengah,KAB. MOROWALI,2024,73.53,data/processed/sulawesi_izin_raw_details.csv,CLUSTER-001
PERMIT-0026,NODE-SULTENG-MOROWALI-IMIP,Simpul logistik pesisir IMIP-Bahodopi,DUA SAUDARA NIKELINDO,33/1/iup/PMDN/2024,Perusahaan Perseroan Terbatas (PT),Nikel,ya,OPERASI PRODUKSI,Sulawesi Tengah,KAB. MOROWALI,2024,1535.0,data/processed/sulawesi_izin_raw_details.csv,CLUSTER-001
PERMIT-0027,NODE-SULTENG-MOROWALI-IMIP,Simpul logistik pesisir IMIP-Bahodopi,DUTA SARANA MINERAL,01082300816630001,Perusahaan Perseroan Terbatas (PT),Tanah Urug,tidak,OPERASI PRODUKSI,Sulawesi Tengah,KAB. MOROWALI,2023,16.13,data/processed/sulawesi_izin_raw_details.csv,CLUSTER-001
PERMIT-0028,NODE-SULTENG-MOROWALI-IMIP,Simpul logistik pesisir IMIP-Bahodopi,FADLAN MULIA JAYA,1303/1/IUP/PMDN/2021,Perusahaan Perseroan Terbatas (PT),Nikel,ya,OPERASI PRODUKSI,Sulawesi Tengah,KAB. MOROWALI,2021,199.0,data/processed/sulawesi_izin_raw_details.csv,CLUSTER-001
PERMIT-0029,NODE-SULTENG-MOROWALI-IMIP,Simpul logistik pesisir IMIP-Bahodopi,FINARA RAMA MOROWALI,26102200016850003,Perusahaan Perseroan Terbatas (PT),Batu Gamping,tidak,OPERASI PRODUKSI,Sulawesi Tengah,KAB. MOROWALI,2023,80.0,data/processed/sulawesi_izin_raw_details.csv,CLUSTER-001
PERMIT-0030,NODE-SULTENG-MOROWALI-IMIP,Simpul logistik pesisir IMIP-Bahodopi,GENBA MULTI MINERAL,1/I/IUP/PMA/2016,Perusahaan Perseroan Terbatas (PT),Nikel,ya,OPERASI PRODUKSI,Sulawesi Tengah,KAB. MOROWALI,2016,3744.0,data/processed/sulawesi_izin_raw_details.csv,CLUSTER-001
PERMIT-0031,NODE-SULTENG-MOROWALI-IMIP,Simpul logistik pesisir IMIP-Bahodopi,GITA FLORA,15/1/IUP/PMDN/2024,Perusahaan Komanditer (CV),Nikel,ya,OPERASI PRODUKSI,Sulawesi Tengah,KAB. MOROWALI,2024,624.0,data/processed/sulawesi_izin_raw_details.csv,CLUSTER-001
PERMIT-0032,NODE-SULTENG-MOROWALI-IMIP,Simpul logistik pesisir IMIP-Bahodopi,GOSYEN ALAM SEJAHTERA,14102200014540005,Perusahaan Perseroan Terbatas (PT),Kerikil Berpasir Alami (Sirtu),tidak,OPERASI PRODUKSI,Sulawesi Tengah,KAB. MOROWALI,2023,11.0,data/processed/sulawesi_izin_raw_details.csv,CLUSTER-001
PERMIT-0033,NODE-SULTENG-MOROWALI-IMIP,Simpul logistik pesisir IMIP-Bahodopi,GRAHA BATU PERDANA,12180003004950003,Perusahaan Perseroan Terbatas (PT),Batu Gamping,tidak,OPERASI PRODUKSI,Sulawesi Tengah,KAB. MOROWALI,2023,122.36,data/processed/sulawesi_izin_raw_details.csv,CLUSTER-001
PERMIT-0034,NODE-SULTENG-MOROWALI-IMIP,Simpul logistik pesisir IMIP-Bahodopi,GRAHA ISTIKA UTAMA,91200088613430004,Perusahaan Perseroan Terbatas (PT),Batu Gamping,tidak,OPERASI PRODUKSI,Sulawesi Tengah,KAB. MOROWALI,2022,61.5,data/processed/sulawesi_izin_raw_details.csv,CLUSTER-001
PERMIT-0035,NODE-SULTENG-MOROWALI-IMIP,Simpul logistik pesisir IMIP-Bahodopi,GRAHA MINING UTAMA,252/1/IUP/PMDN/2022,Perusahaan Perseroan Terbatas (PT),Nikel,ya,OPERASI PRODUKSI,Sulawesi Tengah,KAB. MOROWALI,2022,1102.0,data/processed/sulawesi_izin_raw_details.csv,CLUSTER-001
PERMIT-0036,NODE-SULTENG-MOROWALI-IMIP,Simpul logistik pesisir IMIP-Bahodopi,HARAPAN BARU,650/1/IUP/PMDN/2022,Perusahaan Komanditer (CV),Batu Gamping untuk Industri,tidak,EKSPLORASI,Sulawesi Tengah,KAB. MOROWALI,2022,64.0,data/processed/sulawesi_izin_raw_details.csv,CLUSTER-001
PERMIT-0037,NODE-SULTENG-MOROWALI-IMIP,Simpul logistik pesisir IMIP-Bahodopi,HENGJAYA MINERALINDO,540/345/IUP-OP-PENCIUTAN/DPMPTSP/2020,Perusahaan Perseroan Terbatas (PT),Nikel,ya,OPERASI PRODUKSI,Sulawesi Tengah,KAB. MOROWALI,2020,5983.0,data/processed/sulawesi_izin_raw_details.csv,CLUSTER-001
PERMIT-0038,NODE-SULTENG-MOROWALI-IMIP,Simpul logistik pesisir IMIP-Bahodopi,INDOBERKAH JAYA MANDIRI,188.4.45/KEP.0252/DESDM/2014,Perusahaan Perseroan Terbatas (PT),Nikel,ya,OPERASI PRODUKSI,Sulawesi Tengah,KAB. MOROWALI,2014,196.0,data/processed/sulawesi_izin_raw_details.csv,CLUSTER-001
PERMIT-0039,NODE-SULTENG-MOROWALI-IMIP,Simpul logistik pesisir IMIP-Bahodopi,INIA MPUU SEJAHTERA,12082200437060011,Perusahaan Perseroan Terbatas (PT),Kerikil Berpasir Alami (Sirtu),tidak,OPERASI PRODUKSI,Sulawesi Tengah,KAB. MOROWALI,2024,90.58,data/processed/sulawesi_izin_raw_details.csv,CLUSTER-001
PERMIT-0040,NODE-SULTENG-MOROWALI-IMIP,Simpul logistik pesisir IMIP-Bahodopi,JASATAMA MANDIRI SUKSES,12600001225250002,Perusahaan Perseroan Terbatas (PT),Batu Gamping untuk Industri,tidak,OPERASI PRODUKSI,Sulawesi Tengah,KAB. MOROWALI,2023,85.73,data/processed/sulawesi_izin_raw_details.csv,CLUSTER-001
PERMIT-0041,NODE-SULTENG-MOROWALI-IMIP,Simpul logistik pesisir IMIP-Bahodopi,KENCANA BUMI MINERAL,540/042/IUP-OP/DPMPTSP/2018,Perusahaan Perseroan Terbatas (PT),Nikel,ya,OPERASI PRODUKSI,Sulawesi Tengah,KAB. MOROWALI,2018,2549.0,data/processed/sulawesi_izin_raw_details.csv,CLUSTER-001
PERMIT-0042,NODE-SULTENG-MOROWALI-IMIP,Simpul logistik pesisir IMIP-Bahodopi,KENCANA NUSANTARA SAKTI,47/1/IUP/PMDN/2023,Perusahaan Perseroan Terbatas (PT),Nikel,ya,OPERASI PRODUKSI,Sulawesi Tengah,KAB. MOROWALI,2023,2815.0,data/processed/sulawesi_izin_raw_details.csv,CLUSTER-001
PERMIT-0043,NODE-SULTENG-MOROWALI-IMIP,Simpul logistik pesisir IMIP-Bahodopi,LABOTA BAHODOPI SORAJAI,540/680/IUP-OP/DPMPTSP/2018,Perusahaan Perseroan Terbatas (PT),Nikel,ya,OPERASI PRODUKSI,Sulawesi Tengah,KAB. MOROWALI,2018,608.0,data/processed/sulawesi_izin_raw_details.csv,CLUSTER-001
PERMIT-0044,NODE-SULTENG-MOROWALI-IMIP,Simpul logistik pesisir IMIP-Bahodopi,LAROENAI BUNGSEL SORAJAI,540/652/IUP-OP/DPMPTSP/2018,Perusahaan Perseroan Terbatas (PT),Nikel,ya,OPERASI PRODUKSI,Sulawesi Tengah,KAB. MOROWALI,2018,256.0,data/processed/sulawesi_izin_raw_details.csv,CLUSTER-001
PERMIT-0045,NODE-SULTENG-MOROWALI-IMIP,Simpul logistik pesisir IMIP-Bahodopi,LEWUTO BIMA PERSADA,91203130427550003,Perusahaan Perseroan Terbatas (PT),Batu Gamping,tidak,OPERASI PRODUKSI,Sulawesi Tengah,KAB. MOROWALI,2024,178.8,data/processed/sulawesi_izin_raw_details.csv,CLUSTER-001
PERMIT-0046,NODE-SULTENG-MOROWALI-IMIP,Simpul logistik pesisir IMIP-Bahodopi,LOGAM JAYA UTAMA,91203120415160002,Perusahaan Perseroan Terbatas (PT),Batu Gamping,tidak,OPERASI PRODUKSI,Sulawesi Tengah,KAB. MOROWALI,2023,58.3,data/processed/sulawesi_izin_raw_details.csv,CLUSTER-001
PERMIT-0047,NODE-SULTENG-MOROWALI-IMIP,Simpul logistik pesisir IMIP-Bahodopi,MAHLIGAI ARTHA SEJAHTERA,992/1/IUP/PMDN/2021,Perusahaan Perseroan Terbatas (PT),Nikel,ya,OPERASI PRODUKSI,Sulawesi Tengah,KAB. MOROWALI,2021,514.0,data/processed/sulawesi_izin_raw_details.csv,CLUSTER-001
PERMIT-0048,NODE-SULTENG-MOROWALI-IMIP,Simpul logistik pesisir IMIP-Bahodopi,MAKARTI PADABAHO SORAJAI,540/681/IUP-OP/DPMPTSP/2018,Perusahaan Perseroan Terbatas (PT),Nikel,ya,OPERASI PRODUKSI,Sulawesi Tengah,KAB. MOROWALI,2018,1135.0,data/processed/sulawesi_izin_raw_details.csv,CLUSTER-001
PERMIT-0049,NODE-SULTENG-MOROWALI-IMIP,Simpul logistik pesisir IMIP-Bahodopi,MAKMUR TAMIN RAYA,20072200410830019,Perusahaan Perseroan Terbatas (PT),Batu Gamping,tidak,OPERASI PRODUKSI,Sulawesi Tengah,KAB. MOROWALI,2024,53.0,data/processed/sulawesi_izin_raw_details.csv,CLUSTER-001
PERMIT-0050,NODE-SULTENG-MOROWALI-IMIP,Simpul logistik pesisir IMIP-Bahodopi,MENDUI PUTERA ABADI,25052200076390001,Perusahaan Komanditer (CV),Batu Gamping,tidak,EKSPLORASI,Sulawesi Tengah,KAB. MOROWALI,2024,28.5,data/processed/sulawesi_izin_raw_details.csv,CLUSTER-001
PERMIT-0051,NODE-SULTENG-MOROWALI-IMIP,Simpul logistik pesisir IMIP-Bahodopi,MINERAL BUMI NUSANTARA,91201091906320013,Perusahaan Perseroan Terbatas (PT),Batu Gamping,tidak,OPERASI PRODUKSI,Sulawesi Tengah,KAB. MOROWALI,2022,155.0,data/processed/sulawesi_izin_raw_details.csv,CLUSTER-001
PERMIT-0052,NODE-SULTENG-MOROWALI-IMIP,Simpul logistik pesisir IMIP-Bahodopi,MINERAL BUMI PULUTI,12700007213330003,Perusahaan Perseroan Terbatas (PT),Batu Gamping,tidak,OPERASI PRODUKSI,Sulawesi Tengah,KAB. MOROWALI,2022,84.0,data/processed/sulawesi_izin_raw_details.csv,CLUSTER-001
PERMIT-0053,NODE-SULTENG-MOROWALI-IMIP,Simpul logistik pesisir IMIP-Bahodopi,MITRA JAYA PERKASA ABADI,10/1/IUP/PMDN/2024,Perusahaan Perseroan Terbatas (PT),Nikel,ya,OPERASI PRODUKSI,Sulawesi Tengah,KAB. MOROWALI,2024,1086.0,data/processed/sulawesi_izin_raw_details.csv,CLUSTER-001
PERMIT-0054,NODE-SULTENG-MOROWALI-IMIP,Simpul logistik pesisir IMIP-Bahodopi,MITRA KARYA AGUNG LESTARI,540/809/DISESDM-G.ST/2016,Perusahaan Perseroan Terbatas (PT),Nikel,ya,OPERASI PRODUKSI,Sulawesi Tengah,KAB. MOROWALI,2016,743.0,data/processed/sulawesi_izin_raw_details.csv,CLUSTER-001
PERMIT-0055,NODE-SULTENG-MOROWALI-IMIP,Simpul logistik pesisir IMIP-Bahodopi,MOFARAH ENERGI TOPOGARO,27092100361650007,Perusahaan Perseroan Terbatas (PT),Batu Gamping,tidak,OPERASI PRODUKSI,Sulawesi Tengah,KAB. MOROWALI,2023,93.15,data/processed/sulawesi_izin_raw_details.csv,CLUSTER-001
PERMIT-0056,NODE-SULTENG-MOROWALI-IMIP,Simpul logistik pesisir IMIP-Bahodopi,MOROWALI BANGKIT SEJAHTERA,867/1/IUP/PMDN/2021,Perusahaan Perseroan Terbatas (PT),Batu Gamping,tidak,EKSPLORASI,Sulawesi Tengah,KAB. MOROWALI,2021,788.0,data/processed/sulawesi_izin_raw_details.csv,CLUSTER-001
PERMIT-0057,NODE-SULTENG-MOROWALI-IMIP,Simpul logistik pesisir IMIP-Bahodopi,MOROWALI NUSANTARA MINERAL,02204008614940012,Perusahaan Perseroan Terbatas (PT),Kerikil Berpasir Alami (Sirtu),tidak,OPERASI PRODUKSI,Sulawesi Tengah,KAB. MOROWALI,2024,7.2,data/processed/sulawesi_izin_raw_details.csv,CLUSTER-001
PERMIT-0058,NODE-SULTENG-MOROWALI-IMIP,Simpul logistik pesisir IMIP-Bahodopi,MULIA JAYA MOROWALI,30112300746480009,Perusahaan Perseroan Terbatas (PT),Kerikil Berpasir Alami (Sirtu),tidak,OPERASI PRODUKSI,Sulawesi Tengah,KAB. MOROWALI,2024,50.27,data/processed/sulawesi_izin_raw_details.csv,CLUSTER-001
PERMIT-0059,NODE-SULTENG-MOROWALI-IMIP,Simpul logistik pesisir IMIP-Bahodopi,MUTIARA SELATAN,04012300481880001,Perusahaan Komanditer (CV),Kerikil Berpasir Alami (Sirtu),tidak,OPERASI PRODUKSI,Sulawesi Tengah,KAB. MOROWALI,2023,5.0,data/processed/sulawesi_izin_raw_details.csv,CLUSTER-001
PERMIT-0060,NODE-SULTENG-MOROWALI-IMIP,Simpul logistik pesisir IMIP-Bahodopi,NATURAL PERSADA MOROWALI,91203039514310001,Perusahaan Perseroan Terbatas (PT),Batu Gamping,tidak,OPERASI PRODUKSI,Sulawesi Tengah,KAB. MOROWALI,2023,93.0,data/processed/sulawesi_izin_raw_details.csv,CLUSTER-001
PERMIT-0061,NODE-SULTENG-MOROWALI-IMIP,Simpul logistik pesisir IMIP-Bahodopi,NOVUS BUMI PERSADA,15062300879570015,Perusahaan Perseroan Terbatas (PT),Batu Gamping,tidak,OPERASI PRODUKSI,Sulawesi Tengah,KAB. MOROWALI,2024,98.0,data/processed/sulawesi_izin_raw_details.csv,CLUSTER-001
PERMIT-0062,NODE-SULTENG-MOROWALI-IMIP,Simpul logistik pesisir IMIP-Bahodopi,NUSAJAYA PERSADATAMA MANDIRI,91203036116790007,Perusahaan Perseroan Terbatas (PT),Nikel,ya,OPERASI PRODUKSI,Sulawesi Tengah,KAB. MOROWALI,2024,1825.0,data/processed/sulawesi_izin_raw_details.csv,CLUSTER-001
PERMIT-0063,NODE-SULTENG-MOROWALI-IMIP,Simpul logistik pesisir IMIP-Bahodopi,NUSA MINERAL SEMESTA,12/1/IUP/PMDN/2023,Perusahaan Perseroan Terbatas (PT),Nikel,ya,OPERASI PRODUKSI,Sulawesi Tengah,KAB. MOROWALI,2023,1015.0,data/processed/sulawesi_izin_raw_details.csv,CLUSTER-001
PERMIT-0064,NODE-SULTENG-MOROWALI-IMIP,Simpul logistik pesisir IMIP-Bahodopi,OTI EYA ABADI,540/364/IUP-OP/DPMPTSP/2018,Perusahaan Perseroan Terbatas (PT),Nikel,ya,OPERASI PRODUKSI,Sulawesi Tengah,KAB. MOROWALI,2018,3339.23,data/processed/sulawesi_izin_raw_details.csv,CLUSTER-001
PERMIT-0065,NODE-SULTENG-MOROWALI-IMIP,Simpul logistik pesisir IMIP-Bahodopi,PALEWAI REZEKI PAMMASE,22042200511470003,Perusahaan Perseroan Terbatas (PT),Kerikil Berpasir Alami (Sirtu),tidak,OPERASI PRODUKSI,Sulawesi Tengah,KAB. MOROWALI,2023,23.0,data/processed/sulawesi_izin_raw_details.csv,CLUSTER-001
PERMIT-0066,NODE-SULTENG-MOROWALI-IMIP,Simpul logistik pesisir IMIP-Bahodopi,PAM MINERAL,81203140114920005,Perusahaan Perseroan Terbatas (PT),Nikel,ya,OPERASI PRODUKSI,Sulawesi Tengah,KAB. MOROWALI,2024,198.0,data/processed/sulawesi_izin_raw_details.csv,CLUSTER-001
PERMIT-0067,NODE-SULTENG-MOROWALI-IMIP,Simpul logistik pesisir IMIP-Bahodopi,PANORAMA FATUTOKO GRUP,10042200148540004,Perusahaan Komanditer (CV),Kerikil Berpasir Alami (Sirtu),tidak,OPERASI PRODUKSI,Sulawesi Tengah,KAB. MOROWALI,2024,75.44,data/processed/sulawesi_izin_raw_details.csv,CLUSTER-001
PERMIT-0068,NODE-SULTENG-MOROWALI-IMIP,Simpul logistik pesisir IMIP-Bahodopi,PENINSULA KAPUR PRIMA,26092200773760003,Perusahaan Perseroan Terbatas (PT),Batu Gamping,tidak,OPERASI PRODUKSI,Sulawesi Tengah,KAB. MOROWALI,2024,97.0,data/processed/sulawesi_izin_raw_details.csv,CLUSTER-001
PERMIT-0069,NODE-SULTENG-MOROWALI-IMIP,Simpul logistik pesisir IMIP-Bahodopi,PRIMA BERKAT MINERAL,91204013511940003,Perusahaan Perseroan Terbatas (PT),Batu Gamping,tidak,OPERASI PRODUKSI,Sulawesi Tengah,KAB. MOROWALI,2024,187.41,data/processed/sulawesi_izin_raw_details.csv,CLUSTER-001
PERMIT-0070,NODE-SULTENG-MOROWALI-IMIP,Simpul logistik pesisir IMIP-Bahodopi,PRIMA MINERAL ABADI,91203012011480003,Perusahaan Perseroan Terbatas (PT),Batu Gamping,tidak,OPERASI PRODUKSI,Sulawesi Tengah,KAB. MOROWALI,2024,495.35,data/processed/sulawesi_izin_raw_details.csv,CLUSTER-001
PERMIT-0071,NODE-SULTENG-MOROWALI-IMIP,Simpul logistik pesisir IMIP-Bahodopi,PRIMA MOROWALI SEJAHTERA,02240102113090003,Perusahaan Perseroan Terbatas (PT),Batu Gamping,tidak,OPERASI PRODUKSI,Sulawesi Tengah,KAB. MOROWALI,2022,164.45,data/processed/sulawesi_izin_raw_details.csv,CLUSTER-001
PERMIT-0072,NODE-SULTENG-MOROWALI-IMIP,Simpul logistik pesisir IMIP-Bahodopi,PT MITRA SULAWESI BERSAMA,18/1/IUP/PMDN/2023,Perusahaan Umum (Perum),Nikel,ya,OPERASI PRODUKSI,Sulawesi Tengah,KAB. MOROWALI,2023,606.0,data/processed/sulawesi_izin_raw_details.csv,CLUSTER-001
PERMIT-0073,NODE-SULTENG-MOROWALI-IMIP,Simpul logistik pesisir IMIP-Bahodopi,PUTRA SEJAHTERA MEMBANGUN,25112200632560003,Perusahaan Perseroan Terbatas (PT),Kerikil Berpasir Alami (Sirtu),tidak,OPERASI PRODUKSI,Sulawesi Tengah,KAB. MOROWALI,2024,87.0,data/processed/sulawesi_izin_raw_details.csv,CLUSTER-001
PERMIT-0074,NODE-SULTENG-MOROWALI-IMIP,Simpul logistik pesisir IMIP-Bahodopi,RAIHAN CATURPUTRA,540/679/IUP-OP/DPMPTSP/2018,Perusahaan Perseroan Terbatas (PT),Nikel,ya,OPERASI PRODUKSI,Sulawesi Tengah,KAB. MOROWALI,2018,688.0,data/processed/sulawesi_izin_raw_details.csv,CLUSTER-001
PERMIT-0075,NODE-SULTENG-MOROWALI-IMIP,Simpul logistik pesisir IMIP-Bahodopi,REZKY UTAMA JAYA,02240101817140004,Perusahaan Perseroan Terbatas (PT),Batu Gamping,tidak,OPERASI PRODUKSI,Sulawesi Tengah,KAB. MOROWALI,2022,190.0,data/processed/sulawesi_izin_raw_details.csv,CLUSTER-001
PERMIT-0076,NODE-SULTENG-MOROWALI-IMIP,Simpul logistik pesisir IMIP-Bahodopi,SAMUDRA LIMESTONE ABADI,14022300645370002,Perusahaan Perseroan Terbatas (PT),Batu Gamping,tidak,OPERASI PRODUKSI,Sulawesi Tengah,KAB. MOROWALI,2024,99.3,data/processed/sulawesi_izin_raw_details.csv,CLUSTER-001
PERMIT-0077,NODE-SULTENG-MOROWALI-IMIP,Simpul logistik pesisir IMIP-Bahodopi,SANDY KARYA MOROWALI,02200073007640012,Perusahaan Komanditer (CV),Batu Gamping,tidak,OPERASI PRODUKSI,Sulawesi Tengah,KAB. MOROWALI,2023,37.43,data/processed/sulawesi_izin_raw_details.csv,CLUSTER-001
PERMIT-0078,NODE-SULTENG-MOROWALI-IMIP,Simpul logistik pesisir IMIP-Bahodopi,SARANA MAJU CEMERLANG,02203052610380001,Perusahaan Perseroan Terbatas (PT),Nikel,ya,OPERASI PRODUKSI,Sulawesi Tengah,KAB. MOROWALI,2022,538.0,data/processed/sulawesi_izin_raw_details.csv,CLUSTER-001
PERMIT-0079,NODE-SULTENG-MOROWALI-IMIP,Simpul logistik pesisir IMIP-Bahodopi,SELARAS MAJU,540.3/SK.020/DESDM/VII/2014,Perusahaan Komanditer (CV),Nikel,ya,OPERASI PRODUKSI,Sulawesi Tengah,KAB. MOROWALI,2014,572.0,data/processed/sulawesi_izin_raw_details.csv,CLUSTER-001
PERMIT-0080,NODE-SULTENG-MOROWALI-IMIP,Simpul logistik pesisir IMIP-Bahodopi,SUGICO PENDRAGON ENERGI,37/1/IUP/PMDN/2023,Perusahaan Perseroan Terbatas (PT),Nikel,ya,OPERASI PRODUKSI,Sulawesi Tengah,KAB. MOROWALI,2023,4429.0,data/processed/sulawesi_izin_raw_details.csv,CLUSTER-001
PERMIT-0081,NODE-SULTENG-MOROWALI-IMIP,Simpul logistik pesisir IMIP-Bahodopi,SULAWESI UTAMA MANDIRI,31052300715720001,Perusahaan Komanditer (CV),Batu Gamping,tidak,OPERASI PRODUKSI,Sulawesi Tengah,KAB. MOROWALI,2023,109.68,data/processed/sulawesi_izin_raw_details.csv,CLUSTER-001
PERMIT-0082,NODE-SULTENG-MOROWALI-IMIP,Simpul logistik pesisir IMIP-Bahodopi,SUMBER PERMATA MINERAL,540/575/IUP-OP/AFI/DPMPTSP/2020,Perusahaan Perseroan Terbatas (PT),Nikel,ya,OPERASI PRODUKSI,Sulawesi Tengah,KAB. MOROWALI,2020,176.0,data/processed/sulawesi_izin_raw_details.csv,CLUSTER-001
PERMIT-0083,NODE-SULTENG-MOROWALI-IMIP,Simpul logistik pesisir IMIP-Bahodopi,SUMBER SWARNA PRATAMA,540.3/SK.009/DESDM/I/2014,Perusahaan Perseroan Terbatas (PT),Nikel,ya,OPERASI PRODUKSI,Sulawesi Tengah,KAB. MOROWALI,2014,4023.0,data/processed/sulawesi_izin_raw_details.csv,CLUSTER-001
PERMIT-0084,NODE-SULTENG-MOROWALI-IMIP,Simpul logistik pesisir IMIP-Bahodopi,TAMA OTOLU METUTUAI,26042200165380004,Perusahaan Komanditer (CV),Kerikil Berpasir Alami (Sirtu),tidak,OPERASI PRODUKSI,Sulawesi Tengah,KAB. MOROWALI,2024,49.2,data/processed/sulawesi_izin_raw_details.csv,CLUSTER-001
PERMIT-0085,NODE-SULTENG-MOROWALI-IMIP,Simpul logistik pesisir IMIP-Bahodopi,TIGA BAJI,1071/1/IUP/PMDN/2022,Perusahaan Perseroan Terbatas (PT),Nikel,ya,OPERASI PRODUKSI,Sulawesi Tengah,KAB. MOROWALI,2022,199.0,data/processed/sulawesi_izin_raw_details.csv,CLUSTER-001
PERMIT-0086,NODE-SULTENG-MOROWALI-IMIP,Simpul logistik pesisir IMIP-Bahodopi,TOPOGARO BUNGBAR SORAJAI,540/303/IUP-OP/DPMPTSP/2018,Perusahaan Perseroan Terbatas (PT),Nikel,ya,OPERASI PRODUKSI,Sulawesi Tengah,KAB. MOROWALI,2018,148.8,data/processed/sulawesi_izin_raw_details.csv,CLUSTER-001
PERMIT-0087,NODE-SULTENG-MOROWALI-IMIP,Simpul logistik pesisir IMIP-Bahodopi,VALE INDONESIA,01/1/IUP/PMA/2024,Perusahaan Perseroan Terbatas (PT),Nikel,ya,OPERASI PRODUKSI,Sulawesi Tengah,"KAB. MOROWALI, KAB. LUWU TIMUR",2024,22699.0,data/processed/sulawesi_izin_raw_details.csv,CLUSTER-001
PERMIT-0088,NODE-SULTENG-MOROWALI-IMIP,Simpul logistik pesisir IMIP-Bahodopi,WIKA MANUNGGAL PERKASA,05102100338330003,Perusahaan Perseroan Terbatas (PT),Kerikil Berpasir Alami (Sirtu),tidak,OPERASI PRODUKSI,Sulawesi Tengah,KAB. MOROWALI,2024,51.65,data/processed/sulawesi_izin_raw_details.csv,CLUSTER-001
PERMIT-0089,NODE-SULTENG-MOROWALI-IMIP,Simpul logistik pesisir IMIP-Bahodopi,WOSINDO MINERAL PERKASA,540/620/IUP-OP/P/DPMPTSP/2020,Perusahaan Perseroan Terbatas (PT),Nikel,ya,OPERASI PRODUKSI,Sulawesi Tengah,KAB. MOROWALI,2020,395.0,data/processed/sulawesi_izin_raw_details.csv,CLUSTER-001
PERMIT-0090,NODE-SULTENG-MOROWALI-IMIP,Simpul logistik pesisir IMIP-Bahodopi,WOSINDO PERKASA,980/1/IUP/PMDN/2021,Perusahaan Perseroan Terbatas (PT),Nikel,ya,OPERASI PRODUKSI,Sulawesi Tengah,KAB. MOROWALI,2021,477.0,data/processed/sulawesi_izin_raw_details.csv,CLUSTER-001
PERMIT-0091,NODE-SULTENG-MORUT-PETASIA-GNI,Simpul logistik pesisir Petasia-GNI,AFIT LINTAS JAYA,91202048106690003,Perusahaan Perseroan Terbatas (PT),Batu Gamping,tidak,OPERASI PRODUKSI,Sulawesi Tengah,KAB. MOROWALI UTARA,2023,67.99,data/processed/sulawesi_izin_raw_details.csv,CLUSTER-002
PERMIT-0092,NODE-SULTENG-MORUT-PETASIA-GNI,Simpul logistik pesisir Petasia-GNI,ANEKA USAHA CEMERLANG,1131/1/IUP/PMDN/2022,Perusahaan Perseroan Terbatas (PT),Nikel,ya,OPERASI PRODUKSI,Sulawesi Tengah,KAB. MOROWALI UTARA,2022,2814.0,data/processed/sulawesi_izin_raw_details.csv,CLUSTER-002
PERMIT-0093,NODE-SULTENG-MORUT-PETASIA-GNI,Simpul logistik pesisir Petasia-GNI,ANUGRAH AFIT ABADI,365/1/IUP/PMDN/2022,Perusahaan Perseroan Terbatas (PT),Batu Gamping untuk Industri,tidak,EKSPLORASI,Sulawesi Tengah,KAB. MOROWALI UTARA,2022,83.7,data/processed/sulawesi_izin_raw_details.csv,CLUSTER-002
PERMIT-0094,NODE-SULTENG-MORUT-PETASIA-GNI,Simpul logistik pesisir Petasia-GNI,ARTHA BUMI MINERAL,13/1/IUP/PMA/2022,Perusahaan Perseroan Terbatas (PT),Nikel,ya,OPERASI PRODUKSI,Sulawesi Tengah,"KAB. MOROWALI, KAB. MOROWALI UTARA",2022,2973.0,data/processed/sulawesi_izin_raw_details.csv,CLUSTER-002
PERMIT-0095,NODE-SULTENG-MORUT-PETASIA-GNI,Simpul logistik pesisir Petasia-GNI,ASSAQTI MORUT ENERGY,01092100340040001,Perusahaan Komanditer (CV),Pasir,tidak,OPERASI PRODUKSI,Sulawesi Tengah,KAB. MOROWALI UTARA,2023,24.5,data/processed/sulawesi_izin_raw_details.csv,CLUSTER-002
PERMIT-0096,NODE-SULTENG-MORUT-PETASIA-GNI,Simpul logistik pesisir Petasia-GNI,AULIA PRIMA PERKASA,02320102020620006,Perusahaan Perseroan Terbatas (PT),Nikel,ya,OPERASI PRODUKSI,Sulawesi Tengah,KAB. MOROWALI UTARA,2023,339.0,data/processed/sulawesi_izin_raw_details.csv,CLUSTER-002
PERMIT-0097,NODE-SULTENG-MORUT-PETASIA-GNI,Simpul logistik pesisir Petasia-GNI,BINTANG CEMERLANG MINERAL MORUT,03112200960230008,Perusahaan Perseroan Terbatas (PT),Batu Gamping,tidak,OPERASI PRODUKSI,Sulawesi Tengah,KAB. MOROWALI UTARA,2023,97.8,data/processed/sulawesi_izin_raw_details.csv,CLUSTER-002
PERMIT-0098,NODE-SULTENG-MORUT-PETASIA-GNI,Simpul logistik pesisir Petasia-GNI,BINTANG MINING UTAMA,21102200041850011,Perusahaan Perseroan Terbatas (PT),Batu Gamping,tidak,OPERASI PRODUKSI,Sulawesi Tengah,KAB. MOROWALI UTARA,2023,97.83,data/processed/sulawesi_izin_raw_details.csv,CLUSTER-002
PERMIT-0099,NODE-SULTENG-MORUT-PETASIA-GNI,Simpul logistik pesisir Petasia-GNI,BUKIT MAKMUR PERDANA,91201038300610007,Perusahaan Komanditer (CV),Kerikil Berpasir Alami (Sirtu),tidak,OPERASI PRODUKSI,Sulawesi Tengah,KAB. MOROWALI UTARA,2024,50.0,data/processed/sulawesi_izin_raw_details.csv,CLUSTER-002
PERMIT-0100,NODE-SULTENG-MORUT-PETASIA-GNI,Simpul logistik pesisir Petasia-GNI,BUMI BINTANG SILIKA,23032200154060007,Perusahaan Perseroan Terbatas (PT),Batu Gamping,tidak,EKSPLORASI,Sulawesi Tengah,KAB. MOROWALI UTARA,2023,305.4,data/processed/sulawesi_izin_raw_details.csv,CLUSTER-002
PERMIT-0101,NODE-SULTENG-MORUT-PETASIA-GNI,Simpul logistik pesisir Petasia-GNI,BUMI INDAH SULTRA,540/186/IUP-OP-PENCIUTAN/DPMPTSP/2020,Perusahaan Perseroan Terbatas (PT),Nikel,ya,OPERASI PRODUKSI,Sulawesi Tengah,KAB. MOROWALI UTARA,2020,8034.0,data/processed/sulawesi_izin_raw_details.csv,CLUSTER-002
PERMIT-0102,NODE-SULTENG-MORUT-PETASIA-GNI,Simpul logistik pesisir Petasia-GNI,BUMI NUSANTARA RESEARCES,27102100181290001,Perusahaan Perseroan Terbatas (PT),,tidak,,Sulawesi Tengah,KAB. MOROWALI UTARA,2022,0.0,data/processed/sulawesi_izin_raw_details.csv,CLUSTER-002
PERMIT-0103,NODE-SULTENG-MORUT-PETASIA-GNI,Simpul logistik pesisir Petasia-GNI,CAHAYA MURNI SEJAHTERA,540/622/IUP-OP/P/DPMPTSP/2020,Perusahaan Perseroan Terbatas (PT),Nikel,ya,OPERASI PRODUKSI,Sulawesi Tengah,KAB. MOROWALI UTARA,2020,5428.0,data/processed/sulawesi_izin_raw_details.csv,CLUSTER-002
PERMIT-0104,NODE-SULTENG-MORUT-PETASIA-GNI,Simpul logistik pesisir Petasia-GNI,CIPTA HUTAMA MARANTI,1027/1/IUP/PMDN/2021,Perusahaan Perseroan Terbatas (PT),Nikel,ya,OPERASI PRODUKSI,Sulawesi Tengah,KAB. MOROWALI UTARA,2021,150.28,data/processed/sulawesi_izin_raw_details.csv,CLUSTER-002
PERMIT-0105,NODE-SULTENG-MORUT-PETASIA-GNI,Simpul logistik pesisir Petasia-GNI,COCOMAN,540/691/DISESDM-G.ST/2016,Perusahaan Perseroan Terbatas (PT),Nikel,ya,OPERASI PRODUKSI,Sulawesi Tengah,KAB. MOROWALI UTARA,2016,190.0,data/processed/sulawesi_izin_raw_details.csv,CLUSTER-002
PERMIT-0106,NODE-SULTENG-MORUT-PETASIA-GNI,Simpul logistik pesisir Petasia-GNI,DAKSA PETRA MINERAL,23052200555170008,Perusahaan Perseroan Terbatas (PT),Batu Gamping,tidak,OPERASI PRODUKSI,Sulawesi Tengah,KAB. MOROWALI UTARA,2024,72.17,data/processed/sulawesi_izin_raw_details.csv,CLUSTER-002
PERMIT-0107,NODE-SULTENG-MORUT-PETASIA-GNI,Simpul logistik pesisir Petasia-GNI,FAZDA PERTAMBANGAN BEBATUAN,91203007310580006,Perusahaan Perseroan Terbatas (PT),Batu Gamping,tidak,OPERASI PRODUKSI,Sulawesi Tengah,KAB. MOROWALI UTARA,2023,33.0,data/processed/sulawesi_izin_raw_details.csv,CLUSTER-002
PERMIT-0108,NODE-SULTENG-MORUT-PETASIA-GNI,Simpul logistik pesisir Petasia-GNI,GEMA RIPAH PRATAMA,979/1/IUP/PMDN/2021,Perusahaan Perseroan Terbatas (PT),Nikel,ya,OPERASI PRODUKSI,Sulawesi Tengah,KAB. MOROWALI UTARA,2021,145.0,data/processed/sulawesi_izin_raw_details.csv,CLUSTER-002
PERMIT-0109,NODE-SULTENG-MORUT-PETASIA-GNI,Simpul logistik pesisir Petasia-GNI,GEMILANG BATU KOLO,1365/1/IUP/PMDN2021,Perusahaan Perseroan Terbatas (PT),Batu Gamping untuk Industri,tidak,EKSPLORASI,Sulawesi Tengah,KAB. MOROWALI UTARA,2021,98.6,data/processed/sulawesi_izin_raw_details.csv,CLUSTER-002
PERMIT-0110,NODE-SULTENG-MORUT-PETASIA-GNI,Simpul logistik pesisir Petasia-GNI,GHANESA WANA UTAMA,1072/1/IUP/PMDN/2022,Perusahaan Perseroan Terbatas (PT),Nikel,ya,OPERASI PRODUKSI,Sulawesi Tengah,KAB. MOROWALI UTARA,2022,199.5,data/processed/sulawesi_izin_raw_details.csv,CLUSTER-002
PERMIT-0111,NODE-SULTENG-MORUT-PETASIA-GNI,Simpul logistik pesisir Petasia-GNI,GIRI MORI SEJAHTERA,10112100492270009,Perusahaan Perseroan Terbatas (PT),Batu Gamping,tidak,OPERASI PRODUKSI,Sulawesi Tengah,KAB. MOROWALI UTARA,2023,45.0,data/processed/sulawesi_izin_raw_details.csv,CLUSTER-002
PERMIT-0112,NODE-SULTENG-MORUT-PETASIA-GNI,Simpul logistik pesisir Petasia-GNI,GITA PERKASA MINERALINDO,1799/1/IUP/PMDN/2021,Perusahaan Perseroan Terbatas (PT),Batu Gunung Quarry Besar,tidak,OPERASI PRODUKSI,Sulawesi Tengah,KAB. MOROWALI UTARA,2021,160.0,data/processed/sulawesi_izin_raw_details.csv,CLUSTER-002
PERMIT-0113,NODE-SULTENG-MORUT-PETASIA-GNI,Simpul logistik pesisir Petasia-GNI,GUNUNG WANGI NIKELINDO,24/1/IUP/PMDN/2024,Perusahaan Perseroan Terbatas (PT),Nikel,ya,OPERASI PRODUKSI,Sulawesi Tengah,KAB. MOROWALI UTARA,2024,5093.0,data/processed/sulawesi_izin_raw_details.csv,CLUSTER-002
PERMIT-0114,NODE-SULTENG-MORUT-PETASIA-GNI,Simpul logistik pesisir Petasia-GNI,HASTARI NAWASENA ENERGI,21032300883640010,Perusahaan Perseroan Terbatas (PT),Batu Gunung Quarry Besar,tidak,OPERASI PRODUKSI,Sulawesi Tengah,KAB. MOROWALI UTARA,2023,60.0,data/processed/sulawesi_izin_raw_details.csv,CLUSTER-002
PERMIT-0115,NODE-SULTENG-MORUT-PETASIA-GNI,Simpul logistik pesisir Petasia-GNI,HEMDEV MINERAL PERKASA,11082300692330011,Perusahaan Perseroan Terbatas (PT),Batu Gamping,tidak,EKSPLORASI,Sulawesi Tengah,KAB. MOROWALI UTARA,2024,98.7,data/processed/sulawesi_izin_raw_details.csv,CLUSTER-002
PERMIT-0116,NODE-SULTENG-MORUT-PETASIA-GNI,Simpul logistik pesisir Petasia-GNI,HOFFMEN INTERNATIONAL,540/571/IUP-OP-PENCIUTAN/DPMPTSP/2020,Perusahaan Perseroan Terbatas (PT),Nikel,ya,OPERASI PRODUKSI,Sulawesi Tengah,KAB. MOROWALI UTARA,2020,585.0,data/processed/sulawesi_izin_raw_details.csv,CLUSTER-002
PERMIT-0117,NODE-SULTENG-MORUT-PETASIA-GNI,Simpul logistik pesisir Petasia-GNI,KEINZ VENTURA,1054/1/IUP/PMDN/2022,Perusahaan Perseroan Terbatas (PT),Nikel,ya,OPERASI PRODUKSI,Sulawesi Tengah,KAB. MOROWALI UTARA,2022,1205.0,data/processed/sulawesi_izin_raw_details.csv,CLUSTER-002
PERMIT-0118,NODE-SULTENG-MORUT-PETASIA-GNI,Simpul logistik pesisir Petasia-GNI,KHATULISTIWA MINERAL AND MINING,1046/ 1/IUP/PMDN/2021,Perusahaan Perseroan Terbatas (PT),Batu Gunung Quarry Besar,tidak,OPERASI PRODUKSI,Sulawesi Tengah,KAB. MOROWALI UTARA,2021,169.2,data/processed/sulawesi_izin_raw_details.csv,CLUSTER-002
PERMIT-0119,NODE-SULTENG-MORUT-PETASIA-GNI,Simpul logistik pesisir Petasia-GNI,LUWUK GAS SEJATI,16/1/IUP/PMDN/2024,Perusahaan Perseroan Terbatas (PT),Nikel,ya,OPERASI PRODUKSI,Sulawesi Tengah,KAB. MOROWALI UTARA,2024,3172.0,data/processed/sulawesi_izin_raw_details.csv,CLUSTER-002
PERMIT-0120,NODE-SULTENG-MORUT-PETASIA-GNI,Simpul logistik pesisir Petasia-GNI,MEKAR INDAH BERMANFAAT,22022200680890002,Perusahaan Komanditer (CV),Batu Gamping,tidak,OPERASI PRODUKSI,Sulawesi Tengah,KAB. MOROWALI UTARA,2024,27.4,data/processed/sulawesi_izin_raw_details.csv,CLUSTER-002
PERMIT-0121,NODE-SULTENG-MORUT-PETASIA-GNI,Simpul logistik pesisir Petasia-GNI,MINERALINDO ALAM NUSANTARA,16112200853390022,Perusahaan Perseroan Terbatas (PT),Batu Gamping,tidak,OPERASI PRODUKSI,Sulawesi Tengah,KAB. MOROWALI UTARA,2023,78.6,data/processed/sulawesi_izin_raw_details.csv,CLUSTER-002
PERMIT-0122,NODE-SULTENG-MORUT-PETASIA-GNI,Simpul logistik pesisir Petasia-GNI,MULIA SILIKA INDONESIA,23032200277050004,Perusahaan Perseroan Terbatas (PT),Batu Gamping,tidak,EKSPLORASI,Sulawesi Tengah,KAB. MOROWALI UTARA,2023,296.6,data/processed/sulawesi_izin_raw_details.csv,CLUSTER-002
PERMIT-0123,NODE-SULTENG-MORUT-PETASIA-GNI,Simpul logistik pesisir Petasia-GNI,Nadya Sederhana Membangun,12610001210180004,Perusahaan Perseroan Terbatas (PT),Batu Gamping,tidak,OPERASI PRODUKSI,Sulawesi Tengah,KAB. MOROWALI UTARA,2023,80.0,data/processed/sulawesi_izin_raw_details.csv,CLUSTER-002
PERMIT-0124,NODE-SULTENG-MORUT-PETASIA-GNI,Simpul logistik pesisir Petasia-GNI,PALU BARUGA YAKU,12/1/IUP/PMDN/2024,Perusahaan Perseroan Terbatas (PT),Nikel,ya,OPERASI PRODUKSI,Sulawesi Tengah,KAB. MOROWALI UTARA,2024,249.7,data/processed/sulawesi_izin_raw_details.csv,CLUSTER-002
PERMIT-0125,NODE-SULTENG-MORUT-PETASIA-GNI,Simpul logistik pesisir Petasia-GNI,PASI WITA AKSATA,02202081925080001,Perusahaan Perseroan Terbatas (PT),Batu Gamping,tidak,OPERASI PRODUKSI,Sulawesi Tengah,KAB. MOROWALI UTARA,2023,97.57,data/processed/sulawesi_izin_raw_details.csv,CLUSTER-002
PERMIT-0126,NODE-SULTENG-MORUT-PETASIA-GNI,Simpul logistik pesisir Petasia-GNI,PERDANA GEOMINE MANDIRI,23082300750070001,Perusahaan Perseroan Terbatas (PT),Batu Gamping,tidak,EKSPLORASI,Sulawesi Tengah,KAB. MOROWALI UTARA,2024,24.0,data/processed/sulawesi_izin_raw_details.csv,CLUSTER-002
PERMIT-0127,NODE-SULTENG-MORUT-PETASIA-GNI,Simpul logistik pesisir Petasia-GNI,PERMATA INDAH MATABOLO,27122100117670016,Perusahaan Perseroan Terbatas (PT),Batu Gamping untuk Industri,tidak,OPERASI PRODUKSI,Sulawesi Tengah,KAB. MOROWALI UTARA,2024,94.3,data/processed/sulawesi_izin_raw_details.csv,CLUSTER-002
PERMIT-0128,NODE-SULTENG-MORUT-PETASIA-GNI,Simpul logistik pesisir Petasia-GNI,PUTRI PERDANA,11/1/IUP/PMDN/2024,Perusahaan Komanditer (CV),Nikel,ya,OPERASI PRODUKSI,Sulawesi Tengah,KAB. MOROWALI UTARA,2024,205.6,data/processed/sulawesi_izin_raw_details.csv,CLUSTER-002
PERMIT-0129,NODE-SULTENG-MORUT-PETASIA-GNI,Simpul logistik pesisir Petasia-GNI,REKAYASA BUMI MOROWALI,91202069513320004,Perusahaan Perseroan Terbatas (PT),Batu Gamping,tidak,OPERASI PRODUKSI,Sulawesi Tengah,KAB. MOROWALI UTARA,2023,34.6,data/processed/sulawesi_izin_raw_details.csv,CLUSTER-002
PERMIT-0130,NODE-SULTENG-MORUT-PETASIA-GNI,Simpul logistik pesisir Petasia-GNI,SANTINA MAJU BERSAMA,91202160624120003,Perusahaan Komanditer (CV),Batu Gamping,tidak,OPERASI PRODUKSI,Sulawesi Tengah,KAB. MOROWALI UTARA,2024,23.35,data/processed/sulawesi_izin_raw_details.csv,CLUSTER-002
PERMIT-0131,NODE-SULTENG-MORUT-PETASIA-GNI,Simpul logistik pesisir Petasia-GNI,SARANA MINERALINDO PERKASA,540/667/IUP-OP/PGH/DPMPTSP/2017,Perusahaan Perseroan Terbatas (PT),Nikel,ya,OPERASI PRODUKSI,Sulawesi Tengah,KAB. MOROWALI UTARA,2017,4656.0,data/processed/sulawesi_izin_raw_details.csv,CLUSTER-002
PERMIT-0132,NODE-SULTENG-MORUT-PETASIA-GNI,Simpul logistik pesisir Petasia-GNI,SENTRAL SILIKA ABADI,23032200169490004,Perusahaan Perseroan Terbatas (PT),Batu Gamping,tidak,EKSPLORASI,Sulawesi Tengah,KAB. MOROWALI UTARA,2024,37.05,data/processed/sulawesi_izin_raw_details.csv,CLUSTER-002
PERMIT-0133,NODE-SULTENG-MORUT-PETASIA-GNI,Simpul logistik pesisir Petasia-GNI,SINAR KARYAGAMMA PRIMATAMA,540/520/IUP-OP/DPMPTSP/2020,Perusahaan Perseroan Terbatas (PT),Nikel,ya,OPERASI PRODUKSI,Sulawesi Tengah,KAB. MOROWALI UTARA,2020,3596.0,data/processed/sulawesi_izin_raw_details.csv,CLUSTER-002
PERMIT-0134,NODE-SULTENG-MORUT-PETASIA-GNI,Simpul logistik pesisir Petasia-GNI,SINOSTEEL INDONESIA MINING,6/1/IUP/PMA/2022,Perusahaan Perseroan Terbatas (PT),Nikel,ya,OPERASI PRODUKSI,Sulawesi Tengah,KAB. MOROWALI UTARA,2021,2038.7,data/processed/sulawesi_izin_raw_details.csv,CLUSTER-002
PERMIT-0135,NODE-SULTENG-MORUT-PETASIA-GNI,Simpul logistik pesisir Petasia-GNI,SOIL EXCAVATION,81200102818320002,Perusahaan Komanditer (CV),Batu Gamping,tidak,OPERASI PRODUKSI,Sulawesi Tengah,KAB. MOROWALI UTARA,2023,9.7,data/processed/sulawesi_izin_raw_details.csv,CLUSTER-002
PERMIT-0136,NODE-SULTENG-MORUT-PETASIA-GNI,Simpul logistik pesisir Petasia-GNI,SUKENA WALET,09112203586160002,Perusahaan Komanditer (CV),Pasir,tidak,OPERASI PRODUKSI,Sulawesi Tengah,KAB. MOROWALI UTARA,2023,35.6,data/processed/sulawesi_izin_raw_details.csv,CLUSTER-002
PERMIT-0137,NODE-SULTENG-MORUT-PETASIA-GNI,Simpul logistik pesisir Petasia-GNI,SUMBER BATU NUSANTARA,12052200519370039,Perusahaan Perseroan Terbatas (PT),Batu Gamping,tidak,OPERASI PRODUKSI,Sulawesi Tengah,KAB. MOROWALI UTARA,2023,51.96,data/processed/sulawesi_izin_raw_details.csv,CLUSTER-002
PERMIT-0138,NODE-SULTENG-MORUT-PETASIA-GNI,Simpul logistik pesisir Petasia-GNI,SUMBER MINERAL ABADI,540/519/IUP-OP/DPMPTSP/2020,Perusahaan Perseroan Terbatas (PT),Nikel,ya,OPERASI PRODUKSI,Sulawesi Tengah,KAB. MOROWALI UTARA,2020,1948.0,data/processed/sulawesi_izin_raw_details.csv,CLUSTER-002
PERMIT-0139,NODE-SULTENG-MORUT-PETASIA-GNI,Simpul logistik pesisir Petasia-GNI,SUMBER PERMATA SELARAS,540/467/IUP-OP/P/DPMPTSP/2020,Perusahaan Perseroan Terbatas (PT),Nikel,ya,OPERASI PRODUKSI,Sulawesi Tengah,KAB. MOROWALI UTARA,2020,424.0,data/processed/sulawesi_izin_raw_details.csv,CLUSTER-002
PERMIT-0140,NODE-SULTENG-MORUT-PETASIA-GNI,Simpul logistik pesisir Petasia-GNI,SUMBER SWARNA PRATAMA,540/456/IUP-PR/DPMPTSP/2019,Perusahaan Perseroan Terbatas (PT),Nikel,ya,OPERASI PRODUKSI,Sulawesi Tengah,KAB. MOROWALI UTARA,2019,2641.0,data/processed/sulawesi_izin_raw_details.csv,CLUSTER-002
PERMIT-0141,NODE-SULTENG-MORUT-PETASIA-GNI,Simpul logistik pesisir Petasia-GNI,TIGA DARA,41/1/IUP/PMDN/2023,Perusahaan Komanditer (CV),Nikel,ya,OPERASI PRODUKSI,Sulawesi Tengah,"KAB. BANGGAI, KAB. MOROWALI UTARA",2023,1074.0,data/processed/sulawesi_izin_raw_details.csv,CLUSTER-002
PERMIT-0142,NODE-SULTENG-MORUT-PETASIA-GNI,Simpul logistik pesisir Petasia-GNI,TRINUSA BANGUN PERKASA,18/1/IUP/PMDN/2024,Perusahaan Perseroan Terbatas (PT),Nikel,ya,OPERASI PRODUKSI,Sulawesi Tengah,KAB. MOROWALI UTARA,2024,1305.0,data/processed/sulawesi_izin_raw_details.csv,CLUSTER-002
PERMIT-0143,NODE-SULTENG-MORUT-PETASIA-GNI,Simpul logistik pesisir Petasia-GNI,TRINUSA DHARMA UTAMA,1742/1/IUP/PMDN/2021,Perusahaan Perseroan Terbatas (PT),Nikel,ya,OPERASI PRODUKSI,Sulawesi Tengah,KAB. MOROWALI UTARA,2021,85.0,data/processed/sulawesi_izin_raw_details.csv,CLUSTER-002
PERMIT-0144,NODE-SULTENG-MORUT-PETASIA-GNI,Simpul logistik pesisir Petasia-GNI,USAHA KITA KINERJATAMA,1107/1/IUP/PMDN/2022,Perusahaan Perseroan Terbatas (PT),Nikel,ya,OPERASI PRODUKSI,Sulawesi Tengah,KAB. MOROWALI UTARA,2022,1209.0,data/processed/sulawesi_izin_raw_details.csv,CLUSTER-002
PERMIT-0145,NODE-SULTENG-MORUT-PETASIA-GNI,Simpul logistik pesisir Petasia-GNI,WARSITA KARYA,285/1/IUP/PMDN/2022,Perusahaan Komanditer (CV),Nikel,ya,OPERASI PRODUKSI,Sulawesi Tengah,KAB. MOROWALI UTARA,2022,190.0,data/processed/sulawesi_izin_raw_details.csv,CLUSTER-002
PERMIT-0146,NODE-SULTRA-KONAWE-MOROSI-VDNI,Simpul logistik Morosi-VDNI,AKSAN RAYA PERKASA,15012300208760006,Perusahaan Perseroan Terbatas (PT),Pasir Kuarsa,tidak,EKSPLORASI,Sulawesi Tenggara,KAB. KONAWE SELATAN,2023,221.27,data/processed/sulawesi_izin_raw_details.csv,CLUSTER-003
PERMIT-0147,NODE-SULTRA-KONAWE-MOROSI-VDNI,Simpul logistik Morosi-VDNI,ALESHA INTI BUMI,30052200659790007,Perusahaan Perseroan Terbatas (PT),Batu Gamping untuk Industri,tidak,EKSPLORASI,Sulawesi Tenggara,KAB. KONAWE SELATAN,2023,40.5,data/processed/sulawesi_izin_raw_details.csv,CLUSTER-003
PERMIT-0148,NODE-SULTRA-KONAWE-MOROSI-VDNI,Simpul logistik Morosi-VDNI,ALESHA INTI BUMI,30052200659790005,Perusahaan Perseroan Terbatas (PT),Batu Gamping untuk Industri,tidak,EKSPLORASI,Sulawesi Tenggara,KAB. KONAWE SELATAN,2023,67.12,data/processed/sulawesi_izin_raw_details.csv,CLUSTER-003
PERMIT-0149,NODE-SULTRA-KONAWE-MOROSI-VDNI,Simpul logistik Morosi-VDNI,BENTENG GUNUNG MAS,27042300662110004,Perusahaan Perseroan Terbatas (PT),Batu Gamping untuk Industri,tidak,EKSPLORASI,Sulawesi Tenggara,KAB. KONAWE SELATAN,2024,15.75,data/processed/sulawesi_izin_raw_details.csv,CLUSTER-003
PERMIT-0150,NODE-SULTRA-KONAWE-MOROSI-VDNI,Simpul logistik Morosi-VDNI,BERKAH TARULI JAYA,36/1/IUP/PMDN/2023,Perusahaan Perseroan Terbatas (PT),Nikel,ya,OPERASI PRODUKSI,Sulawesi Tenggara,KAB. KONAWE,2023,1130.0,data/processed/sulawesi_izin_raw_details.csv,CLUSTER-003
PERMIT-0151,NODE-SULTRA-KONAWE-MOROSI-VDNI,Simpul logistik Morosi-VDNI,BINTANG ENERGI MINERAL,427/DPMPTSP/VII/2020,Perusahaan Perseroan Terbatas (PT),Pasir Kuarsa,tidak,OPERASI PRODUKSI,Sulawesi Tenggara,KAB. KONAWE SELATAN,2020,1031.1,data/processed/sulawesi_izin_raw_details.csv,CLUSTER-003
PERMIT-0152,NODE-SULTRA-KONAWE-MOROSI-VDNI,Simpul logistik Morosi-VDNI,CAHAYA ALAM NUSANTARA,12810002102340004,Perusahaan Komanditer (CV),Batu Gamping,tidak,OPERASI PRODUKSI,Sulawesi Tenggara,KAB. KONAWE SELATAN,2021,7.0,data/processed/sulawesi_izin_raw_details.csv,CLUSTER-003
PERMIT-0153,NODE-SULTRA-KONAWE-MOROSI-VDNI,Simpul logistik Morosi-VDNI,FARDAN TOLAKINDO PERKASA,28062200800160002,Perusahaan Komanditer (CV),Batu Gamping,tidak,OPERASI PRODUKSI,Sulawesi Tenggara,KAB. KONAWE SELATAN,2023,131.49,data/processed/sulawesi_izin_raw_details.csv,CLUSTER-003
PERMIT-0154,NODE-SULTRA-KONAWE-MOROSI-VDNI,Simpul logistik Morosi-VDNI,GENERASI AGUNG PERKASA,917/DPM-PTSP/XI/2018,Perusahaan Perseroan Terbatas (PT),Nikel,ya,OPERASI PRODUKSI,Sulawesi Tenggara,KAB. KONAWE SELATAN,2018,584.0,data/processed/sulawesi_izin_raw_details.csv,CLUSTER-003
PERMIT-0155,NODE-SULTRA-KONAWE-MOROSI-VDNI,Simpul logistik Morosi-VDNI,GERBANG MULTI SEJAHTERA,582/DPM-PTSP/VII/2018,Perusahaan Perseroan Terbatas (PT),Nikel,ya,OPERASI PRODUKSI,Sulawesi Tenggara,KAB. KONAWE SELATAN,2018,2301.62,data/processed/sulawesi_izin_raw_details.csv,CLUSTER-003
PERMIT-0156,NODE-SULTRA-KONAWE-MOROSI-VDNI,Simpul logistik Morosi-VDNI,HANGTIAN NUR CAHAYA,07072200530820005,Perusahaan Perseroan Terbatas (PT),Pasir Kuarsa,tidak,OPERASI PRODUKSI,Sulawesi Tenggara,KAB. KONAWE SELATAN,2023,47.7,data/processed/sulawesi_izin_raw_details.csv,CLUSTER-003
PERMIT-0157,NODE-SULTRA-KONAWE-MOROSI-VDNI,Simpul logistik Morosi-VDNI,HOFFMEN ENERGI PERKASA,91202097609280006,Perusahaan Perseroan Terbatas (PT),Batu Gamping untuk Industri,tidak,EKSPLORASI,Sulawesi Tenggara,KAB. KONAWE SELATAN,2023,18.0,data/processed/sulawesi_izin_raw_details.csv,CLUSTER-003
PERMIT-0158,NODE-SULTRA-KONAWE-MOROSI-VDNI,Simpul logistik Morosi-VDNI,HOMKEY INTI PRIMA,2/1/IUP/PMDN/2024,Perusahaan Perseroan Terbatas (PT),Nikel,ya,OPERASI PRODUKSI,Sulawesi Tenggara,KAB. KONAWE,2024,4870.0,data/processed/sulawesi_izin_raw_details.csv,CLUSTER-003
PERMIT-0159,NODE-SULTRA-KONAWE-MOROSI-VDNI,Simpul logistik Morosi-VDNI,ILYAS KARYA,1063/ l/IUP/PMDN/2022,Perusahaan Komanditer (CV),Batu Gamping,tidak,OPERASI PRODUKSI,Sulawesi Tenggara,KAB. KONAWE SELATAN,2022,71.06,data/processed/sulawesi_izin_raw_details.csv,CLUSTER-003
PERMIT-0160,NODE-SULTRA-KONAWE-MOROSI-VDNI,Simpul logistik Morosi-VDNI,JAGAD RAYATAMA,89/DPM-PTSP/I/2017,Perusahaan Perseroan Terbatas (PT),Nikel,ya,OPERASI PRODUKSI,Sulawesi Tenggara,KAB. KONAWE SELATAN,2017,1670.0,data/processed/sulawesi_izin_raw_details.csv,CLUSTER-003
PERMIT-0161,NODE-SULTRA-KONAWE-MOROSI-VDNI,Simpul logistik Morosi-VDNI,KEMILAU BERSAMA SAHABAT,30062200216060003,Perusahaan Perseroan Terbatas (PT),Batu Gamping untuk Industri,tidak,OPERASI PRODUKSI,Sulawesi Tenggara,KAB. KONAWE SELATAN,2024,78.25,data/processed/sulawesi_izin_raw_details.csv,CLUSTER-003
PERMIT-0162,NODE-SULTRA-KONAWE-MOROSI-VDNI,Simpul logistik Morosi-VDNI,KONAWEHA MAKMUR,91202014210170006,Perusahaan Perseroan Terbatas (PT),Peridotit,tidak,OPERASI PRODUKSI,Sulawesi Tenggara,KAB. KONAWE,2023,9.0,data/processed/sulawesi_izin_raw_details.csv,CLUSTER-003
PERMIT-0163,NODE-SULTRA-KONAWE-MOROSI-VDNI,Simpul logistik Morosi-VDNI,KREASI KARBONAT UTAMA,20122200805430009,Perusahaan Perseroan Terbatas (PT),Batu Gamping,tidak,OPERASI PRODUKSI,Sulawesi Tenggara,KAB. KONAWE SELATAN,2023,39.85,data/processed/sulawesi_izin_raw_details.csv,CLUSTER-003
PERMIT-0164,NODE-SULTRA-KONAWE-MOROSI-VDNI,Simpul logistik Morosi-VDNI,LAEYA CIPTA GUNA,606/DPMPTSP/X/2019,Perusahaan Perseroan Terbatas (PT),Nikel,ya,OPERASI PRODUKSI,Sulawesi Tenggara,KAB. KONAWE SELATAN,2019,1185.0,data/processed/sulawesi_izin_raw_details.csv,CLUSTER-003
PERMIT-0165,NODE-SULTRA-KONAWE-MOROSI-VDNI,Simpul logistik Morosi-VDNI,LALOMERUI PERKASA,05092100274640006,Perusahaan Komanditer (CV),Pasir,tidak,OPERASI PRODUKSI,Sulawesi Tenggara,KAB. KONAWE,2023,7.34,data/processed/sulawesi_izin_raw_details.csv,CLUSTER-003
PERMIT-0166,NODE-SULTRA-KONAWE-MOROSI-VDNI,Simpul logistik Morosi-VDNI,LAMBOO INTI PASIR SILIKA,31122200113880002,Perusahaan Perseroan Terbatas (PT),Pasir Kuarsa,tidak,EKSPLORASI,Sulawesi Tenggara,KAB. KONAWE SELATAN,2023,145.26,data/processed/sulawesi_izin_raw_details.csv,CLUSTER-003
PERMIT-0167,NODE-SULTRA-KONAWE-MOROSI-VDNI,Simpul logistik Morosi-VDNI,LINTAS STONE MINERAL,20122200812630006,Perusahaan Perseroan Terbatas (PT),Batu Gamping,tidak,OPERASI PRODUKSI,Sulawesi Tenggara,KAB. KONAWE SELATAN,2024,53.64,data/processed/sulawesi_izin_raw_details.csv,CLUSTER-003
PERMIT-0168,NODE-SULTRA-KONAWE-MOROSI-VDNI,Simpul logistik Morosi-VDNI,MAPAN MULIA MAKMUR,91202111309850011,Perusahaan Perseroan Terbatas (PT),Pasir Kuarsa,tidak,OPERASI PRODUKSI,Sulawesi Tenggara,KAB. KONAWE SELATAN,2024,666.04,data/processed/sulawesi_izin_raw_details.csv,CLUSTER-003
PERMIT-0169,NODE-SULTRA-KONAWE-MOROSI-VDNI,Simpul logistik Morosi-VDNI,MEGA TAMBANG INDONESIA,223/BKPMD-PTSP/IX/2015,Perusahaan Perseroan Terbatas (PT),Nikel,ya,OPERASI PRODUKSI,Sulawesi Tenggara,KAB. KONAWE SELATAN,2015,1758.0,data/processed/sulawesi_izin_raw_details.csv,CLUSTER-003
PERMIT-0170,NODE-SULTRA-KONAWE-MOROSI-VDNI,Simpul logistik Morosi-VDNI,MEGA TAMBANG NIKEL,839/DPMPTSP/XII/2019,Perusahaan Perseroan Terbatas (PT),Nikel,ya,OPERASI PRODUKSI,Sulawesi Tenggara,KAB. KONAWE SELATAN,2016,2466.0,data/processed/sulawesi_izin_raw_details.csv,CLUSTER-003
PERMIT-0171,NODE-SULTRA-KONAWE-MOROSI-VDNI,Simpul logistik Morosi-VDNI,MEKAR JAYA MORAMO,02530101600240005,Perusahaan Perseroan Terbatas (PT),Batu Gamping untuk Industri,tidak,OPERASI PRODUKSI,Sulawesi Tenggara,KAB. KONAWE SELATAN,2024,37.03,data/processed/sulawesi_izin_raw_details.csv,CLUSTER-003
PERMIT-0172,NODE-SULTRA-KONAWE-MOROSI-VDNI,Simpul logistik Morosi-VDNI,MINERAL ABADI DJOJO,03062200491590004,Perusahaan Perseroan Terbatas (PT),Batu Gamping untuk Industri,tidak,EKSPLORASI,Sulawesi Tenggara,KAB. KONAWE SELATAN,2023,59.4,data/processed/sulawesi_izin_raw_details.csv,CLUSTER-003
PERMIT-0173,NODE-SULTRA-KONAWE-MOROSI-VDNI,Simpul logistik Morosi-VDNI,NAGA MAS SULTRA,1088/DPM-PTSP/XII/2018,Perusahaan Perseroan Terbatas (PT),Pasir Kuarsa,tidak,OPERASI PRODUKSI,Sulawesi Tenggara,KAB. KONAWE SELATAN,2018,92.19,data/processed/sulawesi_izin_raw_details.csv,CLUSTER-003
PERMIT-0174,NODE-SULTRA-KONAWE-MOROSI-VDNI,Simpul logistik Morosi-VDNI,NURDIN KADIR,91201001712560002,Perseorangan (SDR),Batu Gamping,tidak,OPERASI PRODUKSI,Sulawesi Tenggara,KAB. KONAWE SELATAN,2023,5.0,data/processed/sulawesi_izin_raw_details.csv,CLUSTER-003
PERMIT-0175,NODE-SULTRA-KONAWE-MOROSI-VDNI,Simpul logistik Morosi-VDNI,PANDU URANE PERKASA,244/DPMPTSP/V/2020,Perusahaan Perseroan Terbatas (PT),Nikel,ya,OPERASI PRODUKSI,Sulawesi Tenggara,KAB. KONAWE SELATAN,2017,1665.0,data/processed/sulawesi_izin_raw_details.csv,CLUSTER-003
PERMIT-0176,NODE-SULTRA-KONAWE-MOROSI-VDNI,Simpul logistik Morosi-VDNI,PANJI NUGRAHA SAKTI,01/1/IUP/PMDN/2024,Perusahaan Perseroan Terbatas (PT),Nikel,ya,OPERASI PRODUKSI,Sulawesi Tenggara,KAB. KONAWE SELATAN,2024,1883.0,data/processed/sulawesi_izin_raw_details.csv,CLUSTER-003
PERMIT-0177,NODE-SULTRA-KONAWE-MOROSI-VDNI,Simpul logistik Morosi-VDNI,PANRITA BERKAH UTAMA,16072200024190001,Perusahaan Perseroan Terbatas (PT),Batu Gamping,tidak,EKSPLORASI,Sulawesi Tenggara,KAB. KONAWE SELATAN,2023,20.0,data/processed/sulawesi_izin_raw_details.csv,CLUSTER-003
PERMIT-0178,NODE-SULTRA-KONAWE-MOROSI-VDNI,Simpul logistik Morosi-VDNI,PELANGI UTAMA JAYA MANDIRI,26/1/IUP/PMDN/2024,Perusahaan Perseroan Terbatas (PT),Nikel,ya,OPERASI PRODUKSI,Sulawesi Tenggara,KAB. KONAWE,2024,2375.0,data/processed/sulawesi_izin_raw_details.csv,CLUSTER-003
PERMIT-0179,NODE-SULTRA-KONAWE-MOROSI-VDNI,Simpul logistik Morosi-VDNI,PERTAMBANGAN BUMI ANOA,1119/1/IUP/PMDN/2022,Perusahaan Perseroan Terbatas (PT),Nikel,ya,OPERASI PRODUKSI,Sulawesi Tenggara,KAB. KONAWE SELATAN,2022,626.0,data/processed/sulawesi_izin_raw_details.csv,CLUSTER-003
PERMIT-0180,NODE-SULTRA-KONAWE-MOROSI-VDNI,Simpul logistik Morosi-VDNI,PUTRI GLORY ELSHADAY,46/1/IUP/PMDN/2023,Perusahaan Perseroan Terbatas (PT),Nikel,ya,OPERASI PRODUKSI,Sulawesi Tenggara,KAB. KONAWE,2023,4086.0,data/processed/sulawesi_izin_raw_details.csv,CLUSTER-003
PERMIT-0181,NODE-SULTRA-KONAWE-MOROSI-VDNI,Simpul logistik Morosi-VDNI,SAMBAS MINERALS MINING,13/1/IUP/PMDN/2024,Perusahaan Perseroan Terbatas (PT),Nikel,ya,OPERASI PRODUKSI,Sulawesi Tenggara,KAB. KONAWE SELATAN,2020,1008.0,data/processed/sulawesi_izin_raw_details.csv,CLUSTER-003
PERMIT-0182,NODE-SULTRA-KONAWE-MOROSI-VDNI,Simpul logistik Morosi-VDNI,SASMAKA ANUGERAH ALAM,26012300474740002,Perusahaan Perseroan Terbatas (PT),Batu Gamping untuk Industri,tidak,EKSPLORASI,Sulawesi Tenggara,KAB. KONAWE SELATAN,2023,44.74,data/processed/sulawesi_izin_raw_details.csv,CLUSTER-003
PERMIT-0183,NODE-SULTRA-KONAWE-MOROSI-VDNI,Simpul logistik Morosi-VDNI,SEJAHTERA ENERGI RESOURCES,16012400665210002,Perusahaan Perseroan Terbatas (PT),Batu Gamping untuk Industri,tidak,EKSPLORASI,Sulawesi Tenggara,KAB. KONAWE,2024,3012.93,data/processed/sulawesi_izin_raw_details.csv,CLUSTER-003
PERMIT-0184,NODE-SULTRA-KONAWE-MOROSI-VDNI,Simpul logistik Morosi-VDNI,SENTRATAMA KARYA CEMERLANG,181/DPMPTSP/III/2019,Perusahaan Perseroan Terbatas (PT),Nikel,ya,OPERASI PRODUKSI,Sulawesi Tenggara,KAB. KONAWE SELATAN,2018,1226.0,data/processed/sulawesi_izin_raw_details.csv,CLUSTER-003
PERMIT-0185,NODE-SULTRA-KONAWE-MOROSI-VDNI,Simpul logistik Morosi-VDNI,ST NICKEL RESOURCES,224 TAHUN 2014,Perusahaan Perseroan Terbatas (PT),Nikel,ya,OPERASI PRODUKSI,Sulawesi Tenggara,KAB. KONAWE,2014,1818.0,data/processed/sulawesi_izin_raw_details.csv,CLUSTER-003
PERMIT-0186,NODE-SULTRA-KONAWE-MOROSI-VDNI,Simpul logistik Morosi-VDNI,SULAWESI CAHAYA MINERAL,67/1/IUP/PMA/2019,Perusahaan Perseroan Terbatas (PT),Nikel,ya,OPERASI PRODUKSI,Sulawesi Tenggara,KAB. KONAWE,2019,21100.0,data/processed/sulawesi_izin_raw_details.csv,CLUSTER-003
PERMIT-0187,NODE-SULTRA-KONAWE-MOROSI-VDNI,Simpul logistik Morosi-VDNI,SURYA AMIEN SANTOSO,12052200461990003,Perusahaan Perseroan Terbatas (PT),Batu Gamping untuk Industri,tidak,EKSPLORASI,Sulawesi Tenggara,KAB. KONAWE SELATAN,2023,88.41,data/processed/sulawesi_izin_raw_details.csv,CLUSTER-003
PERMIT-0188,NODE-SULTRA-KONAWE-MOROSI-VDNI,Simpul logistik Morosi-VDNI,VISI DEBTINDO MINERAL,957/DPM-PTSP/XI/2018,Perusahaan Perseroan Terbatas (PT),Nikel,ya,OPERASI PRODUKSI,Sulawesi Tenggara,KAB. KONAWE SELATAN,2018,873.8,data/processed/sulawesi_izin_raw_details.csv,CLUSTER-003
PERMIT-0189,NODE-SULTRA-KONAWE-MOROSI-VDNI,Simpul logistik Morosi-VDNI,WATU MORINI,09082301049260002,Perusahaan Komanditer (CV),Batu Gamping untuk Industri,tidak,EKSPLORASI,Sulawesi Tenggara,KAB. KONAWE SELATAN,2023,14.35,data/processed/sulawesi_izin_raw_details.csv,CLUSTER-003
PERMIT-0190,NODE-SULTRA-KONAWE-MOROSI-VDNI,Simpul logistik Morosi-VDNI,WIJAYA INTI NUSANTARA,820/DPMPTSP/XI/2019,Perusahaan Perseroan Terbatas (PT),Nikel,ya,OPERASI PRODUKSI,Sulawesi Tenggara,KAB. KONAWE SELATAN,2019,1931.0,data/processed/sulawesi_izin_raw_details.csv,CLUSTER-003
PERMIT-0191,NODE-SULTRA-KONAWE-OSS,Simpul logistik Konawe-OSS,AKSAN RAYA PERKASA,15012300208760006,Perusahaan Perseroan Terbatas (PT),Pasir Kuarsa,tidak,EKSPLORASI,Sulawesi Tenggara,KAB. KONAWE SELATAN,2023,221.27,data/processed/sulawesi_izin_raw_details.csv,CLUSTER-004
PERMIT-0192,NODE-SULTRA-KONAWE-OSS,Simpul logistik Konawe-OSS,ALESHA INTI BUMI,30052200659790007,Perusahaan Perseroan Terbatas (PT),Batu Gamping untuk Industri,tidak,EKSPLORASI,Sulawesi Tenggara,KAB. KONAWE SELATAN,2023,40.5,data/processed/sulawesi_izin_raw_details.csv,CLUSTER-004
PERMIT-0193,NODE-SULTRA-KONAWE-OSS,Simpul logistik Konawe-OSS,ALESHA INTI BUMI,30052200659790005,Perusahaan Perseroan Terbatas (PT),Batu Gamping untuk Industri,tidak,EKSPLORASI,Sulawesi Tenggara,KAB. KONAWE SELATAN,2023,67.12,data/processed/sulawesi_izin_raw_details.csv,CLUSTER-004
PERMIT-0194,NODE-SULTRA-KONAWE-OSS,Simpul logistik Konawe-OSS,BENTENG GUNUNG MAS,27042300662110004,Perusahaan Perseroan Terbatas (PT),Batu Gamping untuk Industri,tidak,EKSPLORASI,Sulawesi Tenggara,KAB. KONAWE SELATAN,2024,15.75,data/processed/sulawesi_izin_raw_details.csv,CLUSTER-004
PERMIT-0195,NODE-SULTRA-KONAWE-OSS,Simpul logistik Konawe-OSS,BERKAH TARULI JAYA,36/1/IUP/PMDN/2023,Perusahaan Perseroan Terbatas (PT),Nikel,ya,OPERASI PRODUKSI,Sulawesi Tenggara,KAB. KONAWE,2023,1130.0,data/processed/sulawesi_izin_raw_details.csv,CLUSTER-004
PERMIT-0196,NODE-SULTRA-KONAWE-OSS,Simpul logistik Konawe-OSS,BINTANG ENERGI MINERAL,427/DPMPTSP/VII/2020,Perusahaan Perseroan Terbatas (PT),Pasir Kuarsa,tidak,OPERASI PRODUKSI,Sulawesi Tenggara,KAB. KONAWE SELATAN,2020,1031.1,data/processed/sulawesi_izin_raw_details.csv,CLUSTER-004
PERMIT-0197,NODE-SULTRA-KONAWE-OSS,Simpul logistik Konawe-OSS,CAHAYA ALAM NUSANTARA,12810002102340004,Perusahaan Komanditer (CV),Batu Gamping,tidak,OPERASI PRODUKSI,Sulawesi Tenggara,KAB. KONAWE SELATAN,2021,7.0,data/processed/sulawesi_izin_raw_details.csv,CLUSTER-004
PERMIT-0198,NODE-SULTRA-KONAWE-OSS,Simpul logistik Konawe-OSS,FARDAN TOLAKINDO PERKASA,28062200800160002,Perusahaan Komanditer (CV),Batu Gamping,tidak,OPERASI PRODUKSI,Sulawesi Tenggara,KAB. KONAWE SELATAN,2023,131.49,data/processed/sulawesi_izin_raw_details.csv,CLUSTER-004
PERMIT-0199,NODE-SULTRA-KONAWE-OSS,Simpul logistik Konawe-OSS,GENERASI AGUNG PERKASA,917/DPM-PTSP/XI/2018,Perusahaan Perseroan Terbatas (PT),Nikel,ya,OPERASI PRODUKSI,Sulawesi Tenggara,KAB. KONAWE SELATAN,2018,584.0,data/processed/sulawesi_izin_raw_details.csv,CLUSTER-004
PERMIT-0200,NODE-SULTRA-KONAWE-OSS,Simpul logistik Konawe-OSS,GERBANG MULTI SEJAHTERA,582/DPM-PTSP/VII/2018,Perusahaan Perseroan Terbatas (PT),Nikel,ya,OPERASI PRODUKSI,Sulawesi Tenggara,KAB. KONAWE SELATAN,2018,2301.62,data/processed/sulawesi_izin_raw_details.csv,CLUSTER-004
PERMIT-0201,NODE-SULTRA-KONAWE-OSS,Simpul logistik Konawe-OSS,HANGTIAN NUR CAHAYA,07072200530820005,Perusahaan Perseroan Terbatas (PT),Pasir Kuarsa,tidak,OPERASI PRODUKSI,Sulawesi Tenggara,KAB. KONAWE SELATAN,2023,47.7,data/processed/sulawesi_izin_raw_details.csv,CLUSTER-004
PERMIT-0202,NODE-SULTRA-KONAWE-OSS,Simpul logistik Konawe-OSS,HOFFMEN ENERGI PERKASA,91202097609280006,Perusahaan Perseroan Terbatas (PT),Batu Gamping untuk Industri,tidak,EKSPLORASI,Sulawesi Tenggara,KAB. KONAWE SELATAN,2023,18.0,data/processed/sulawesi_izin_raw_details.csv,CLUSTER-004
PERMIT-0203,NODE-SULTRA-KONAWE-OSS,Simpul logistik Konawe-OSS,HOMKEY INTI PRIMA,2/1/IUP/PMDN/2024,Perusahaan Perseroan Terbatas (PT),Nikel,ya,OPERASI PRODUKSI,Sulawesi Tenggara,KAB. KONAWE,2024,4870.0,data/processed/sulawesi_izin_raw_details.csv,CLUSTER-004
PERMIT-0204,NODE-SULTRA-KONAWE-OSS,Simpul logistik Konawe-OSS,ILYAS KARYA,1063/ l/IUP/PMDN/2022,Perusahaan Komanditer (CV),Batu Gamping,tidak,OPERASI PRODUKSI,Sulawesi Tenggara,KAB. KONAWE SELATAN,2022,71.06,data/processed/sulawesi_izin_raw_details.csv,CLUSTER-004
PERMIT-0205,NODE-SULTRA-KONAWE-OSS,Simpul logistik Konawe-OSS,JAGAD RAYATAMA,89/DPM-PTSP/I/2017,Perusahaan Perseroan Terbatas (PT),Nikel,ya,OPERASI PRODUKSI,Sulawesi Tenggara,KAB. KONAWE SELATAN,2017,1670.0,data/processed/sulawesi_izin_raw_details.csv,CLUSTER-004
PERMIT-0206,NODE-SULTRA-KONAWE-OSS,Simpul logistik Konawe-OSS,KEMILAU BERSAMA SAHABAT,30062200216060003,Perusahaan Perseroan Terbatas (PT),Batu Gamping untuk Industri,tidak,OPERASI PRODUKSI,Sulawesi Tenggara,KAB. KONAWE SELATAN,2024,78.25,data/processed/sulawesi_izin_raw_details.csv,CLUSTER-004
PERMIT-0207,NODE-SULTRA-KONAWE-OSS,Simpul logistik Konawe-OSS,KONAWEHA MAKMUR,91202014210170006,Perusahaan Perseroan Terbatas (PT),Peridotit,tidak,OPERASI PRODUKSI,Sulawesi Tenggara,KAB. KONAWE,2023,9.0,data/processed/sulawesi_izin_raw_details.csv,CLUSTER-004
PERMIT-0208,NODE-SULTRA-KONAWE-OSS,Simpul logistik Konawe-OSS,KREASI KARBONAT UTAMA,20122200805430009,Perusahaan Perseroan Terbatas (PT),Batu Gamping,tidak,OPERASI PRODUKSI,Sulawesi Tenggara,KAB. KONAWE SELATAN,2023,39.85,data/processed/sulawesi_izin_raw_details.csv,CLUSTER-004
PERMIT-0209,NODE-SULTRA-KONAWE-OSS,Simpul logistik Konawe-OSS,LAEYA CIPTA GUNA,606/DPMPTSP/X/2019,Perusahaan Perseroan Terbatas (PT),Nikel,ya,OPERASI PRODUKSI,Sulawesi Tenggara,KAB. KONAWE SELATAN,2019,1185.0,data/processed/sulawesi_izin_raw_details.csv,CLUSTER-004
PERMIT-0210,NODE-SULTRA-KONAWE-OSS,Simpul logistik Konawe-OSS,LALOMERUI PERKASA,05092100274640006,Perusahaan Komanditer (CV),Pasir,tidak,OPERASI PRODUKSI,Sulawesi Tenggara,KAB. KONAWE,2023,7.34,data/processed/sulawesi_izin_raw_details.csv,CLUSTER-004
PERMIT-0211,NODE-SULTRA-KONAWE-OSS,Simpul logistik Konawe-OSS,LAMBOO INTI PASIR SILIKA,31122200113880002,Perusahaan Perseroan Terbatas (PT),Pasir Kuarsa,tidak,EKSPLORASI,Sulawesi Tenggara,KAB. KONAWE SELATAN,2023,145.26,data/processed/sulawesi_izin_raw_details.csv,CLUSTER-004
PERMIT-0212,NODE-SULTRA-KONAWE-OSS,Simpul logistik Konawe-OSS,LINTAS STONE MINERAL,20122200812630006,Perusahaan Perseroan Terbatas (PT),Batu Gamping,tidak,OPERASI PRODUKSI,Sulawesi Tenggara,KAB. KONAWE SELATAN,2024,53.64,data/processed/sulawesi_izin_raw_details.csv,CLUSTER-004
PERMIT-0213,NODE-SULTRA-KONAWE-OSS,Simpul logistik Konawe-OSS,MAPAN MULIA MAKMUR,91202111309850011,Perusahaan Perseroan Terbatas (PT),Pasir Kuarsa,tidak,OPERASI PRODUKSI,Sulawesi Tenggara,KAB. KONAWE SELATAN,2024,666.04,data/processed/sulawesi_izin_raw_details.csv,CLUSTER-004
PERMIT-0214,NODE-SULTRA-KONAWE-OSS,Simpul logistik Konawe-OSS,MEGA TAMBANG INDONESIA,223/BKPMD-PTSP/IX/2015,Perusahaan Perseroan Terbatas (PT),Nikel,ya,OPERASI PRODUKSI,Sulawesi Tenggara,KAB. KONAWE SELATAN,2015,1758.0,data/processed/sulawesi_izin_raw_details.csv,CLUSTER-004
PERMIT-0215,NODE-SULTRA-KONAWE-OSS,Simpul logistik Konawe-OSS,MEGA TAMBANG NIKEL,839/DPMPTSP/XII/2019,Perusahaan Perseroan Terbatas (PT),Nikel,ya,OPERASI PRODUKSI,Sulawesi Tenggara,KAB. KONAWE SELATAN,2016,2466.0,data/processed/sulawesi_izin_raw_details.csv,CLUSTER-004
PERMIT-0216,NODE-SULTRA-KONAWE-OSS,Simpul logistik Konawe-OSS,MEKAR JAYA MORAMO,02530101600240005,Perusahaan Perseroan Terbatas (PT),Batu Gamping untuk Industri,tidak,OPERASI PRODUKSI,Sulawesi Tenggara,KAB. KONAWE SELATAN,2024,37.03,data/processed/sulawesi_izin_raw_details.csv,CLUSTER-004
PERMIT-0217,NODE-SULTRA-KONAWE-OSS,Simpul logistik Konawe-OSS,MINERAL ABADI DJOJO,03062200491590004,Perusahaan Perseroan Terbatas (PT),Batu Gamping untuk Industri,tidak,EKSPLORASI,Sulawesi Tenggara,KAB. KONAWE SELATAN,2023,59.4,data/processed/sulawesi_izin_raw_details.csv,CLUSTER-004
PERMIT-0218,NODE-SULTRA-KONAWE-OSS,Simpul logistik Konawe-OSS,NAGA MAS SULTRA,1088/DPM-PTSP/XII/2018,Perusahaan Perseroan Terbatas (PT),Pasir Kuarsa,tidak,OPERASI PRODUKSI,Sulawesi Tenggara,KAB. KONAWE SELATAN,2018,92.19,data/processed/sulawesi_izin_raw_details.csv,CLUSTER-004
PERMIT-0219,NODE-SULTRA-KONAWE-OSS,Simpul logistik Konawe-OSS,NURDIN KADIR,91201001712560002,Perseorangan (SDR),Batu Gamping,tidak,OPERASI PRODUKSI,Sulawesi Tenggara,KAB. KONAWE SELATAN,2023,5.0,data/processed/sulawesi_izin_raw_details.csv,CLUSTER-004
PERMIT-0220,NODE-SULTRA-KONAWE-OSS,Simpul logistik Konawe-OSS,PANDU URANE PERKASA,244/DPMPTSP/V/2020,Perusahaan Perseroan Terbatas (PT),Nikel,ya,OPERASI PRODUKSI,Sulawesi Tenggara,KAB. KONAWE SELATAN,2017,1665.0,data/processed/sulawesi_izin_raw_details.csv,CLUSTER-004
PERMIT-0221,NODE-SULTRA-KONAWE-OSS,Simpul logistik Konawe-OSS,PANJI NUGRAHA SAKTI,01/1/IUP/PMDN/2024,Perusahaan Perseroan Terbatas (PT),Nikel,ya,OPERASI PRODUKSI,Sulawesi Tenggara,KAB. KONAWE SELATAN,2024,1883.0,data/processed/sulawesi_izin_raw_details.csv,CLUSTER-004
PERMIT-0222,NODE-SULTRA-KONAWE-OSS,Simpul logistik Konawe-OSS,PANRITA BERKAH UTAMA,16072200024190001,Perusahaan Perseroan Terbatas (PT),Batu Gamping,tidak,EKSPLORASI,Sulawesi Tenggara,KAB. KONAWE SELATAN,2023,20.0,data/processed/sulawesi_izin_raw_details.csv,CLUSTER-004
PERMIT-0223,NODE-SULTRA-KONAWE-OSS,Simpul logistik Konawe-OSS,PELANGI UTAMA JAYA MANDIRI,26/1/IUP/PMDN/2024,Perusahaan Perseroan Terbatas (PT),Nikel,ya,OPERASI PRODUKSI,Sulawesi Tenggara,KAB. KONAWE,2024,2375.0,data/processed/sulawesi_izin_raw_details.csv,CLUSTER-004
PERMIT-0224,NODE-SULTRA-KONAWE-OSS,Simpul logistik Konawe-OSS,PERTAMBANGAN BUMI ANOA,1119/1/IUP/PMDN/2022,Perusahaan Perseroan Terbatas (PT),Nikel,ya,OPERASI PRODUKSI,Sulawesi Tenggara,KAB. KONAWE SELATAN,2022,626.0,data/processed/sulawesi_izin_raw_details.csv,CLUSTER-004
PERMIT-0225,NODE-SULTRA-KONAWE-OSS,Simpul logistik Konawe-OSS,PUTRI GLORY ELSHADAY,46/1/IUP/PMDN/2023,Perusahaan Perseroan Terbatas (PT),Nikel,ya,OPERASI PRODUKSI,Sulawesi Tenggara,KAB. KONAWE,2023,4086.0,data/processed/sulawesi_izin_raw_details.csv,CLUSTER-004
PERMIT-0226,NODE-SULTRA-KONAWE-OSS,Simpul logistik Konawe-OSS,SAMBAS MINERALS MINING,13/1/IUP/PMDN/2024,Perusahaan Perseroan Terbatas (PT),Nikel,ya,OPERASI PRODUKSI,Sulawesi Tenggara,KAB. KONAWE SELATAN,2020,1008.0,data/processed/sulawesi_izin_raw_details.csv,CLUSTER-004
PERMIT-0227,NODE-SULTRA-KONAWE-OSS,Simpul logistik Konawe-OSS,SASMAKA ANUGERAH ALAM,26012300474740002,Perusahaan Perseroan Terbatas (PT),Batu Gamping untuk Industri,tidak,EKSPLORASI,Sulawesi Tenggara,KAB. KONAWE SELATAN,2023,44.74,data/processed/sulawesi_izin_raw_details.csv,CLUSTER-004
PERMIT-0228,NODE-SULTRA-KONAWE-OSS,Simpul logistik Konawe-OSS,SEJAHTERA ENERGI RESOURCES,16012400665210002,Perusahaan Perseroan Terbatas (PT),Batu Gamping untuk Industri,tidak,EKSPLORASI,Sulawesi Tenggara,KAB. KONAWE,2024,3012.93,data/processed/sulawesi_izin_raw_details.csv,CLUSTER-004
PERMIT-0229,NODE-SULTRA-KONAWE-OSS,Simpul logistik Konawe-OSS,SENTRATAMA KARYA CEMERLANG,181/DPMPTSP/III/2019,Perusahaan Perseroan Terbatas (PT),Nikel,ya,OPERASI PRODUKSI,Sulawesi Tenggara,KAB. KONAWE SELATAN,2018,1226.0,data/processed/sulawesi_izin_raw_details.csv,CLUSTER-004
PERMIT-0230,NODE-SULTRA-KONAWE-OSS,Simpul logistik Konawe-OSS,ST NICKEL RESOURCES,224 TAHUN 2014,Perusahaan Perseroan Terbatas (PT),Nikel,ya,OPERASI PRODUKSI,Sulawesi Tenggara,KAB. KONAWE,2014,1818.0,data/processed/sulawesi_izin_raw_details.csv,CLUSTER-004
PERMIT-0231,NODE-SULTRA-KONAWE-OSS,Simpul logistik Konawe-OSS,SULAWESI CAHAYA MINERAL,67/1/IUP/PMA/2019,Perusahaan Perseroan Terbatas (PT),Nikel,ya,OPERASI PRODUKSI,Sulawesi Tenggara,KAB. KONAWE,2019,21100.0,data/processed/sulawesi_izin_raw_details.csv,CLUSTER-004
PERMIT-0232,NODE-SULTRA-KONAWE-OSS,Simpul logistik Konawe-OSS,SURYA AMIEN SANTOSO,12052200461990003,Perusahaan Perseroan Terbatas (PT),Batu Gamping untuk Industri,tidak,EKSPLORASI,Sulawesi Tenggara,KAB. KONAWE SELATAN,2023,88.41,data/processed/sulawesi_izin_raw_details.csv,CLUSTER-004
PERMIT-0233,NODE-SULTRA-KONAWE-OSS,Simpul logistik Konawe-OSS,VISI DEBTINDO MINERAL,957/DPM-PTSP/XI/2018,Perusahaan Perseroan Terbatas (PT),Nikel,ya,OPERASI PRODUKSI,Sulawesi Tenggara,KAB. KONAWE SELATAN,2018,873.8,data/processed/sulawesi_izin_raw_details.csv,CLUSTER-004
PERMIT-0234,NODE-SULTRA-KONAWE-OSS,Simpul logistik Konawe-OSS,WATU MORINI,09082301049260002,Perusahaan Komanditer (CV),Batu Gamping untuk Industri,tidak,EKSPLORASI,Sulawesi Tenggara,KAB. KONAWE SELATAN,2023,14.35,data/processed/sulawesi_izin_raw_details.csv,CLUSTER-004
PERMIT-0235,NODE-SULTRA-KONAWE-OSS,Simpul logistik Konawe-OSS,WIJAYA INTI NUSANTARA,820/DPMPTSP/XI/2019,Perusahaan Perseroan Terbatas (PT),Nikel,ya,OPERASI PRODUKSI,Sulawesi Tenggara,KAB. KONAWE SELATAN,2019,1931.0,data/processed/sulawesi_izin_raw_details.csv,CLUSTER-004
PERMIT-0236,NODE-SULTRA-KOLAKA-POMALAA-ANTAM,Simpul logistik Pomalaa-ANTAM,ANEKA TAMBANG,173/1/IUP/PMDN/2020,Perusahaan Perseroan Terbatas (PT),Nikel,ya,OPERASI PRODUKSI,Sulawesi Tenggara,KAB. KOLAKA,2020,584.3,data/processed/sulawesi_izin_raw_details.csv,CLUSTER-005
PERMIT-0237,NODE-SULTRA-KOLAKA-POMALAA-ANTAM,Simpul logistik Pomalaa-ANTAM,ANEKA TAMBANG,174/1/IUP/PMDN/2020,Perusahaan Perseroan Terbatas (PT),Nikel,ya,OPERASI PRODUKSI,Sulawesi Tenggara,KAB. KOLAKA,2020,2712.0,data/processed/sulawesi_izin_raw_details.csv,CLUSTER-005
PERMIT-0238,NODE-SULTRA-KOLAKA-POMALAA-ANTAM,Simpul logistik Pomalaa-ANTAM,ANEKA TAMBANG,16/I/IUP/PMDN/2023,Perusahaan Perseroan Terbatas (PT),Nikel,ya,OPERASI PRODUKSI,Sulawesi Tenggara,KAB. KOLAKA,2023,195.0,data/processed/sulawesi_izin_raw_details.csv,CLUSTER-005
PERMIT-0239,NODE-SULTRA-KOLAKA-POMALAA-ANTAM,Simpul logistik Pomalaa-ANTAM,ANEKA TAMBANG,172/1/IUP/PMDN/2020,Perusahaan Perseroan Terbatas (PT),Nikel,ya,OPERASI PRODUKSI,Sulawesi Tenggara,KAB. KOLAKA,2020,1954.0,data/processed/sulawesi_izin_raw_details.csv,CLUSTER-005
PERMIT-0240,NODE-SULTRA-KOLAKA-POMALAA-ANTAM,Simpul logistik Pomalaa-ANTAM,ANEKA TAMBANG,175/1/IUP/PMDN/2020,Perusahaan Perseroan Terbatas (PT),Nikel,ya,OPERASI PRODUKSI,Sulawesi Tenggara,KAB. KOLAKA,2020,878.2,data/processed/sulawesi_izin_raw_details.csv,CLUSTER-005
PERMIT-0241,NODE-SULTRA-KOLAKA-POMALAA-ANTAM,Simpul logistik Pomalaa-ANTAM,BOLA DUNIA MANDIRI,457/DPM-PTSP/V/2018,Perusahaan Perseroan Terbatas (PT),Nikel,ya,OPERASI PRODUKSI,Sulawesi Tenggara,KAB. KOLAKA,2017,260.0,data/processed/sulawesi_izin_raw_details.csv,CLUSTER-005
PERMIT-0242,NODE-SULTRA-KOLAKA-POMALAA-ANTAM,Simpul logistik Pomalaa-ANTAM,EVI ANDRIANI SYAM,19102100268640002,Perusahaan Perseroan Terbatas (PT),Peridotit,tidak,OPERASI PRODUKSI,Sulawesi Tenggara,KAB. KOLAKA,2024,23.83,data/processed/sulawesi_izin_raw_details.csv,CLUSTER-005
PERMIT-0243,NODE-SULTRA-KOLAKA-POMALAA-ANTAM,Simpul logistik Pomalaa-ANTAM,GASING SULAWESI,890/DPM-PTSP/XI/2018,Perusahaan Perseroan Terbatas (PT),Pasir Kuarsa,tidak,OPERASI PRODUKSI,Sulawesi Tenggara,KAB. KOLAKA,2018,103.46,data/processed/sulawesi_izin_raw_details.csv,CLUSTER-005
PERMIT-0244,NODE-SULTRA-KOLAKA-POMALAA-ANTAM,Simpul logistik Pomalaa-ANTAM,KISWAH PERDANA,1591/1IUP/PMDN/2021,Perusahaan Komanditer (CV),Pasir Kuarsa,tidak,OPERASI PRODUKSI,Sulawesi Tenggara,KAB. KOLAKA,2021,43.32,data/processed/sulawesi_izin_raw_details.csv,CLUSTER-005
PERMIT-0245,NODE-SULTRA-KOLAKA-POMALAA-ANTAM,Simpul logistik Pomalaa-ANTAM,MINERALINDO BERKAH SEMESTA,04072300655090004,Perusahaan Perseroan Terbatas (PT),Grafit,tidak,OPERASI PRODUKSI,Sulawesi Tenggara,KAB. KOLAKA,2024,189.13,data/processed/sulawesi_izin_raw_details.csv,CLUSTER-005
PERMIT-0246,NODE-SULTRA-KOLAKA-POMALAA-ANTAM,Simpul logistik Pomalaa-ANTAM,PD. ANEKA USAHA KOLAKA,299/DPM-PTSP/IV/2018,Perusahaan Umum Daerah (Perumda),Nikel,ya,OPERASI PRODUKSI,Sulawesi Tenggara,KAB. KOLAKA,2018,340.0,data/processed/sulawesi_izin_raw_details.csv,CLUSTER-005
PERMIT-0247,NODE-SULTRA-KOLAKA-POMALAA-ANTAM,Simpul logistik Pomalaa-ANTAM,PUTRA KOLAKA SEJAHTERA,496/DPM-PTSP/VI/2018,Perusahaan Perseroan Terbatas (PT),Pasir Kuarsa,tidak,OPERASI PRODUKSI,Sulawesi Tenggara,KAB. KOLAKA,2018,199.59,data/processed/sulawesi_izin_raw_details.csv,CLUSTER-005
PERMIT-0248,NODE-SULTRA-KOLAKA-POMALAA-ANTAM,Simpul logistik Pomalaa-ANTAM,PUTRA MEKONGGA SEJAHTERA,652/DPMPTSP/XI/2020,Perusahaan Perseroan Terbatas (PT),Nikel,ya,OPERASI PRODUKSI,Sulawesi Tenggara,KAB. KOLAKA,2017,388.0,data/processed/sulawesi_izin_raw_details.csv,CLUSTER-005
PERMIT-0249,NODE-SULTRA-KOLAKA-POMALAA-ANTAM,Simpul logistik Pomalaa-ANTAM,REJEKI ALAM SULTRA,91205013228120002,Perusahaan Perseroan Terbatas (PT),Batu Gamping,tidak,OPERASI PRODUKSI,Sulawesi Tenggara,KAB. KOLAKA,2023,83.2,data/processed/sulawesi_izin_raw_details.csv,CLUSTER-005
PERMIT-0250,NODE-SULTRA-KOLAKA-POMALAA-ANTAM,Simpul logistik Pomalaa-ANTAM,RIDHA BUANA MANDIRI,06122100205030005,Perusahaan Perseroan Terbatas (PT),Peridotit,tidak,OPERASI PRODUKSI,Sulawesi Tenggara,KAB. KOLAKA,2023,5.32,data/processed/sulawesi_izin_raw_details.csv,CLUSTER-005
PERMIT-0251,NODE-SULTRA-KOLAKA-POMALAA-ANTAM,Simpul logistik Pomalaa-ANTAM,SULTRA SUMBER SEJAHTERA,30032300684740002,Perusahaan Perseroan Terbatas (PT),Batu Gamping,tidak,OPERASI PRODUKSI,Sulawesi Tenggara,KAB. KOLAKA,2023,135.09,data/processed/sulawesi_izin_raw_details.csv,CLUSTER-005
PERMIT-0252,NODE-SULTRA-KOLAKA-POMALAA-ANTAM,Simpul logistik Pomalaa-ANTAM,SURIA LINTAS GEMILANG,1461/1/IUP/PMDN/2021,Perusahaan Perseroan Terbatas (PT),Nikel,ya,OPERASI PRODUKSI,Sulawesi Tenggara,KAB. KOLAKA,2021,760.0,data/processed/sulawesi_izin_raw_details.csv,CLUSTER-005
PERMIT-0253,NODE-SULTRA-KOLAKA-POMALAA-ANTAM,Simpul logistik Pomalaa-ANTAM,TRI MITRA BABARINA PUTRA,30052300043260001,Perusahaan Perseroan Terbatas (PT),Peridotit,tidak,OPERASI PRODUKSI,Sulawesi Tenggara,KAB. KOLAKA,2024,64.7,data/processed/sulawesi_izin_raw_details.csv,CLUSTER-005
PERMIT-0254,NODE-SULTRA-KOLAKA-POMALAA-ANTAM,Simpul logistik Pomalaa-ANTAM,VALE INDONESIA,01/1/IUP/PMA/2024,Perusahaan Perseroan Terbatas (PT),Nikel,ya,OPERASI PRODUKSI,Sulawesi Tenggara,KAB. KOLAKA,2024,20286.0,data/processed/sulawesi_izin_raw_details.csv,CLUSTER-005
PERMIT-0255,NODE-SULTRA-KOLAKA-POMALAA-ANTAM,Simpul logistik Pomalaa-ANTAM,WAJA INTI LESTARI,418/DPMPTSP/VII/2020,Perusahaan Perseroan Terbatas (PT),Nikel,ya,OPERASI PRODUKSI,Sulawesi Tenggara,KAB. KOLAKA,2020,210.3,data/processed/sulawesi_izin_raw_details.csv,CLUSTER-005
PERMIT-0256,NODE-SULTRA-KOLAKA-POMALAA-ANTAM,Simpul logistik Pomalaa-ANTAM,YUANDA JAYA INDONESIA,33/1/IUP/PMA/2021,Perusahaan Perseroan Terbatas (PT),,tidak,,Sulawesi Tenggara,KAB. KOLAKA,2021,0.0,data/processed/sulawesi_izin_raw_details.csv,CLUSTER-005
PERMIT-0257,NODE-SULSEL-LUTIM-SOROWAKO-VALE,Simpul logistik Sorowako-Luwu Timur,ANUGERAH JAYA BUANA,34/1/IUP/PMDN/2023,Perusahaan Perseroan Terbatas (PT),Nikel,ya,OPERASI PRODUKSI,Sulawesi Selatan,KAB. LUWU TIMUR,2023,2800.0,data/processed/sulawesi_izin_raw_details.csv,CLUSTER-006
PERMIT-0258,NODE-SULSEL-LUTIM-SOROWAKO-VALE,Simpul logistik Sorowako-Luwu Timur,ANUGERAH TEHNIK UTAMA,15042300209710003,Perusahaan Komanditer (CV),Kerikil Berpasir Alami (Sirtu),tidak,EKSPLORASI,Sulawesi Selatan,KAB. LUWU TIMUR,2024,5.9,data/processed/sulawesi_izin_raw_details.csv,CLUSTER-006
PERMIT-0259,NODE-SULSEL-LUTIM-SOROWAKO-VALE,Simpul logistik Sorowako-Luwu Timur,CITRA LAMPIA MANDIRI,2/I.03h/PTSP/2018,Perusahaan Perseroan Terbatas (PT),Nikel,ya,OPERASI PRODUKSI,Sulawesi Selatan,KAB. LUWU TIMUR,2018,2660.0,data/processed/sulawesi_izin_raw_details.csv,CLUSTER-006
PERMIT-0260,NODE-SULSEL-LUTIM-SOROWAKO-VALE,Simpul logistik Sorowako-Luwu Timur,ERA MARPADOT,07/1/IUP/PMDN/2024,Perusahaan Perseroan Terbatas (PT),Nikel,ya,OPERASI PRODUKSI,Sulawesi Selatan,"KAB. LUWU TIMUR, KAB. KOLAKA UTARA",2024,4301.5,data/processed/sulawesi_izin_raw_details.csv,CLUSTER-006
PERMIT-0261,NODE-SULSEL-LUTIM-SOROWAKO-VALE,Simpul logistik Sorowako-Luwu Timur,LINGKE SULAWESI MINERAL,31/1/IUP/PMDN/2024,Perusahaan Perseroan Terbatas (PT),Nikel,ya,EKSPLORASI,Sulawesi Selatan,KAB. LUWU TIMUR,2024,943.0,data/processed/sulawesi_izin_raw_details.csv,CLUSTER-006
PERMIT-0262,NODE-SULSEL-LUTIM-SOROWAKO-VALE,Simpul logistik Sorowako-Luwu Timur,MADUMA ASIH PRATAMA,04/1/IUP/PMDN/2024,Perusahaan Perseroan Terbatas (PT),Nikel,ya,OPERASI PRODUKSI,Sulawesi Selatan,KAB. LUWU TIMUR,2024,7069.0,data/processed/sulawesi_izin_raw_details.csv,CLUSTER-006
PERMIT-0263,NODE-SULSEL-LUTIM-SOROWAKO-VALE,Simpul logistik Sorowako-Luwu Timur,MITRA BERKARYA SEJATI,39/1/IUP/PMDN/2023,Perusahaan Perseroan Terbatas (PT),Nikel,ya,OPERASI PRODUKSI,Sulawesi Selatan,KAB. LUWU TIMUR,2023,3807.0,data/processed/sulawesi_izin_raw_details.csv,CLUSTER-006
PERMIT-0264,NODE-SULSEL-LUTIM-SOROWAKO-VALE,Simpul logistik Sorowako-Luwu Timur,PANCA DIGITAL SOLUTION,7/1/IUP/PMA/2024,Perusahaan Perseroan Terbatas (PT),Besi,tidak,EKSPLORASI,Sulawesi Selatan,KAB. LUWU TIMUR,2024,1168.0,data/processed/sulawesi_izin_raw_details.csv,CLUSTER-006
PERMIT-0265,NODE-SULSEL-LUTIM-SOROWAKO-VALE,Simpul logistik Sorowako-Luwu Timur,PANCA DIGITAL SOLUTION,58/1/IUP/PMA/2017,Perusahaan Perseroan Terbatas (PT),Besi,tidak,OPERASI PRODUKSI,Sulawesi Selatan,KAB. LUWU TIMUR,2017,329.08,data/processed/sulawesi_izin_raw_details.csv,CLUSTER-006
PERMIT-0266,NODE-SULSEL-LUTIM-SOROWAKO-VALE,Simpul logistik Sorowako-Luwu Timur,PARAMOS REZEKI INDAH,35/1/IUP/PMDN/2023,Perusahaan Perseroan Terbatas (PT),Nikel,ya,OPERASI PRODUKSI,Sulawesi Selatan,KAB. LUWU TIMUR,2023,6639.0,data/processed/sulawesi_izin_raw_details.csv,CLUSTER-006
PERMIT-0267,NODE-SULSEL-LUTIM-SOROWAKO-VALE,Simpul logistik Sorowako-Luwu Timur,STAR MITRA SULAWESI,91201019603440024,Perusahaan Perseroan Terbatas (PT),Kerikil Berpasir Alami (Sirtu),tidak,OPERASI PRODUKSI,Sulawesi Selatan,KAB. LUWU TIMUR,2024,9.33,data/processed/sulawesi_izin_raw_details.csv,CLUSTER-006
PERMIT-0268,NODE-SULSEL-LUTIM-SOROWAKO-VALE,Simpul logistik Sorowako-Luwu Timur,SULAWESI DAMAI MINERAL,32/1/IUP/PMDN/2024,Perusahaan Perseroan Terbatas (PT),Nikel,ya,EKSPLORASI,Sulawesi Selatan,KAB. LUWU TIMUR,2024,1665.0,data/processed/sulawesi_izin_raw_details.csv,CLUSTER-006
PERMIT-0269,NODE-SULSEL-LUTIM-SOROWAKO-VALE,Simpul logistik Sorowako-Luwu Timur,SUMBER WAHAU JAYA,22/I.03A/PTSP/2020,Perusahaan Perseroan Terbatas (PT),Nikel,ya,OPERASI PRODUKSI,Sulawesi Selatan,KAB. LUWU TIMUR,2021,303.0,data/processed/sulawesi_izin_raw_details.csv,CLUSTER-006
PERMIT-0270,NODE-SULSEL-LUTIM-SOROWAKO-VALE,Simpul logistik Sorowako-Luwu Timur,VALE INDONESIA,01/1/IUP/PMA/2024,Perusahaan Perseroan Terbatas (PT),Nikel,ya,OPERASI PRODUKSI,Sulawesi Tengah,"KAB. MOROWALI, KAB. LUWU TIMUR",2024,22699.0,data/processed/sulawesi_izin_raw_details.csv,CLUSTER-006
