nama_perusahaan,lokasi,luas_ha,dork_query,pdf_title,pdf_link,pdf_snippet
KULAKA JAYA PERKASA,KAB. PASANGKAYU,1000.0,"""KULAKA JAYA PERKASA"" ""AMDAL"" OR ""RKL-RPL"" ""limbah"" OR ""tailing"" filetype:pdf",TIDAK DITEMUKAN,,
ISCO IRON,KAB. POLEWALI MANDAR,943.0,"""ISCO IRON"" ""AMDAL"" OR ""RKL-RPL"" ""limbah"" OR ""tailing"" filetype:pdf",PERCEPATANPEMBANGUNANI...,https://ppid.kemendagri.go.id/storage/dokumen/wImDORTBgI2qNicJGSWnUbmLEZGtUyAAV7Nt5biG.pdf,"... limbah dan daur ulang; 0,16%. Jasa Perusahaan;. 0,06%. Jasa Lainnya; 1,74%. Page ... Amdal di Sulawesi Barat, 2014-2018. Sumber : Dinas Lingkungan Hidup ..."
ISCO IRON,KAB. POLEWALI MANDAR,943.0,"""ISCO IRON"" ""AMDAL"" OR ""RKL-RPL"" ""limbah"" OR ""tailing"" filetype:pdf",GUBERNUR SULAWESI BARAT SALINAN - Peraturan BPK,https://peraturan.bpk.go.id/Download/242585/PERGUB%20NOMOR%209%20TAHUN%202022.pdf,"... Isco Iron,. Tahap Operasi. Produksi/Survei Logam oleh CV. Saga Bangun. Persada ... Amdal di Sulawesi Barat Tahun 2014–2018. Sumber: Dinas Lingkungan Hidup ..."
ISCO IRON,KAB. POLEWALI MANDAR,943.0,"""ISCO IRON"" ""AMDAL"" OR ""RKL-RPL"" ""limbah"" OR ""tailing"" filetype:pdf",Download PDF - PPID Kemendagri,https://ppid.kemendagri.go.id/storage/dokumen/HhGTu39uD6HTUxVDV2K2n5uaM5b44PtoSUJsxFeO.pdf,"... Limbah dan Daur Ulang. 7,23. 5,54. 8,58. 0,88. 13,42. 6. Konstruksi. 10,12. 8,43. 8 ... (AMDAL / DELH, UKL-UPL / DPLH, SPPL dan. PPLH). 5 Jenis. 265,003,150. 5 ..."
INTI KARYA POLMAN,KAB. POLEWALI MANDAR,776.06,"""INTI KARYA POLMAN"" ""AMDAL"" OR ""RKL-RPL"" ""limbah"" OR ""tailing"" filetype:pdf",GUBERNUR SULAWESI BARAT SALINAN - Peraturan BPK,https://peraturan.bpk.go.id/Download/242585/PERGUB%20NOMOR%209%20TAHUN%202022.pdf,... Amdal di Sulawesi Barat Tahun 2014–2018. Sumber: Dinas Lingkungan Hidup ... limbah bahan berbahaya dan beracun (B3) medis yang dapat menimbulkan ...
ISCO POLMAN RESOURCES,KAB. POLEWALI MANDAR,199.0,"""ISCO POLMAN RESOURCES"" ""AMDAL"" OR ""RKL-RPL"" ""limbah"" OR ""tailing"" filetype:pdf",TIDAK DITEMUKAN,,
ANEKA BARA LESTARI,KAB. MAMUJU,183.2,"""ANEKA BARA LESTARI"" ""AMDAL"" OR ""RKL-RPL"" ""limbah"" OR ""tailing"" filetype:pdf",GUBERNUR SULAWESI BARAT,https://www.jdih.sulbarprov.go.id/view/download.php?page=rancangan&id=28,"Aneka Bara Lestari di Kabupaten Mamuju; ... (1) Sistem Pengelolaan Limbah Bahan Berbahaya dan Beracun (B3) sebagaimana dimaksud dalam Pasal 25 ayat (1) huruf b, ..."
MANAKARRA MULTI MINING,KAB. MAMUJU,132.0,"""MANAKARRA MULTI MINING"" ""AMDAL"" OR ""RKL-RPL"" ""limbah"" OR ""tailing"" filetype:pdf",TIDAK DITEMUKAN,,
MANDAR PRIMA AGUNG,KAB. POLEWALI MANDAR,98.2,"""MANDAR PRIMA AGUNG"" ""AMDAL"" OR ""RKL-RPL"" ""limbah"" OR ""tailing"" filetype:pdf",TIDAK DITEMUKAN,,
BONEHAU PRIMA COAL,KAB. MAMUJU,98.0,"""BONEHAU PRIMA COAL"" ""AMDAL"" OR ""RKL-RPL"" ""limbah"" OR ""tailing"" filetype:pdf",PERCEPATANPEMBANGUNANI...,https://ppid.kemendagri.go.id/storage/dokumen/wImDORTBgI2qNicJGSWnUbmLEZGtUyAAV7Nt5biG.pdf,"... limbah dan daur ulang; 0,16%. Jasa Perusahaan;. 0,06%. Jasa Lainnya; 1,74%. Page ... Amdal di Sulawesi Barat, 2014-2018. Sumber : Dinas Lingkungan Hidup ..."
BONEHAU PRIMA COAL,KAB. MAMUJU,98.0,"""BONEHAU PRIMA COAL"" ""AMDAL"" OR ""RKL-RPL"" ""limbah"" OR ""tailing"" filetype:pdf",GUBERNUR SULAWESI BARAT SALINAN - Peraturan BPK,https://peraturan.bpk.go.id/Download/242585/PERGUB%20NOMOR%209%20TAHUN%202022.pdf,... Amdal di Sulawesi Barat Tahun 2014–2018. Sumber: Dinas Lingkungan Hidup ... limbah bahan berbahaya dan beracun (B3) medis yang dapat menimbulkan ...
PILAR BATU SULAWESI,KAB. MAMUJU,97.6,"""PILAR BATU SULAWESI"" ""AMDAL"" OR ""RKL-RPL"" ""limbah"" OR ""tailing"" filetype:pdf",TIDAK DITEMUKAN,,
NUSANTARA MINING SEMESTA,KAB. MAMUJU,94.5,"""NUSANTARA MINING SEMESTA"" ""AMDAL"" OR ""RKL-RPL"" ""limbah"" OR ""tailing"" filetype:pdf",TIDAK DITEMUKAN,,
ANUGERAH BATU ANDALAN,KAB. MAMUJU,93.0,"""ANUGERAH BATU ANDALAN"" ""AMDAL"" OR ""RKL-RPL"" ""limbah"" OR ""tailing"" filetype:pdf",TIDAK DITEMUKAN,,
POLEMAJU MINERAL MANDIRI,KAB. MAMUJU,79.0,"""POLEMAJU MINERAL MANDIRI"" ""AMDAL"" OR ""RKL-RPL"" ""limbah"" OR ""tailing"" filetype:pdf",TIDAK DITEMUKAN,,
DWI PERKASA NUSANTARA,KAB. PASANGKAYU,74.0,"""DWI PERKASA NUSANTARA"" ""AMDAL"" OR ""RKL-RPL"" ""limbah"" OR ""tailing"" filetype:pdf",TIDAK DITEMUKAN,,
ALAM SUMBER REZEKI,KAB. MAMUJU TENGAH,69.85,"""ALAM SUMBER REZEKI"" ""AMDAL"" OR ""RKL-RPL"" ""limbah"" OR ""tailing"" filetype:pdf",Dinas Lingkungan Hidup Kabupaten Tanah Bumbu,https://ppid.kemendagri.go.id/storage/dokumen/iE4bx5GCs8s9p6u5InLyfDW40RMvSk66aAg1EKSR.pdf,"pengolahan air limbah termasuk limbah B3 dengan baik dapat merusak kondsi ... AMDAL dan UKL-UPL, melakukan pengawasan pelaksanaan AMDAL dan. UKL-UPL ..."
ALAM SUMBER REZEKI,KAB. MAMUJU TENGAH,69.85,"""ALAM SUMBER REZEKI"" ""AMDAL"" OR ""RKL-RPL"" ""limbah"" OR ""tailing"" filetype:pdf","Proyek Strategis Nasional, Tambang, hingga Ilusi Transisi Energi",https://aji.or.id/system/files/2026-05/cetakan-2sisi-gelap-sulawesi220426compressed.pdf,"dan pelaksanaan AMDAL serta RKL/RPL. Kedua, pemenuhan standar Izin ... Limbah tailing ini kata Fadli sangat berbahaya dan membutuhkan treatment khusus ..."
ANUGERAH BATU SILOPO,KAB. POLEWALI MANDAR,55.5,"""ANUGERAH BATU SILOPO"" ""AMDAL"" OR ""RKL-RPL"" ""limbah"" OR ""tailing"" filetype:pdf",TIDAK DITEMUKAN,,
AZ ZAHRA,KAB. MAMUJU,55.2,"""AZ ZAHRA"" ""AMDAL"" OR ""RKL-RPL"" ""limbah"" OR ""tailing"" filetype:pdf",(ANALISIS MENGENAI DAMPAK LINGKUNGAN),http://repository.mediapenerbitindonesia.com/225/1/T%20209%20-%20Buku%20Ajar%20AMDAL%20%28Analisis%20Mengenai%20Dampak%20Lingkungan.pdf,Sistem Informasi AMDAL (SIA-AMDAL) adalah sebuah platform atau sistem yang ... Contoh limbah yang umum termasuk air limbah dari kegiatan domestik dan ...
AZ ZAHRA,KAB. MAMUJU,55.2,"""AZ ZAHRA"" ""AMDAL"" OR ""RKL-RPL"" ""limbah"" OR ""tailing"" filetype:pdf",PENGARUH PEMBELAJARAN PROJECT BASED LEARNING (PjBL),https://digilib.uinkhas.ac.id/16107/1/ABIDAH%20HINDIYANA%20ULINNUHA_T20188091.pdf,"Dec 9, 2022 ... (AMDAL). AMDAL dilakukan sebelum proyek didirikan. Hal-hal yang ... Misalnya tidak membuang limbah (limbah manusia, limbah rumah tangga) ..."
AZ ZAHRA,KAB. MAMUJU,55.2,"""AZ ZAHRA"" ""AMDAL"" OR ""RKL-RPL"" ""limbah"" OR ""tailing"" filetype:pdf",pemerintah kabupaten ponorogo - Kemendikdasmen,https://file.data.kemendikdasmen.go.id/sk/1052296-637346-365063-137712758-561590254.pdf,"Mematuhi ketentuan dan menyediakan fasilitas pengelolaan limbah cair untuk usaha dan/atau kegiatan ... daftar usaha dan/atau kegiatan wajib Amdal, UKL-UPL dan ..."
HASILINDO UTAMA INVESTAMA,KAB. POLEWALI MANDAR,49.48,"""HASILINDO UTAMA INVESTAMA"" ""AMDAL"" OR ""RKL-RPL"" ""limbah"" OR ""tailing"" filetype:pdf",TIDAK DITEMUKAN,,
CAHAYA TIGA SAHABAT,KAB. MAJENE,45.0,"""CAHAYA TIGA SAHABAT"" ""AMDAL"" OR ""RKL-RPL"" ""limbah"" OR ""tailing"" filetype:pdf",TIDAK DITEMUKAN,,
LIBAS PERKASA NUSANTARA,KAB. PASANGKAYU,36.1,"""LIBAS PERKASA NUSANTARA"" ""AMDAL"" OR ""RKL-RPL"" ""limbah"" OR ""tailing"" filetype:pdf",TIDAK DITEMUKAN,,
CADAS INDUSTRI AZELIA MEKAR,KAB. MAJENE,31.63,"""CADAS INDUSTRI AZELIA MEKAR"" ""AMDAL"" OR ""RKL-RPL"" ""limbah"" OR ""tailing"" filetype:pdf",TIDAK DITEMUKAN,,
YAKUSA TOLELO NUSANTARA,KAB. MAMUJU TENGAH,25.0,"""YAKUSA TOLELO NUSANTARA"" ""AMDAL"" OR ""RKL-RPL"" ""limbah"" OR ""tailing"" filetype:pdf",TIDAK DITEMUKAN,,
Maju Bersama,KAB. PASANGKAYU,24.7,"""Maju Bersama"" ""AMDAL"" OR ""RKL-RPL"" ""limbah"" OR ""tailing"" filetype:pdf",COMPAN Y - agropustaka,https://www.agropustaka.id/wp-content/uploads/2020/07/agropustaka.id_GECO-Company-Profile.pdf,"(AMDAL/RKL-RPL, UKL-UPL, DELH, DPLH, dan Laporan. Integrasi Izin ... Izin TPS Limbah B3, Izin Pengelolaan Limbah B3). • Environmental Gap Analysis."
Maju Bersama,KAB. PASANGKAYU,24.7,"""Maju Bersama"" ""AMDAL"" OR ""RKL-RPL"" ""limbah"" OR ""tailing"" filetype:pdf",RSPO P&C Audit Report Template - Musim Mas,https://www.musimmas.com/wp-content/uploads/2024/08/2023-RSPO-Audit-Report-PT.-Musim-Mas-Batang-Kulim-POM.pdf,"Sep 23, 2024 ... ... (RKL/RPL) for PT Musim Mas (Batang Kulim and Pangkalan. Lesung) for the period between January 2023 to June 2023 (Semester I) with AMDAL ..."
Maju Bersama,KAB. PASANGKAYU,24.7,"""Maju Bersama"" ""AMDAL"" OR ""RKL-RPL"" ""limbah"" OR ""tailing"" filetype:pdf",Conceptual Design of an Integrated Recreational Park and ...,http://archvisual.id/archvisual/article/download/69/54,"... limbah, pemberdayaan masyarakat, dan ... The management of the mangrove area is carried out by Kelompok Tani Hutan (KTH) Penghijauan. Maju Bersama, a local group ..."
EMBRIO INTERNASIONAL INDONESIA,KAB. PASANGKAYU,23.4,"""EMBRIO INTERNASIONAL INDONESIA"" ""AMDAL"" OR ""RKL-RPL"" ""limbah"" OR ""tailing"" filetype:pdf",TIDAK DITEMUKAN,,
TAKODO PERKASA,KAB. POLEWALI MANDAR,20.0,"""TAKODO PERKASA"" ""AMDAL"" OR ""RKL-RPL"" ""limbah"" OR ""tailing"" filetype:pdf",TIDAK DITEMUKAN,,
PASIR PUTRA UTAMA,KAB. MAMUJU TENGAH,17.25,"""PASIR PUTRA UTAMA"" ""AMDAL"" OR ""RKL-RPL"" ""limbah"" OR ""tailing"" filetype:pdf",TIDAK DITEMUKAN,,
PUTRA BONDE MAHATIDANA,KAB. MAJENE,16.6,"""PUTRA BONDE MAHATIDANA"" ""AMDAL"" OR ""RKL-RPL"" ""limbah"" OR ""tailing"" filetype:pdf",TIDAK DITEMUKAN,,
SAMUDRA PANTOLOAN,KAB. PASANGKAYU,14.0,"""SAMUDRA PANTOLOAN"" ""AMDAL"" OR ""RKL-RPL"" ""limbah"" OR ""tailing"" filetype:pdf",TIDAK DITEMUKAN,,
JAYA PASIR ANDALAN,KAB. MAMUJU,13.9,"""JAYA PASIR ANDALAN"" ""AMDAL"" OR ""RKL-RPL"" ""limbah"" OR ""tailing"" filetype:pdf","Proyek Strategis Nasional, Tambang, hingga Ilusi Transisi Energi",https://aji.or.id/system/files/2026-05/cetakan-2sisi-gelap-sulawesi220426compressed.pdf,"dan pelaksanaan AMDAL serta RKL/RPL. Kedua, pemenuhan standar Izin ... Limbah tailing ini kata Fadli sangat berbahaya dan membutuhkan treatment khusus ..."
HORAS MANDIRI TO MARIO,KAB. MAJENE,10.5,"""HORAS MANDIRI TO MARIO"" ""AMDAL"" OR ""RKL-RPL"" ""limbah"" OR ""tailing"" filetype:pdf",TIDAK DITEMUKAN,,
FAUZAN,KAB. PASANGKAYU,8.0,"""FAUZAN"" ""AMDAL"" OR ""RKL-RPL"" ""limbah"" OR ""tailing"" filetype:pdf",Public Summary Report PT. Agro Indomas Central Kalimantan,https://rspo.org/wp-content/uploads/PT_Agro_Indomas_Sungai_Purun_POM_RSPO_PC_Public_Summary_Report.pdf,"Dec 2, 2014 ... - Dokumen lingkungan (AMDAL, UKL/UPL, DPLH), dokumen SIA, Dokumen program CSR, dokumen HCV, dokumen RKL, RPL, Laporan Limbah B3, Laporan HCS."
FAUZAN,KAB. PASANGKAYU,8.0,"""FAUZAN"" ""AMDAL"" OR ""RKL-RPL"" ""limbah"" OR ""tailing"" filetype:pdf",analisis dampak lingkungan sosial terhadap aktivitas,https://eprints.umm.ac.id/9714/1/PENDAHULUAN.pdf,"Kurniawansyah, E., Fauzan, A., & Mustari, M. (2022). Dampak Sosial dan. Lingkungan Terhadap Pencemaran Limbah Pabrik. CIVICUS: Pendidikan-. Penelitian- ..."
FAUZAN,KAB. PASANGKAYU,8.0,"""FAUZAN"" ""AMDAL"" OR ""RKL-RPL"" ""limbah"" OR ""tailing"" filetype:pdf",Jurnal Jendela Hukum - Open Journal Systems,https://ejournalwiraraja.com/index.php/FH/article/view/3052/2142,"Apr 1, 2024 ... dengan limbah dan dari sebagian besar masyarakat yang membuang limbah ... Kurniawansyah, Edy, Ahmad Fauzan, and Mustari. “Dampak Sosial Dan ..."
BUTTU BATU INDAH,KAB. MAMASA,7.8,"""BUTTU BATU INDAH"" ""AMDAL"" OR ""RKL-RPL"" ""limbah"" OR ""tailing"" filetype:pdf",TIDAK DITEMUKAN,,
ABADI DUA PUTRI,KAB. PASANGKAYU,6.0,"""ABADI DUA PUTRI"" ""AMDAL"" OR ""RKL-RPL"" ""limbah"" OR ""tailing"" filetype:pdf",TIDAK DITEMUKAN,,
INTI KONSTRUKSI ABADI,KAB. PASANGKAYU,5.8,"""INTI KONSTRUKSI ABADI"" ""AMDAL"" OR ""RKL-RPL"" ""limbah"" OR ""tailing"" filetype:pdf",TIDAK DITEMUKAN,,
RAMA KARYA CIPTA,KAB. MAMUJU,5.24,"""RAMA KARYA CIPTA"" ""AMDAL"" OR ""RKL-RPL"" ""limbah"" OR ""tailing"" filetype:pdf",TIDAK DITEMUKAN,,
BINTANG PRATAMA PERKASA MANDIRI,KAB. PASANGKAYU,5.0,"""BINTANG PRATAMA PERKASA MANDIRI"" ""AMDAL"" OR ""RKL-RPL"" ""limbah"" OR ""tailing"" filetype:pdf",TIDAK DITEMUKAN,,
TOPAZ PERKASA,KAB. MAMUJU TENGAH,3.6,"""TOPAZ PERKASA"" ""AMDAL"" OR ""RKL-RPL"" ""limbah"" OR ""tailing"" filetype:pdf",TIDAK DITEMUKAN,,
IRA MANDIRI,KAB. PASANGKAYU,2.6,"""IRA MANDIRI"" ""AMDAL"" OR ""RKL-RPL"" ""limbah"" OR ""tailing"" filetype:pdf",TIDAK DITEMUKAN,,
BINA MITRA TOPOYO,KAB. MAMUJU TENGAH,2.5,"""BINA MITRA TOPOYO"" ""AMDAL"" OR ""RKL-RPL"" ""limbah"" OR ""tailing"" filetype:pdf",TIDAK DITEMUKAN,,
WAHAB TOLA,KAB. PASANGKAYU,1.42,"""WAHAB TOLA"" ""AMDAL"" OR ""RKL-RPL"" ""limbah"" OR ""tailing"" filetype:pdf",TIDAK DITEMUKAN,,
