GAMBAR 4.12 JUMLAH FASILITAS KESEHATAN TINGKAT PERTAMA (FKTP) BEKERJASAMA DENGAN BPJS KESEHATAN TAHUN 2014-2018,,,GAMBAR 4.13 PERSENTASE FASILITAS KESEHATAN TINGKAT PERTAMA (FKTP) DAN JEJARING BEKERJASAMA DENGAN BPJS KESEHATAN TAHUN 2018,,,,,,,,,,
"25.000 22.482 21.763 20.708 19.969 20.000 18.437 15.000 10.000 5.000 0 2014 2015 2016 2017 2018 Sumber: Pusat Pembiayaan dan Jaminan Kesehatan, Kemenkes RI, 2019",,,"Jejaring RS Tipe D 5,43% Pratama Dokter 0,12% Praktik Perorangan 24,28% Puskesmas 44,04% Klinik Pratama 26,13%",,,,,,,,,,
,Target Re,nstra 2018:,78%,,,,,,,,,,
,,,7,,,,,,,,,,
,,,7,,,,,,,,,,
,,,7,,,,,,,,,,
,,,73,,,,,,,,,,
,,Target,Renstra 2018,: 87%,,,,,,,,,
,,Targ,et Renstra 2,018: 95%,,,,,,,,,
,Targ,et Renstra 2,018: 65%,,,,,,,,,,
,,,,,,"9 9 9 9 89, 87, 87, 83,61 78,92 5,00 4,47 3,76 ,49 5",,,,,,,
CAKUPAN PUSKESMAS YANG MELAKSANAKAN PENJARINGAN KESEHATAN PESERTA DIDIK,,,,,,,,,,,,,
KELAS 7 DAN 10 MENURUT PROVINSI TAHUN 2018,,,,,,,,,,,,,
,Target,,,,,,,,,,,,
,Renst,ra 2018: 5,5%,,,,,,,,,,
,,,"4,59 64",,,,,,,,,,
,Target,,,,,,,,,,,,
,Renstr,a 2018: 40,%,,,,,,,,,,
"76 74,2 74,4 73,9 74 71,8 72 72,2 72,4 72,6 72,8 72,9 73,1 72,2 72,4 71,9 72 70,4 70,6 70,8 70,9 71,1 69,8 70 70,2 70 70,4 70,6 70,1 69,6 68 67,9 68,1 68,3 68,5 68,7 68,9 69 Laki-Laki 66 Perempuan Laki-Laki + Perempuan 64 2010 2011 2012 2013 2014 2015 2016 2020 2025 2030 2035",,,,,,,,,,,,,
,,,,"56,51",9 82 91,"5,53",,,,,,,
,,,,"71, 70, 67,60 63,74 63,34 61,99 58,80 58,35 57,82 56,01 55,36 3,37 ,49 1",,,,,,,,,
,Target:,80 %,,,,,,,,,,,
,,"5 51 47,7 46,65 42,43 39,24 37,36 36,58 41 2",,,,,,,,,,,
,"31, 29,0 26,64 26,20 21,07 19,44 18,92 17,69 16,47 5,02 ,59",,,,,,,,,,,,
"1 12 6,67 6,03 5,35",,,,,,,,,,,,,
Tah un,Jumlah Propinsi,Jumlah Kejadian,Kasus,Kematian,CFR (%),,,,,,,,
2010,11,33,4.204,73,"1,74",,,,,,,,
,15,19,3.003,12,"0,40",,,,,,,,
,17,34,1.625,25,"1,54",,,,,,,,
,6,8,633,7,"1,11",,,,,,,,
,5,6,2.549,29,"1,14",,,,,,,,
,13,21,1.213,30,"2,47",,,,,,,,
,3,3,198,6,"3,03",,,,,,,,
,12,21,1.725,34,"1,97",,,,,,,,
,8,10,756,36,"4,76",,,,,,,,
Jumlah,,,,,,,,,,,,,
Kejadian,,,,,,,,,,,,,
,,,,,45,,,,,,,,
,,,,,25,,,,,,,,
,"10,97",,,,,,,,,,,,
,No,,,Provinsi,,,Jumlah Kasus Pasung,,,,,,
,1,,,Aceh,,,90,,,,,,
,2,,,Sumatera Utara,,,427,,,,,,
,3,,,Sumatera Barat,,,134,,,,,,
,4,,,Riau,,,40,,,,,,
,5,,,Jambi,,,64,,,,,,
,6,,,Sumatera Selatan,,,33,,,,,,
,7,,,Bengkulu,,,39,,,,,,
,8,,,Lampung,,,601,,,,,,
,9,,,Kep. Bangka Belitung,,,15,,,,,,
,10,,,Kepulauan Riau,,,153,,,,,,
,11,,,DKI Jakarta,,,,,,,,,
,12,,,Jawa Barat,,,131,,,,,,
,13,,,Jawa Tengah,,,106,,,,,,
,14,,,DI Yogyakarta,,,325,,,,,,
,15,,,Jawa Timur,,,754,,,,,,
,16,,,Banten,,,24,,,,,,
,17,,,Bali,,,9,,,,,,
,18,,,Nusa Tenggara Barat,,,14,,,,,,
,19,,,Nusa Tenggara Timur,,,105,,,,,,
,20,,,Kalimantan Barat,,,38,,,,,,
,21,,,Kalimantan Tengah,,,30,,,,,,
,22,,,Kalimantan Selatan,,,40,,,,,,
,23,,,Kalimantan Timur,,,139,,,,,,
,24,,,Kalimantan Utara,,,131,,,,,,
,25,,,Sulawesi Utara,,,-,,,,,,
,26,,,Sulawesi Tengah,,,202,,,,,,
,27,,,Sulawesi Selatan,,,5,,,,,,
,28,,,Sulawesi Tenggara,,,38,,,,,,
,29,,,Gorontalo,,,616,,,,,,
,30,,,Sulawesi Barat,,,117,,,,,,
,31,,,Maluku,,,17,,,,,,
,32,,,Maluku Utara,,,18,,,,,,
,33,,,Papua Barat,,,-,,,,,,
,34,,,Papua,,,3,,,,,,
,,,,Total,,,4458,,,,,,
GAMBAR 6.74,,,,,,,,,,,,,
INDIKATOR CAKUPAN KABUPATEN/KOTA MEMILIKI PUSKESMAS YANG,,,,,,,,,,,,,
MENYELENGGARAKAN UPAYA KESEHATAN JIWA,,,,,,,,,,,,,
120 100 100 100 100100100100100100100100100 97 100 80 73 60 60 44 43 41 40 33 32 30 30 23 20 0 0 0 0 0 0 0 0 0 0 0 0 h e c A ib m a J n a t a le S a r e t a m u S g n u p m a L g n u tile B a k g n a B .p e K u a iR n a u a lu p e K n e tn a B ila B n a t a le S n a t n a m ila K a r a t U n a t n a m ila K o la tn o r o G u k u la M r u m iT a w a J a r a t U is e w a lu S a r a t U u k u la M t a r a B a w a J h a g n e T a w a J a r a g g n e T is e w a lu S u a iR r u m iT a r a g g n e T a s u N a r a t U a r e t a m u S r u m iT n a t n a m ila K a u p a P t a r a B a r e t a m u S u lu k g n e B a tr a k a J IK D a t r a k a y g o Y ID t a r a B a r a g g n e T a s u N t a r a B n a t n a m ila K h a g n e T n a t n a m ila K h a g n e T is e w a lu S n a t a le S is e w a lu S t a r a B is e w a lu S t a r a B a u p a P,,,,,,,,,,,,,
"Sumber: Direktorat Jenderal P2P, 2019",,,,,,,,,,,,,
"Kabupaten/kota di Provinsi Aceh, Lampung, Sumbar, Jatim, DKI Jakarta dan Sumsel sudah",,,,,,,,,,,,,
"banyak yang memiliki puskesmas dengan layanan kesehatan jiwa, salah satunya karena adanya",,,,,,,,,,,,,
"dukungan APBD dalam melakukan pelatihan bagi nakes. Provinsi Kalimantan Tengah, Sulawesi Barat,",,,,,,,,,,,,,
"Jambi, Riau, dan Papua mempunyai kabupaten/kota yang sedikit memiliki puskesmas dengan layanan",,,,,,,,,,,,,
jiwa dikarenakan provinsi tersebut hanya mengadakan pelatihan dengan menggunakan dana,,,,,,,,,,,,,
"dekonsentrasi, yang diadakan di provinsi sehingga puskesmas yang dapat dilibatkan hanya",,,,,,,,,,,,,
sedikit/terbatas. Hingga saat ini semua provinsi sudah memiliki puskesmas dengan layanan jiwa,,,,,,,,,,,,,
walaupun belum mencapai indikator yang ditetapkan.,,,,,,,,,,,,,
No,Provinsi,Jumlah Puskesmas,,,,,,,,,,,
,,2014,2015,2016,2017,2018,,,,,,,
(1),(2),(3),(4),(5),(6),(7),,,,,,,
1,Aceh,337,339,340,341,348,,,,,,,
2,Sumatera Utara,570,571,571,571,581,,,,,,,
3,Sumatera Barat,264,264,264,269,275,,,,,,,
4,Riau,211,212,213,215,216,,,,,,,
5,Jambi,176,176,183,186,195,,,,,,,
6,Sumatera Selatan,321,322,322,322,332,,,,,,,
7,Bengkulu,180,180,180,180,180,,,,,,,
8,Lampung,290,291,292,297,302,,,,,,,
9,Kepulauan Bangka Belitung,61,62,62,63,64,,,,,,,
10,Kepulauan Riau,73,72,73,74,83,,,,,,,
11,DKI Jakarta,340,340,340,340,321,,,,,,,
12,Jawa Barat,1.050,1.050,1.050,1.056,1.069,,,,,,,
13,Jawa Tengah,875,875,875,876,881,,,,,,,
14,DI Yogyakarta,121,121,121,121,121,,,,,,,
15,Jawa Timur,960,960,960,963,967,,,,,,,
16,Banten,231,233,233,233,242,,,,,,,
17,Bali,120,120,120,120,120,,,,,,,
18,Nusa Tenggara Barat,158,158,158,160,166,,,,,,,
19,Nusa Tenggara Timur,370,371,371,372,381,,,,,,,
20,Kalimantan Barat,238,238,238,241,244,,,,,,,
21,Kalimantan Tengah,195,195,195,196,200,,,,,,,
22,Kalimantan Selatan,228,230,230,230,233,,,,,,,
23,Kalimantan Timur,174,174,175,179,183,,,,,,,
24,Kalimantan Utara,48,49,49,49,56,,,,,,,
25,Sulawesi Utara,187,187,188,189,193,,,,,,,
26,Sulawesi Tengah,184,189,189,193,202,,,,,,,
27,Sulawesi Selatan,446,448,448,451,458,,,,,,,
28,Sulawesi Tenggara,269,269,269,274,284,,,,,,,
29,Gorontalo,93,93,93,93,93,,,,,,,
30,Sulawesi Barat,94,94,94,94,94,,,,,,,
31,Maluku,197,199,199,199,208,,,,,,,
32,Maluku Utara,127,127,128,129,134,,,,,,,
33,Papua Barat,149,151,151,155,159,,,,,,,
34,Papua,394,394,393,394,408,,,,,,,
Indonesia,,9.731,9.754,9.767,9.825,9.993,,,,,,,
No,Provinsi,Jumlah Puskesmas,Jumlah Kecamatan,Rasio Puskesmas per Kecamatan,,,,,,,,,
(1),(2),(3),(4),(5),,,,,,,,,
1,Aceh,348,289,"1,20",,,,,,,,,
2,Sumatera Utara,581,444,"1,31",,,,,,,,,
3,Sumatera Barat,275,179,"1,54",,,,,,,,,
4,Riau,216,166,"1,30",,,,,,,,,
5,Jambi,195,141,"1,38",,,,,,,,,
6,Sumatera Selatan,332,236,"1,41",,,,,,,,,
7,Bengkulu,180,128,"1,41",,,,,,,,,
8,Lampung,302,228,"1,32",,,,,,,,,
9,Kepulauan Bangka Belitung,64,47,"1,36",,,,,,,,,
10,Kepulauan Riau,83,70,"1,19",,,,,,,,,
11,DKI Jakarta,321,44,"7,30",,,,,,,,,
12,Jawa Barat,1.069,627,"1,70",,,,,,,,,
13,Jawa Tengah,881,573,"1,54",,,,,,,,,
14,DI Yogyakarta,121,78,"1,55",,,,,,,,,
15,Jawa Timur,967,666,"1,45",,,,,,,,,
16,Banten,242,155,"1,56",,,,,,,,,
17,Bali,120,57,"2,11",,,,,,,,,
18,Nusa Tenggara Barat,166,116,"1,43",,,,,,,,,
19,Nusa Tenggara Timur,381,309,"1,23",,,,,,,,,
20,Kalimantan Barat,244,174,"1,40",,,,,,,,,
21,Kalimantan Tengah,200,136,"1,47",,,,,,,,,
22,Kalimantan Selatan,233,153,"1,52",,,,,,,,,
23,Kalimantan Timur,183,103,"1,78",,,,,,,,,
24,Kalimantan Utara,56,53,"1,06",,,,,,,,,
25,Sulawesi Utara,193,171,"1,13",,,,,,,,,
26,Sulawesi Tengah,202,175,"1,15",,,,,,,,,
27,Sulawesi Selatan,458,307,"1,49",,,,,,,,,
28,Sulawesi Tenggara,284,219,"1,30",,,,,,,,,
29,Gorontalo,93,77,"1,21",,,,,,,,,
30,Sulawesi Barat,94,69,"1,36",,,,,,,,,
31,Maluku,208,118,"1,76",,,,,,,,,
32,Maluku Utara,134,115,"1,17",,,,,,,,,
33,Papua Barat,159,218,"0,73",,,,,,,,,
34,Papua,408,560,"0,73",,,,,,,,,
Indonesia,,9.993,7.201,"1,39",,,,,,,,,
No,Provinsi,Jumlah Kabupaten dengan Puskesmas Sesuai Standar*,Puskesmas Dengan Pelayanan Sesuai Standar*,,Puskesmas Belum Sesuai Standar,,Puskesmas Belum Melapor,,,,,,
,,,Jumlah,Persentase,Jumlah,Persentase,Jumlah,Persentase,,,,,
(1),(2),(3),(4),(5),(6),(7),(8),(9),,,,,
1,Aceh,22,222,"63,79",174,"0,86",116,"33,33",,,,,
2,Sumatera Utara,33,394,"67,81",0,"29,95",3,"0,52",,,,,
3,Sumatera Barat,18,160,"58,18",29,"0,00",109,"39,64",,,,,
4,Riau,12,181,"83,80",97,"13,43",5,"2,31",,,,,
5,Jambi,11,87,"44,62",20,"49,74",2,"1,03",,,,,
6,Sumatera Selatan,17,275,"82,83",6,"6,02",27,"8,13",,,,,
7,Bengkulu,10,67,"37,22",0,"3,33",107,"59,44",,,,,
8,Lampung,15,127,"42,05",7,"0,00",170,"56,29",,,,,
9,Kepulauan Bangka Belitung,7,56,"88,89",3,"11,11",0,"0,00",,,,,
10,Kepulauan Riau,6,46,"55,42",0,"3,61",25,"30,12",,,,,
11,DKI Jakarta,6,106,"33,02",50,"0,00",234,"72,90",,,,,
12,Jawa Barat,27,694,"64,92",118,"4,68",312,"29,19",,,,,
13,Jawa Tengah,35,758,"86,14",0,"13,41",0,"0,00",,,,,
14,DI Yogyakarta,5,111,"91,74",0,"0,00",10,"8,26",,,,,
15,Jawa Timur,37,627,"64,84",6,"0,00",336,"34,75",,,,,
16,Banten,8,159,"67,09",7,"2,53",68,"28,69",,,,,
17,Bali,9,113,"94,17",0,"5,83",0,"0,00",,,,,
18,Nusa Tenggara Barat,10,86,"51,50",0,"0,00",74,"44,31",,,,,
19,Nusa Tenggara Barat,19,79,"20,90",0,"0,00",293,"77,51",,,,,
20,Kalimantan Barat,13,81,"33,20",10,"0,00",160,"65,57",,,,,
21,Kalimantan Tengah,14,61,"30,50",85,"5,00",125,"62,50",,,,,
22,Kalimantan Selatan,13,145,"62,23",51,"36,48",0,"0,00",,,,,
23,Kalimantan Timur,9,96,"52,46",3,"27,87",32,"17,49",,,,,
24,Kalimantan Utara,4,20,"35,71",0,"5,36",26,"46,43",,,,,
25,Sulawesi Utara,14,102,"52,85",77,"0,00",87,"45,08",,,,,
26,Sulawesi Tengah,13,116,"57,43",51,"38,12",0,"0,00",,,,,
27,Sulawesi Selatan,24,395,"86,24",0,"11,14",5,"1,09",,,,,
28,Sulawesi Tenggara,14,36,"12,68",18,"0,00",238,"83,80",,,,,
29,Gorontalo,6,74,"79,57",24,"19,35",1,"1,08",,,,,
30,Sulawesi Barat,6,58,"61,70",117,"25,53",12,"12,77",,,,,
31,Maluku,11,82,"39,42",60,"56,25",0,"0,00",,,,,
32,Maluku Utara,7,55,"41,04",14,"44,78",14,"10,45",,,,,
33,Papua Barat,11,33,"20,75",1,"8,81",108,"67,92",,,,,
34,Papua,9,18,"4,41",,"0,25",375,"91,91",,,,,
Indonesia,,475,5.720,"57,24",1.031,"10,32",3.074,"30,76",,,,,
No,Provinsi,Jumlah Puskesmas Rawat Inap,,,,,Jumlah Puskesmas Non Rawat Inap,,,,,,
,,2014,2015,2016,2017,2018,2014,2015,2016,2017,2018,,
(1),(2),(3),(4),(5),(6),(7),(8),(9),(10),(11),(12),,
1,Aceh,143,143,143,143,148,194,196,197,198,200,,
2,Sumatera Utara,164,164,164,163,175,406,407,407,408,406,,
3,Sumatera Barat,91,91,91,91,91,173,173,173,178,184,,
4,Riau,79,79,79,80,81,132,133,134,135,135,,
5,Jambi,68,68,68,71,74,108,108,115,115,121,,
6,Sumatera Selatan,95,95,95,95,95,226,227,227,227,237,,
7,Bengkulu,45,46,46,46,47,135,134,134,134,133,,
8,Lampung,101,112,112,115,119,189,179,180,182,183,,
9,Kepulauan Bangka Belitung,20,21,21,21,21,41,41,41,42,43,,
10,Kepulauan Riau,29,28,28,29,32,44,44,45,45,51,,
11,DKI Jakarta,30,30,30,30,28,310,310,310,310,293,,
12,Jawa Barat,176,176,182,185,186,874,874,868,871,883,,
13,Jawa Tengah,318,320,320,322,361,557,555,555,554,520,,
14,DI Yogyakarta,42,43,43,43,49,79,78,78,78,72,,
15,Jawa Timur,518,519,519,520,534,442,441,441,443,433,,
16,Banten,56,56,56,56,56,175,177,177,177,186,,
17,Bali,34,35,35,35,38,86,85,85,85,82,,
18,Nusa Tenggara Barat,109,109,109,110,111,49,49,49,50,55,,
19,Nusa Tenggara Timur,137,137,137,137,151,233,234,234,235,230,,
20,Kalimantan Barat,95,95,95,95,118,143,143,143,146,126,,
21,Kalimantan Tengah,73,73,73,73,75,122,122,122,123,125,,
22,Kalimantan Selatan,45,46,50,50,50,183,184,180,180,183,,
23,Kalimantan Timur,95,95,95,96,97,79,79,80,83,86,,
24,Kalimantan Utara,32,32,32,32,32,16,17,17,17,24,,
25,Sulawesi Utara,92,92,92,92,92,95,95,96,97,101,,
26,Sulawesi Tengah,78,79,79,79,84,106,110,110,114,118,,
27,Sulawesi Selatan,228,227,227,252,269,218,221,221,199,189,,
28,Sulawesi Tenggara,78,80,82,81,82,191,189,187,193,202,,
29,Gorontalo,25,23,23,26,28,68,70,70,67,65,,
30,Sulawesi Barat,44,44,45,45,45,50,50,49,49,49,,
31,Maluku,64,64,64,64,64,133,135,135,135,144,,
32,Maluku Utara,27,27,27,27,36,100,100,101,102,98,,
33,Papua Barat,43,43,44,45,44,106,108,107,110,115,,
34,Papua,104,104,105,105,110,290,290,288,289,298,,
Indonesia,,3.378,3.396,3.411,3.454,3.623,6.353,6.358,6.356,6.371,6.370,,
No,Provinsi,Jumlah Puskesmas,Jumlah Puskesmas yang Menyelenggarakan Kesehatan Kerja Dasar,Persentase Puskesmas yang Menyelenggarakan Kesehatan Kerja Dasar,Jumlah Puskesmas yang Melaksanakan Kegiatan Kesehatan Olahraga pada Kelompok Masyarakat di Wilayah Kerjanya,Persentase Puskesmas yang Melaksanakan Kegiatan Kesehatan Olahraga pada Kelompok Masyarakat di Wilayah Kerjanya,Jumlah Puskesmas yang Melaksanakan Kesehatan Olahraga bagi Anak Sekolah Dasar,Persentase Puskesmas yang Melaksanakan Kesehatan Olahraga bagi Anak Sekolah Dasar,Terbentuknya Pos UKK di wilayah kerja Puskesmas,,,,
,,,,,,,,,Sasaran,Capaian,,,
(1),(2),(3),(4),(5),(6),(7),(8),(9),(10),(11),,,
1,Aceh,348,211,"60,63",131,"37,64",132,"37,93",26,35,,,
2,Sumatera Utara,581,276,"47,50",373,"64,20",450,"77,45",77,77,,,
3,Sumatera Barat,275,129,"46,91",204,"74,18",136,"49,45",53,54,,,
4,Riau,216,123,"56,94",98,"45,37",37,"17,13",15,15,,,
5,Jambi,195,156,"80,00",162,"83,08",162,"83,08",53,53,,,
6,Sumatera Selatan,332,276,"83,13",,"0,00",304,"91,57",45,45,,,
7,Bengkulu,180,156,"86,67",179,"99,44",136,"75,56",6,6,,,
8,Lampung,302,229,"75,83",174,"57,62",105,"34,77",45,45,,,
9,Kepulauan Bangka Belitung,64,63,"98,44",63,"98,44",61,"95,31",56,56,,,
10,Kepulauan Riau,83,74,"89,16",74,"89,16",64,"77,11",56,77,,,
11,DKI Jakarta,321,299,"93,15",321,"100,00",265,"82,55",58,58,,,
12,Jawa Barat,1069,712,"66,60",775,"72,50",917,"85,78",261,261,,,
13,Jawa Tengah,881,684,"77,64",639,"72,53",876,"99,43",58,58,,,
14,DI Yogyakarta,121,93,"76,86",80,"66,12",121,"100,00",51,51,,,
15,Jawa Timur,967,925,"95,66",891,"92,14",767,"79,32",317,450,,,
16,Banten,242,187,"77,27",184,"76,03",166,"68,60",41,41,,,
17,Bali,120,107,"89,17",66,"55,00",120,"100,00",20,20,,,
18,Nusa Tenggara Barat,166,149,"89,76",101,"60,84",89,"53,61",27,27,,,
19,Nusa Tenggara Timur,381,192,"50,39",74,"19,42",28,"7,35",19,19,,,
20,Kalimantan Barat,244,120,"49,18",148,"60,66",133,"54,51",27,27,,,
21,Kalimantan Tengah,200,191,"95,50",95,"47,50",171,"85,50",55,55,,,
22,Kalimantan Selatan,233,150,"64,38",175,"75,11",69,"29,61",32,32,,,
23,Kalimantan Timur,183,74,"40,44",85,"46,45",52,"28,42",10,10,,,
24,Kalimantan Utara,56,27,"48,21",27,"48,21",40,"71,43",14,14,,,
25,Sulawesi Utara,193,188,"97,41",189,"97,93",189,"97,93",21,21,,,
26,Sulawesi Tengah,202,111,"54,95",189,"93,56",26,"12,87",75,75,,,
27,Sulawesi Selatan,458,404,"88,21",310,"67,69",68,"14,85",107,107,,,
28,Sulawesi Tenggara,284,209,"73,59",218,"76,76",210,"73,94",121,121,,,
29,Gorontalo,93,93,"100,00",93,"100,00",93,"100,00",9,9,,,
30,Sulawesi Barat,94,81,"86,17",94,"100,00",65,"69,15",6,6,,,
31,Maluku,208,90,"43,27",79,"37,98",118,"56,73",11,11,,,
32,Maluku Utara,134,78,"58,21",78,"58,21",41,"30,60",21,21,,,
33,Papua Barat,159,23,"14,47",26,"16,35",9,"5,66",1,1,,,
34,Papua,408,83,"20,34",49,"12,01",0,"0,00",26,26,,,
Indonesia,,9.993,6.963,"69,68",6.444,"64,49",6.220,"62,24",1.820,1.984,,,
No,Provinsi,Jumlah Puskesmas,Jumlah Puskesmas yang Menyelenggarakan Pelayanan Kesehatan Tradisional,Persentase Puskesmasyang Menyelenggarakan Pelayanan Kesehatan Tradisional,Jumlah Puskesmas dengan Tenaga Kesehatan yang Sudah Dilatih,,,,Puskesmas yang melakukan Pembinaan Penyehat Tradisional (HATTRA),,,,
,,,,,Dilatih Ramuan,Dilatih Akupunktur,Dilatih Akupressur,"Asuhan Mandiri (ASMAN), Pemanfaatan TOGA, dan Akrupresur",,,,,
(1),(2),(3),(4),(5),(8),(6),(7),(8),(9),,,,
1,Aceh,348,165,"47,41",21,2,81,53,73,,,,
2,Sumatera Utara,581,295,"50,77",44,0,73,32,241,,,,
3,Sumatera Barat,275,124,"45,09",10,0,60,11,74,,,,
4,Riau,216,107,"49,54",29,3,72,22,18,,,,
5,Jambi,195,126,"64,62",6,2,33,42,98,,,,
6,Sumatera Selatan,332,135,"40,66",9,0,72,21,81,,,,
7,Bengkulu,180,61,"33,89",31,0,8,20,48,,,,
8,Lampung,302,258,"85,43",14,3,79,37,247,,,,
9,Kepulauan Bangka Belitung,64,62,"96,88",1,0,28,27,62,,,,
10,Kepulauan Riau,83,73,"87,95",40,3,44,38,52,,,,
11,DKI Jakarta,321,134,"41,74",18,4,43,12,130,,,,
12,Jawa Barat,1.069,259,"24,23",12,2,49,7,214,,,,
13,Jawa Tengah,881,200,"22,70",38,3,142,39,40,,,,
14,DI Yogyakarta,121,94,"77,69",22,3,51,28,54,,,,
15,Jawa Timur,967,257,"26,58",14,5,93,30,148,,,,
16,Banten,242,146,"60,33",30,6,96,36,17,,,,
17,Bali,120,121,"100,83",48,2,114,56,39,,,,
18,Nusa Tenggara Barat,166,161,"96,99",26,0,77,53,141,,,,
19,Nusa Tenggara Timur,381,45,"11,81",5,0,14,1,29,,,,
20,Kalimantan Barat,244,80,"32,79",23,0,50,22,4,,,,
21,Kalimantan Tengah,200,80,"40,00",21,0,24,19,35,,,,
22,Kalimantan Selatan,233,207,"88,84",6,2,13,28,198,,,,
23,Kalimantan Timur,183,159,"86,89",9,1,41,23,144,,,,
24,Kalimantan Utara,56,36,"64,29",0,0,30,3,14,,,,
25,Sulawesi Utara,193,116,"60,10",22,0,76,40,21,,,,
26,Sulawesi Tengah,202,106,"52,48",10,0,96,12,74,,,,
27,Sulawesi Selatan,458,188,"41,05",10,2,122,21,75,,,,
28,Sulawesi Tenggara,284,80,"28,17",26,0,70,42,16,,,,
29,Gorontalo,93,59,"63,44",17,0,17,22,22,,,,
30,Sulawesi Barat,94,33,"35,11",10,1,29,1,0,,,,
31,Maluku,208,132,"63,46",23,1,76,37,112,,,,
32,Maluku Utara,134,95,"70,90",9,0,42,7,90,,,,
33,Papua Barat,159,34,"21,38",4,0,24,2,17,,,,
34,Papua,408,24,"5,88",13,0,15,1,0,,,,
Indonesia,,9.993,4.252,"42,55",621,45,1.954,845,2.628,,,,
No,Provinsi,Jumlah Puskesmas,Jumlah Puskesmas Terakreditasi,Jumlah Kabupaten/Kota yang Memiliki Puskesmas Terakreditasi,Jumlah Kecamatan dengan Minimal 1 Puskesmas Terakreditasi,Persentase Puskesmas Terakreditasi (%),Status Akreditasi Puskesmas,,,,,,
,,,,,,,Dasar,Madya,Utama,Purna,,,
(1),(2),(3),(4),(5),(6),(7),(8),(9),(10),(11),,,
1,Aceh,348,254,23,222,"72,99",88,152,14,0,,,
2,Sumatera Utara,581,401,32,313,"69,02",190,197,15,0,,,
3,Sumatera Barat,275,247,19,157,"89,82",82,146,19,0,,,
4,Riau,216,174,12,144,"80,56",66,93,15,0,,,
5,Jambi,195,166,11,116,"85,13",70,86,10,0,,,
6,Sumatera Selatan,332,261,17,185,"78,61",89,148,21,3,,,
7,Bengkulu,180,137,10,98,"76,11",76,60,1,0,,,
8,Lampung,302,279,15,211,"92,38",38,202,38,1,,,
9,Kepulauan Bangka Belitung,64,59,9,44,"92,19",11,40,8,0,,,
10,Kepulauan Riau,83,69,7,56,"83,13",24,31,14,0,,,
11,DKI Jakarta,321,147,6,44,"45,79",11,92,30,14,,,
12,Jawa Barat,1.069,770,27,544,"72,03",202,479,83,6,,,
13,Jawa Tengah,881,867,35,568,"98,41",187,554,119,7,,,
14,DI Yogyakarta,121,116,5,77,"95,87",9,52,49,6,,,
15,Jawa Timur,967,924,38,654,"95,55",127,578,209,10,,,
16,Banten,242,201,8,134,"83,06",59,129,13,0,,,
17,Bali,120,119,7,57,"99,17",22,76,20,1,,,
18,Nusa Tenggara Barat,166,134,10,103,"80,72",46,71,16,1,,,
19,Nusa Tenggara Timur,381,270,22,230,"70,87",157,106,7,0,,,
20,Kalimantan Barat,244,188,14,140,"77,05",75,105,8,0,,,
21,Kalimantan Tengah,200,137,14,95,"68,50",72,55,9,1,,,
22,Kalimantan Selatan,233,198,13,134,"84,98",92,93,11,1,,,
23,Kalimantan Timur,183,135,10,79,"73,77",53,70,12,0,,,
24,Kalimantan Utara,56,38,5,30,"67,86",20,14,4,0,,,
25,Sulawesi Utara,193,111,15,87,"57,51",66,44,1,0,,,
26,Sulawesi Tengah,202,149,13,124,"73,76",70,73,6,0,,,
27,Sulawesi Selatan,458,400,24,280,"87,34",132,223,41,4,,,
28,Sulawesi Tenggara,284,157,17,131,"55,28",73,82,1,1,,,
29,Gorontalo,93,78,6,63,"83,87",25,43,9,1,,,
30,Sulawesi Barat,94,49,6,41,"52,13",14,31,4,0,,,
31,Maluku,208,88,11,50,"42,31",54,32,2,0,,,
32,Maluku Utara,134,74,10,68,"55,22",39,34,1,0,,,
33,Papua Barat,159,50,12,43,"31,45",26,23,1,0,,,
34,Papua,408,71,16,62,"17,40",40,29,2,0,,,
Indonesia,,9.993,7.518,499,5.384,"75,23",2.405,4.243,813,57,,,
No,Provinsi,Jumlah Puskesmas Yang Memiliki 80% Obat dan Vaksin Esensial,Jumlah Puskesmas yang melapor,Persentase Puskesmas dengan Ketersediaan Obat dan Vaksin Esensial,,,,,,,,,
(1),(2),(3),(4),(5),,,,,,,,,
1,Aceh,325,349,"93,12%",,,,,,,,,
2,Sumatera Utara,552,571,"96,67%",,,,,,,,,
3,Sumatera Barat,263,263,"100,00%",,,,,,,,,
4,Riau,208,214,"97,20%",,,,,,,,,
5,Jambi,179,182,"98,35%",,,,,,,,,
6,Sumatera Selatan,58,80,"72,50%",,,,,,,,,
7,Bengkulu,164,179,"91,62%",,,,,,,,,
8,Lampung,268,295,"90,85%",,,,,,,,,
9,Bangka Belitung,64,64,"100,00%",,,,,,,,,
10,Kepulauan Riau,83,87,"95,40%",,,,,,,,,
11,DKI Jakarta,332,333,"99,70%",,,,,,,,,
12,Jawa Barat,962,994,"96,78%",,,,,,,,,
13,Jawa Tengah,782,873,"89,58%",,,,,,,,,
14,DI Yogyakarta,121,121,"100,00%",,,,,,,,,
15,Jawa Timur,779,797,"97,74%",,,,,,,,,
16,Banten,180,207,"86,96%",,,,,,,,,
17,Bali,117,120,"97,50%",,,,,,,,,
18,Nusa Tenggara Barat,156,158,"98,73%",,,,,,,,,
19,Nusa Tenggara Timur,254,378,"67,20%",,,,,,,,,
20,Kalimantan Barat,202,237,"85,23%",,,,,,,,,
21,Kalimantan Tengah,129,151,"85,43%",,,,,,,,,
22,Kalimantan Selatan,224,234,"95,73%",,,,,,,,,
23,Kalimantan Timur,182,184,"98,91%",,,,,,,,,
24,Kalimantan Utara,46,48,"95,83%",,,,,,,,,
25,Sulawesi Utara,166,188,"88,30%",,,,,,,,,
26,Sulawesi Tengah,160,175,"91,43%",,,,,,,,,
27,Sulawesi Selatan,447,448,"99,78%",,,,,,,,,
28,Sulawesi Tenggara,252,276,"91,30%",,,,,,,,,
29,Gorontalo,72,78,"92,31%",,,,,,,,,
30,Sulawesi Barat,94,94,"100,00%",,,,,,,,,
31,Maluku,196,199,"98,49%",,,,,,,,,
32,Maluku Utara,105,128,"82,03%",,,,,,,,,
33,Papua Barat,109,131,"83,21%",,,,,,,,,
34,Papua,334,391,"85,42%",,,,,,,,,
Jumlah,,8.565,9.227,"92,83%",,,,,,,,,
No,Provinsi,Jumlah Tenaga Kesehatan,,,,,,,,,,Tenaga Penunjang Kesehatan,Total SDM Kesehatan
,,Dokter,Dokter Gigi,Perawat,Bidan,Tenaga Kefarmasian,Tenaga Kesehatan Masyarakat,Tenaga Kesehatan Lingkungan,Tenaga Gizi,Ahli Teknologi Laboratorium Medik,Jumlah,,
(1),(2),(3),(4),(5),(6),(7),(8),(9),(10),(11),(12),(13),(14)
1,Aceh,768,184,5.819,10.314,574,1.227,644,421,406,20.357,1.841,22.198
2,Sumatera Utara,1.379,517,7.622,14.904,629,1.072,426,540,373,27.462,1.774,29.236
3,Sumatera Barat,460,303,2.653,5.308,462,350,285,353,346,10.520,1.112,11.632
4,Riau,710,266,3.845,5.534,416,466,197,242,267,11.943,1.115,13.058
5,Jambi,440,161,3.556,5.077,374,415,330,246,297,10.896,505,11.401
6,Sumatera Selatan,530,134,6.451,9.859,552,994,498,361,367,19.746,1.589,21.335
7,Bengkulu,260,70,2.202,3.442,182,611,159,192,174,7.292,616,7.908
8,Lampung,940,194,6.852,11.258,444,623,541,335,414,21.601,2.300,23.901
9,Kepulauan Bangka Belitung,167,55,1.133,841,111,110,73,94,83,2.667,694,3.361
10,Kepulauan Riau,320,91,1.502,1.455,128,120,121,95,84,3.916,764,4.680
11,DKI Jakarta,1.617,488,1.977,1.929,755,64,312,316,264,7.722,3.664,11.386
12,Jawa Barat,2.074,696,10.877,15.800,1.407,1.201,854,803,775,34.487,5.981,40.468
13,Jawa Tengah,1.745,668,9.125,15.588,1.244,1.015,857,898,981,32.121,8.300,40.421
14,DI Yogyakarta,369,153,900,964,222,149,142,176,204,3.279,1.528,4.807
15,Jawa Timur,2.021,1.048,15.178,16.405,1.197,1.064,835,1.044,1.108,39.900,9.817,49.717
16,Banten,501,256,2.234,3.570,216,239,171,164,120,7.471,1.330,8.801
17,Bali,423,269,1.676,2.457,176,146,232,157,123,5.659,2.170,7.829
18,Nusa Tenggara Barat,372,121,3.975,3.458,282,329,414,470,316,9.737,1.318,11.055
19,Nusa Tenggara Timur,384,108,5.924,5.564,532,607,648,663,499,14.929,1.422,16.351
20,Kalimantan Barat,410,98,4.874,4.080,388,364,390,445,321,11.370,1.085,12.455
21,Kalimantan Tengah,281,65,3.945,3.299,278,282,191,337,247,8.925,612,9.537
22,Kalimantan Selatan,412,147,2.877,3.744,442,357,345,571,333,9.228,1.038,10.266
23,Kalimantan Timur,547,213,2.913,2.722,457,381,246,261,279,8.019,1.667,9.686
24,Kalimantan Utara,121,38,1.122,828,137,122,73,71,70,2.582,403,2.985
25,Sulawesi Utara,438,43,2.450,1.321,198,263,364,269,48,5.394,294,5.688
26,Sulawesi Tengah,259,110,4.065,4.670,476,893,380,263,147,11.263,1.132,12.395
27,Sulawesi Selatan,754,455,7.253,8.386,786,1.289,707,756,533,20.919,1.238,22.157
28,Sulawesi Tenggara,288,132,3.626,4.218,358,948,408,567,218,10.763,431,11.194
29,Gorontalo,154,48,1.302,1.447,156,472,192,353,59,4.183,595,4.778
30,Sulawesi Barat,146,63,1.620,1.862,160,214,155,199,111,4.530,188,4.718
31,Maluku,135,30,2.519,1.287,116,208,259,302,63,4.919,355,5.274
32,Maluku Utara,167,33,1.519,1.820,170,400,128,264,101,4.602,286,4.888
33,Papua Barat,119,18,2.053,914,121,165,106,144,105,3.745,123,3.868
34,Papua,339,45,3.905,2.008,241,356,249,278,318,7.739,874,0
Indonesia,,20.050,7.320,139.544,176.333,14.387,17.516,11.932,12.650,10.154,409.886,58.161,459.434
No,Provinsi,Persentase Puskesmas dengan Kecukupan,,,Persentase Puskesmas dengan,,,Persentase Puskesmas dengan Kecukupan,,,Persentase Puskesmas dengan,,
,,Cukup,Kurang,Lebih,Cukup,Kurang,Lebih,Cukup,Kurang,Lebih,Cukup,Kurang,Lebih
(1),(2),(3),(4),(5),(6),(7),(8),(9),(10),(11),(12),(13),(14)
1,Aceh,"29,86%","15,94%","54,20%","33,91%","57,39%","8,70%","3,77%","14,78%","81,45%","2,61%","4,35%","93,04%"
2,Sumatera Utara,"25,96%","24,56%","49,47%","30,88%","48,07%","21,05%","5,09%","26,32%","68,60%","2,46%","15,09%","82,46%"
3,Sumatera Barat,"39,86%","21,74%","38,41%","61,59%","18,48%","19,93%","10,87%","24,28%","64,86%","1,45%","1,09%","97,46%"
4,Riau,"18,10%","11,21%","70,69%","52,59%","21,55%","25,86%","1,72%","4,74%","93,53%","1,72%","4,31%","93,97%"
5,Jambi,"31,88%","20,29%","47,83%","37,20%","46,38%","16,43%","4,35%","11,59%","84,06%","1,93%","2,42%","95,65%"
6,Sumatera Selatan,"40,47%","26,98%","32,55%","32,26%","64,22%","3,52%","2,93%","7,33%","89,74%","1,47%","2,93%","95,60%"
7,Bengkulu,"45,56%","24,44%","30,00%","23,33%","70,00%","6,67%","3,33%","15,56%","81,11%","1,11%","2,22%","96,67%"
8,Lampung,"22,37%","15,93%","61,69%","11,86%","67,12%","21,02%","1,36%","11,19%","87,46%","0,00%","8,47%","91,53%"
9,Kepulauan Bangka Belitung,"33,82%","5,88%","60,29%","71,25%","20,00%","8,75%","1,54%","1,54%","96,92%","1,54%","1,54%","96,92%"
10,Kepulauan Riau,"20,00%","12,94%","67,06%","31,76%","32,94%","35,29%","0,00%","11,76%","88,24%","1,18%","1,18%","97,65%"
11,DKI Jakarta,"21,87%","1,17%","76,97%","76,38%","6,41%","17,20%","5,54%","76,97%","17,49%","11,08%","65,31%","23,62%"
12,Jawa Barat,"35,98%","13,64%","50,37%","46,45%","45,05%","8,50%","9,16%","22,90%","67,94%","3,55%","7,01%","89,44%"
13,Jawa Tengah,"37,76%","12,70%","49,55%","62,47%","31,63%","5,90%","11,56%","16,78%","71,66%","1,81%","4,99%","93,20%"
14,DI Yogyakarta,"19,83%","1,65%","78,51%","68,60%","4,96%","26,45%","19,83%","21,49%","58,68%","4,96%","14,88%","80,17%"
15,Jawa Timur,"42,69%","17,51%","39,79%","64,56%","15,96%","19,48%","6,42%","6,01%","87,56%","1,55%","1,14%","97,31%"
16,Banten,"37,97%","13,08%","48,95%","40,08%","28,69%","31,22%","10,97%","21,94%","67,09%","4,64%","6,33%","89,03%"
17,Bali,"9,17%","1,67%","89,17%","26,67%","2,50%","70,83%","2,50%","2,50%","95,00%","0,00%","0,00%","100,00%"
18,Nusa Tenggara Barat,"31,52%","27,88%","40,61%","54,55%","36,36%","9,09%","0,61%","9,70%","89,70%","2,42%","4,85%","92,73%"
19,Nusa Tenggara Timur,"36,70%","48,14%","15,16%","25,00%","73,14%","1,86%","3,46%","15,43%","81,12%","3,72%","10,37%","85,90%"
20,Kalimantan Barat,"45,27%","24,28%","30,45%","27,98%","66,67%","5,35%","2,47%","11,52%","86,01%","5,35%","5,35%","89,30%"
21,Kalimantan Tengah,"32,50%","37,50%","30,00%","27,00%","70,50%","2,50%","1,00%","1,50%","97,50%","1,00%","3,00%","96,00%"
22,Kalimantan Selatan,"43,59%","11,97%","44,44%","54,70%","41,45%","3,85%","3,85%","4,70%","91,45%","3,85%","1,28%","94,87%"
23,Kalimantan Timur,"22,75%","13,23%","64,02%","45,50%","23,81%","30,69%","2,12%","12,17%","85,71%","4,23%","11,64%","84,13%"
24,Kalimantan Utara,"33,93%","25,00%","41,07%","42,86%","44,64%","12,50%","0,00%","8,93%","91,07%","1,79%","12,50%","85,71%"
25,Sulawesi Utara,"20,10%","30,93%","48,97%","17,01%","80,93%","2,06%","5,67%","19,59%","74,74%","7,73%","40,72%","51,55%"
26,Sulawesi Tengah,"38,00%","41,00%","21,00%","31,50%","58,50%","10,00%","2,00%","10,50%","87,50%","1,50%","5,00%","93,50%"
27,Sulawesi Selatan,"35,38%","36,48%","28,13%","49,45%","28,57%","21,98%","7,91%","15,82%","76,26%","6,37%","14,73%","78,90%"
28,Sulawesi Tenggara,"35,69%","47,35%","16,96%","32,51%","60,78%","6,71%","7,77%","26,50%","65,72%","6,36%","12,37%","81,27%"
29,Gorontalo,"44,09%","21,51%","34,41%","35,48%","59,14%","5,38%","3,23%","9,68%","87,10%","1,08%","1,08%","97,85%"
30,Sulawesi Barat,"25,26%","42,11%","32,63%","32,63%","54,74%","12,63%","4,21%","8,42%","87,37%","3,16%","3,16%","93,68%"
31,Maluku,"25,60%","64,25%","10,14%","10,63%","87,44%","1,93%","8,70%","19,32%","71,98%","12,08%","45,41%","42,51%"
32,Maluku Utara,"26,87%","45,52%","27,61%","8,96%","87,31%","3,73%","12,69%","17,91%","69,40%","2,24%","15,67%","82,09%"
33,Papua Barat,"32,28%","56,33%","11,39%","8,86%","89,87%","1,27%","8,23%","25,32%","66,46%","7,59%","51,27%","41,14%"
34,Papua,"24,63%","60,45%","14,93%","8,46%","90,30%","1,24%","5,72%","37,31%","56,97%","7,46%","57,21%","35,32%"
Indonesia,,"31,39%","25,74%","42,87%","37,79%","48,10%","14,10%","5,31%","16,23%","78,45%","3,56%","12,91%","83,53%"
No,Provinsi,Jumlah Puskesmas*,Jumlah Puskesmas Memiliki 5 Jenis Tenaga Kesehatan Promotif Preventif,,,,,,,,,,
(1),(2),(3),(4),,,,,,,,,,
1,Aceh,345,179,,,,,,,,,,
2,Sumatera Utara,570,142,,,,,,,,,,
3,Sumatera Barat,276,133,,,,,,,,,,
4,Riau,232,99,,,,,,,,,,
5,Jambi,207,124,,,,,,,,,,
6,Sumatera Selatan,341,162,,,,,,,,,,
7,Bengkulu,180,72,,,,,,,,,,
8,Lampung,295,84,,,,,,,,,,
9,Kepulauan Bangka Belitung,64,45,,,,,,,,,,
10,Kepulauan Riau,85,36,,,,,,,,,,
11,DKI Jakarta,343,32,,,,,,,,,,
12,Jawa Barat,1.070,237,,,,,,,,,,
13,Jawa Tengah,882,406,,,,,,,,,,
14,DI Yogyakarta,121,92,,,,,,,,,,
15,Jawa Timur,965,469,,,,,,,,,,
16,Banten,237,51,,,,,,,,,,
17,Bali,120,56,,,,,,,,,,
18,Nusa Tenggara Barat,165,113,,,,,,,,,,
19,Nusa Tenggara Timur,376,205,,,,,,,,,,
20,Kalimantan Barat,243,143,,,,,,,,,,
21,Kalimantan Tengah,200,89,,,,,,,,,,
22,Kalimantan Selatan,234,156,,,,,,,,,,
23,Kalimantan Timur,189,123,,,,,,,,,,
24,Kalimantan Utara,56,34,,,,,,,,,,
25,Sulawesi Utara,194,25,,,,,,,,,,
26,Sulawesi Tengah,200,83,,,,,,,,,,
27,Sulawesi Selatan,455,236,,,,,,,,,,
28,Sulawesi Tenggara,283,107,,,,,,,,,,
29,Gorontalo,93,42,,,,,,,,,,
30,Sulawesi Barat,95,61,,,,,,,,,,
31,Maluku,207,32,,,,,,,,,,
32,Maluku Utara,134,57,,,,,,,,,,
33,Papua Barat,158,36,,,,,,,,,,
34,Papua,402,68,,,,,,,,,,
Indonesia,,10.017,4.029,,,,,,,,,,
No,Provinsi,Batch VI,,Batch VII,,Batch VIII,,Batch IX,,Batch X,,Batch XI,
,,a to K h a lm/ n e ta up Ju b a K,sa m s e k s u P h a lm u J,a to K h a lm/ n e ta up Ju b a K,sa m s e k s u P h a lm u J,a to K h a lm/ n e ta up Ju b a K,sa m s e k s u P h a lm u J,a to K h a lm/ n e ta up Ju b a K,sa m s e k s u P h a lm u J,a to K h a lm/ n e ta up Ju b a K,sa m s e k s u P h a lm u J,a to K h a lm/ n e ta up Ju b a K,sa m s e k s u P h a lm u J
(1),(2),(3),(4),(5),(6),(7),(8),(9),(10),(11),(12),(13),(14)
1,Aceh,-,-,1,3,-,-,-,-,2,2,2,3
2,Sumatera Utara,4,9,-,-,1,1,1,1,4,9,-,-
3,Sumatera Barat,2,5,-,-,-,-,-,-,1,1,1,1
4,Riau,1,1,2,4,3,3,1,1,-,-,-,-
5,Jambi,-,-,1,1,-,-,1,1,1,1,-,-
6,Sumatera Selatan,3,3,-,-,-,-,-,-,-,-,-,-
7,Bengkulu,1,2,1,2,-,-,2,2,-,-,-,-
8,Lampung,-,-,2,3,-,-,-,-,2,4,2,3
9,Kepulauan Bangka Belitung,-,-,-,-,-,-,-,-,1,1,-,-
10,Kepulauan Riau,1,2,-,-,3,5,1,1,-,-,-,-
11,Jawa Barat,-,-,-,-,-,-,-,-,-,-,1,1
12,Nusa Tenggara Barat,-,-,-,-,-,-,1,4,-,-,-,-
13,Nusa Tenggara Timur,5,7,4,8,3,9,7,13,5,12,-,-
14,Kalimantan Barat,4,4,1,1,5,8,1,1,2,2,-,-
15,Kalimantan Tengah,-,-,2,3,-,-,-,-,2,5,1,2
16,Kalimantan Selatan,-,-,1,1,-,-,-,-,-,-,-,-
17,Kalimantan Timur,1,1,1,1,2,2,-,-,-,-,-,-
18,Kalimantan Utara,2,2,-,-,2,7,-,-,-,-,-,-
19,Sulawesi Utara,2,2,1,1,4,7,-,-,-,-,1,1
20,Sulawesi Tengah,-,-,3,6,1,1,2,5,2,2,3,9
21,Sulawesi Selatan,1,2,2,5,-,-,3,6,-,-,4,7
22,Sulawesi Tenggara,2,4,1,6,-,-,-,-,-,-,6,9
23,Gorontalo,-,-,1,2,-,-,1,1,-,-,-,-
24,Sulawesi Barat,2,3,-,-,-,-,1,1,2,4,-,-
25,Maluku,2,4,2,3,3,11,1,1,2,7,-,-
26,Maluku Utara,1,1,2,3,1,3,2,6,-,-,1,1
27,Papua Barat,2,2,3,4,1,1,3,4,2,2,1,1
28,Papua,4,6,2,3,4,10,3,12,3,4,1,2
Indonesia,,40,60,33,60,33,68,31,60,31,56,24,40
No,Provinsi,Periode I,,Periode II,,Periode III,,Periode IV,,Periode V,,Periode VI,
,,Jumlah Kabupaten/ Kota,Jumlah Puskesmas,Jumlah Kabupaten/ Kota,Jumlah Puskesmas,Jumlah Kabupaten/ Kota,Jumlah Puskesmas,Jumlah Kabupaten/ Kota,Jumlah Puskesmas,Jumlah Kabupaten/ Kota,Jumlah Puskesmas,Jumlah Kabupaten/ Kota,Jumlah Puskesmas
(1),(2),(3),(4),(5),(6),(7),(8),(9),(10),(11),(12),(13),(14)
1,Aceh,12,48,10,46,1,1,9,24,-,-,-,-
2,Sumatera Utara,-,-,-,-,6,12,5,10,-,-,-,-
3,Sumatera Barat,-,-,-,-,-,-,5,17,2,4,-,-
4,Riau,-,-,-,-,4,10,2,5,-,-,-,-
5,Jambi,8,35,8,33,-,-,5,7,-,-,-,-
6,Sumatera Selatan,-,-,-,-,3,3,3,6,-,-,-,-
7,Bengkulu,-,-,-,-,4,11,4,13,-,-,-,-
8,Lampung,-,-,-,-,5,11,6,16,-,-,-,-
9,Kepulauan Bangka Belitung,-,-,-,-,2,2,2,2,-,-,-,-
10,Kepulauan Riau,4,8,2,6,-,-,1,1,-,-,-,-
11,Jawa Barat,-,-,-,-,-,-,-,-,-,-,-,-
12,Jawa Timur,-,-,-,-,3,9,3,8,-,-,-,-
13,Nusa Tenggara Barat,-,-,-,-,5,9,4,7,-,-,-,-
14,Nusa Tenggara Timur,8,32,7,19,-,-,-,-,-,-,-,-
15,Kalimantan Barat,-,-,-,-,4,16,7,29,3,12,-,-
16,Kalimantan Tengah,-,-,-,-,9,17,6,22,-,-,-,-
17,Kalimantan Selatan,-,-,-,-,6,16,5,14,-,-,-,-
18,Kalimantan Timur,3,18,2,10,1,2,2,8,2,5,-,-
19,Kalimantan Utara,-,-,-,-,2,3,2,5,-,-,-,-
20,Sulawesi Utara,6,25,4,10,-,-,1,1,-,-,-,-
21,Sulawesi Tengah,-,-,-,-,1,4,1,1,-,-,-,-
22,Sulawesi Selatan,14,35,11,27,-,-,2,2,-,-,-,-
23,Sulawesi Tenggara,5,27,4,16,2,6,2,2,-,-,-,-
24,Gorontalo,-,-,-,-,4,10,4,11,-,-,-,-
25,Sulawesi Barat,6,25,6,31,-,-,3,3,-,-,-,-
26,Maluku,-,-,-,-,6,13,4,7,1,1,-,-
27,Maluku Utara,7,13,8,22,-,-,2,2,1,2,-,-
28,Papua Barat,-,-,-,-,2,2,1,1,-,-,-,-
29,Papua,-,-,-,-,-,-,3,4,-,-,5,20
Indonesia,,73,266,62,220,70,157,94,228,9,24,5,20
No,Provinsi,Periode VII,,Periode VIII,,Periode IX,,Periode X,,Periode XI,,Periode XII,
,,a to K h a lm/ n e ta up Ju b a K,sa m s e k s u P h a lm u J,a to K h a lm/ n e ta up Ju b a K,sa m s e k s u P h a lm u J,a to K h a lm/ n e ta up Ju b a K,sa m s e k s u P h a lm u J,a to K h a lm/ n e ta up Ju b a K,sa m s e k s u P h a lm u J,a to K h a lm/ n e ta up Ju b a K,sa m s e k s u P h a lm u J,a to K h a lm/ n e ta up Ju b a K,sa m s e k s u P h a lm u J
(1),(2),(3),(4),(5),(6),(7),(8),(9),(10),(11),(12),(13),(14)
1,Aceh,-,-,3,8,2,4,1,3,-,-,3,11
2,Sumatera Utara,1,1,2,17,5,18,2,7,-,-,-,-
3,Sumatera Barat,-,-,-,-,1,1,6,17,-,-,6,19
4,Riau,-,-,-,-,-,-,-,-,-,-,3,9
5,Jambi,1,1,4,26,4,14,5,11,-,-,3,9
6,Sumatera Selatan,-,-,-,-,-,-,1,1,-,-,1,8
7,Bengkulu,1,1,6,20,4,7,5,12,-,-,1,1
8,Lampung,-,-,-,-,1,1,5,16,-,-,5,23
9,Kepulauan Bangka Belitung,-,-,-,-,-,-,-,-,-,-,-,-
10,Kepulauan Riau,-,-,3,9,4,8,2,2,-,-,1,1
11,Jawa Barat,-,-,1,3,1,1,1,13,-,-,1,16
12,Jawa Timur,-,-,-,-,1,1,2,6,-,-,2,2
13,Nusa Tenggara Barat,1,4,2,8,-,-,-,-,2,6,1,2
14,Nusa Tenggara Timur,4,6,4,23,4,10,3,5,-,-,1,8
15,Kalimantan Barat,1,1,2,20,3,28,2,2,-,-,3,14
16,Kalimantan Tengah,-,-,6,16,5,12,4,8,-,-,5,15
17,Kalimantan Selatan,-,-,1,3,-,-,-,-,-,-,-,-
18,Kalimantan Timur,-,-,2,5,2,4,-,-,-,-,3,7
19,Kalimantan Utara,-,-,-,-,-,-,1,3,-,-,2,3
20,Sulawesi Utara,-,-,1,5,1,4,1,1,-,-,1,4
21,Sulawesi Tengah,1,1,4,14,6,32,7,18,-,-,10,33
22,Sulawesi Selatan,2,2,6,28,7,16,6,18,-,-,8,25
23,Sulawesi Tenggara,-,-,1,11,2,8,7,58,-,-,7,33
24,Gorontalo,1,1,4,14,3,6,3,11,-,-,4,10
25,Sulawesi Barat,1,1,3,10,3,7,3,14,-,-,5,19
26,Maluku,-,-,3,12,3,7,1,1,-,-,4,12
27,Maluku Utara,2,4,5,22,3,16,3,15,-,-,5,17
28,Papua Barat,3,3,4,33,4,16,3,3,-,-,2,3
29,Papua,2,5,-,-,1,1,-,-,-,-,1,2
Indonesia,,21,31,67,307,70,222,74,245,2,6,88,306
FASILITAS KESEHATAN TINGKAT PERTAMA YANG BEKERJA SAMA DENGAN BPJS KESEHATAN TAHUN 2018,,,,,,,,,,,,,
No,Provinsi,Fasilitas Kesehatan Tingkat Pertama,,,,,,Total,,,,,
,,Dokter Praktik Perorangan,Klinik Pratama,Puskesmas,RS Tipe D Pratama,Apotek,Lainnya,,,,,,
(1),(2),(3),(4),(5),(6),(7),(8),(9),,,,,
1,Aceh,83,182,346,0,0,4,615,,,,,
2,Sumatera Utara,147,541,579,1,0,13,1.281,,,,,
3,Sumatera Barat,116,147,269,1,0,35,568,,,,,
4,Riau,92,250,218,0,0,25,585,,,,,
5,Jambi,86,69,191,0,0,19,365,,,,,
6,Sumatera Selatan,260,204,331,0,0,38,833,,,,,
7,Bengkulu,93,41,179,1,0,14,328,,,,,
8,Lampung,129,181,299,0,0,9,618,,,,,
9,Kepulauan Bangka Belitung,37,34,64,0,0,5,140,,,,,
10,Kepulauan Riau,16,133,78,0,0,1,228,,,,,
11,DKI Jakarta,16,350,326,0,0,1,693,,,,,
12,Jawa Barat,572,572,1066,0,0,72,2.210,,,,,
13,Jawa Tengah,1171,671,875,1,0,309,3.027,,,,,
14,D I Yogyakarta,118,119,121,0,0,37,395,,,,,
15,Jawa Timur,776,767,965,0,0,223,2.731,,,,,
16,Banten,16,426,241,0,0,4,687,,,,,
17,Bali,331,118,120,3,0,89,661,,,,,
18,Nusa Tenggara Barat,104,49,164,0,0,12,329,,,,,
19,Nusa Tenggara Timur,100,86,386,1,0,29,602,,,,,
20,Kalimantan Barat,79,77,244,0,0,13,413,,,,,
21,Kalimantan Tengah,76,70,200,0,0,6,352,,,,,
22,Kalimantan Selatan,170,96,233,0,0,39,538,,,,,
23,Kalimantan Timur,128,154,181,2,0,44,509,,,,,
24,Kalimantan Utara,31,19,52,1,0,7,110,,,,,
25,Sulawesi Utara,157,56,189,1,0,24,427,,,,,
26,Sulawesi Tengah,49,48,197,3,0,11,308,,,,,
27,Sulawesi Selatan,227,216,455,1,0,85,984,,,,,
28,Sulawesi Tenggara,64,41,278,3,0,12,398,,,,,
29,Gorontalo,34,32,93,0,0,5,164,,,,,
30,Sulawesi Barat,35,20,94,1,0,5,155,,,,,
31,Maluku,33,24,204,0,0,7,268,,,,,
32,Maluku Utara,39,21,130,1,0,12,203,,,,,
33,Papua Barat,29,21,153,0,0,3,206,,,,,
34,Papua,61,59,412,6,0,13,551,,,,,
Total,,5.475,5.894,9.933,27,0,1.225,22.482,,,,,
No,Provinsi,Jumlah Puskesmas,Puskesmas Melaksanakan Kelas Ibu Hamil,,Puskesmas Melaksanakan P4K,,Jumlah RTK,,,,,,
,,,Jumlah,%,Jumlah,%,Jumlah,,,,,,
(1),(2),(3),(4),(5),(6),(7),(8),,,,,,
1,Aceh,348,317,"91,09",324,"93,10",2,,,,,,
2,Sumatera Utara,581,567,"97,59",546,"93,98",397,,,,,,
3,Sumatera Barat,275,271,"98,55",271,"98,55",69,,,,,,
4,Riau,216,216,"100,00",204,"94,44",56,,,,,,
5,Jambi,195,195,"100,00",195,"100,00",74,,,,,,
6,Sumatera Selatan,332,322,"96,99",322,"96,99",0,,,,,,
7,Bengkulu,180,177,"98,33",173,"96,11",72,,,,,,
8,Lampung,302,302,"100,00",301,"99,67",36,,,,,,
9,Kepulauan Bangka Belitung,64,63,"98,44",63,"98,44",7,,,,,,
10,Kepulauan Riau,83,83,"100,00",81,"97,59",14,,,,,,
11,DKI Jakarta,321,321,"100,00",321,"100,00",0,,,,,,
12,Jawa Barat,1.069,1.057,"98,88",1.043,"97,57",1,,,,,,
13,Jawa Tengah,881,873,"99,09",873,"99,09",0,,,,,,
14,DI Yogyakarta,121,121,"100,00",121,"100,00",3,,,,,,
15,Jawa Timur,967,955,"98,76",948,"98,04",39,,,,,,
16,Banten,242,242,"100,00",242,"100,00",1,,,,,,
17,Bali,120,120,"100,00",120,"100,00",12,,,,,,
18,Nusa Tenggara Barat,166,166,"100,00",166,"100,00",17,,,,,,
19,Nusa Tenggara Timur,381,381,"100,00",381,"100,00",1,,,,,,
20,Kalimantan Barat,244,229,"93,85",239,"97,95",10,,,,,,
21,Kalimantan Tengah,200,179,"89,50",187,"93,50",91,,,,,,
22,Kalimantan Selatan,233,230,"98,71",230,"98,71",26,,,,,,
23,Kalimantan Timur,183,161,"87,98",179,"97,81",14,,,,,,
24,Kalimantan Utara,56,55,"98,21",50,"89,29",37,,,,,,
25,Sulawesi Utara,193,177,"91,71",184,"95,34",89,,,,,,
26,Sulawesi Tengah,202,186,"92,08",193,"95,54",0,,,,,,
27,Sulawesi Selatan,458,455,"99,34",426,"93,01",236,,,,,,
28,Sulawesi Tenggara,284,247,"86,97",273,"96,13",78,,,,,,
29,Gorontalo,93,93,"100,00",44,"47,31",45,,,,,,
30,Sulawesi Barat,94,85,"90,43",94,"100,00",0,,,,,,
31,Maluku,208,149,"71,63",154,"74,04",12,,,,,,
32,Maluku Utara,134,132,"98,51",133,"99,25",0,,,,,,
33,Papua Barat,159,118,"74,21",97,"61,01",23,,,,,,
34,Papua,408,181,"44,36",231,"56,62",12,,,,,,
Indonesia,,9.993,9.426,"94,33",9.409,"94,16",1.474,,,,,,
No,Provinsi,Jumlah Puskesmas *,Puskesmas Melaksanakan Penjaringan Peserta Didik Kelas 1,,,,,,,,,,
,,,Jumlah,%,,,,,,,,,
(1),(2),(3),(3),(4),,,,,,,,,
1,Aceh,348,310,"89,08",,,,,,,,,
2,Sumatera Utara,581,427,"73,49",,,,,,,,,
3,Sumatera Barat,275,254,"92,36",,,,,,,,,
4,Riau,216,190,"87,96",,,,,,,,,
5,Jambi,195,190,"97,44",,,,,,,,,
6,Sumatera Selatan,332,262,"78,92",,,,,,,,,
7,Bengkulu,180,171,"95,00",,,,,,,,,
8,Lampung,302,296,"98,01",,,,,,,,,
9,Kepulauan Bangka Belitung,64,63,"98,44",,,,,,,,,
10,Kepulauan Riau,83,76,"91,57",,,,,,,,,
11,DKI Jakarta,321,321,"100,00",,,,,,,,,
12,Jawa Barat,1069,1027,"96,07",,,,,,,,,
13,Jawa Tengah,881,873,"99,09",,,,,,,,,
14,DI Yogyakarta,121,121,"100,00",,,,,,,,,
15,Jawa Timur,967,933,"96,48",,,,,,,,,
16,Banten,242,239,"98,76",,,,,,,,,
17,Bali,120,120,"100,00",,,,,,,,,
18,Nusa Tenggara Barat,166,166,"100,00",,,,,,,,,
19,Nusa Tenggara Timur,381,351,"92,13",,,,,,,,,
20,Kalimantan Barat,244,183,"75,00",,,,,,,,,
21,Kalimantan Tengah,200,186,"93,00",,,,,,,,,
22,Kalimantan Selatan,233,217,"93,13",,,,,,,,,
23,Kalimantan Timur,183,153,"83,61",,,,,,,,,
24,Kalimantan Utara,56,52,"92,86",,,,,,,,,
25,Sulawesi Utara,193,130,"67,36",,,,,,,,,
26,Sulawesi Tengah,202,149,"73,76",,,,,,,,,
27,Sulawesi Selatan,458,402,"87,77",,,,,,,,,
28,Sulawesi Tenggara,284,268,"94,37",,,,,,,,,
29,Gorontalo,93,93,"100,00",,,,,,,,,
30,Sulawesi Barat,94,70,"74,47",,,,,,,,,
31,Maluku,208,143,"68,75",,,,,,,,,
32,Maluku Utara,134,131,"97,76",,,,,,,,,
33,Papua Barat,159,68,"42,77",,,,,,,,,
34,Papua,408,164,"40,20",,,,,,,,,
Indonesia,,9.993,8.799,"88,05",,,,,,,,,
No,Provinsi,Jumlah Puskesmas *,Puskesmas Melaksanakan Penjaringan Peserta Didik Kelas 7 dan 10,,,,,,,,,,
,,,Jumlah,%,,,,,,,,,
(1),(2),(3),(3),(4),,,,,,,,,
1,Aceh,348,296,"85,06",,,,,,,,,
2,Sumatera Utara,581,426,"73,32",,,,,,,,,
3,Sumatera Barat,275,241,"87,64",,,,,,,,,
4,Riau,216,180,"83,33",,,,,,,,,
5,Jambi,195,190,"97,44",,,,,,,,,
6,Sumatera Selatan,332,250,"75,30",,,,,,,,,
7,Bengkulu,180,168,"93,33",,,,,,,,,
8,Lampung,302,295,"97,68",,,,,,,,,
9,Kepulauan Bangka Belitung,64,63,"98,44",,,,,,,,,
10,Kepulauan Riau,83,71,"85,54",,,,,,,,,
11,DKI Jakarta,321,321,"100,00",,,,,,,,,
12,Jawa Barat,1.069,971,"90,83",,,,,,,,,
13,Jawa Tengah,881,844,"95,80",,,,,,,,,
14,DI Yogyakarta,121,113,"93,39",,,,,,,,,
15,Jawa Timur,967,933,"96,48",,,,,,,,,
16,Banten,242,157,"64,88",,,,,,,,,
17,Bali,120,120,"100,00",,,,,,,,,
18,Nusa Tenggara Barat,166,166,"100,00",,,,,,,,,
19,Nusa Tenggara Timur,381,345,"90,55",,,,,,,,,
20,Kalimantan Barat,244,179,"73,36",,,,,,,,,
21,Kalimantan Tengah,200,173,"86,50",,,,,,,,,
22,Kalimantan Selatan,233,143,"61,37",,,,,,,,,
23,Kalimantan Timur,183,138,"75,41",,,,,,,,,
24,Kalimantan Utara,56,51,"91,07",,,,,,,,,
25,Sulawesi Utara,193,108,"55,96",,,,,,,,,
26,Sulawesi Tengah,202,138,"68,32",,,,,,,,,
27,Sulawesi Selatan,458,347,"75,76",,,,,,,,,
28,Sulawesi Tenggara,284,248,"87,32",,,,,,,,,
29,Gorontalo,93,72,"77,42",,,,,,,,,
30,Sulawesi Barat,94,62,"65,96",,,,,,,,,
31,Maluku,208,127,"61,06",,,,,,,,,
32,Maluku Utara,134,131,"97,76",,,,,,,,,
33,Papua Barat,159,55,"34,59",,,,,,,,,
34,Papua,408,125,"30,64",,,,,,,,,
Indonesia,,9.993,8.247,"82,53",,,,,,,,,
No,Provinsi,Jumlah Puskesmas*,Jumlah Puskesmas Menyelenggarakan PKPR,Persentase Puskesmas Menyelenggarakan PKPR,,,,,,,,,
(1),(2),(3),(3),(4),,,,,,,,,
1,Aceh,348,146,"41,95",,,,,,,,,
2,Sumatera Utara,581,281,"48,36",,,,,,,,,
3,Sumatera Barat,275,271,"98,55",,,,,,,,,
4,Riau,216,174,"80,56",,,,,,,,,
5,Jambi,195,162,"83,08",,,,,,,,,
6,Sumatera Selatan,332,199,"59,94",,,,,,,,,
7,Bengkulu,180,142,"78,89",,,,,,,,,
8,Lampung,302,280,"92,72",,,,,,,,,
9,Kepulauan Bangka Belitung,64,60,"93,75",,,,,,,,,
10,Kepulauan Riau,83,63,"75,90",,,,,,,,,
11,DKI Jakarta,321,176,"54,83",,,,,,,,,
12,Jawa Barat,1.069,847,"79,23",,,,,,,,,
13,Jawa Tengah,881,868,"98,52",,,,,,,,,
14,DI Yogyakarta,121,76,"62,81",,,,,,,,,
15,Jawa Timur,967,454,"46,95",,,,,,,,,
16,Banten,242,156,"64,46",,,,,,,,,
17,Bali,120,120,"100,00",,,,,,,,,
18,Nusa Tenggara Barat,166,118,"71,08",,,,,,,,,
19,Nusa Tenggara Timur,381,270,"70,87",,,,,,,,,
20,Kalimantan Barat,244,158,"64,75",,,,,,,,,
21,Kalimantan Tengah,200,72,"36,00",,,,,,,,,
22,Kalimantan Selatan,233,129,"55,36",,,,,,,,,
23,Kalimantan Timur,183,141,"77,05",,,,,,,,,
24,Kalimantan Utara,56,47,"83,93",,,,,,,,,
25,Sulawesi Utara,193,121,"62,69",,,,,,,,,
26,Sulawesi Tengah,202,62,"30,69",,,,,,,,,
27,Sulawesi Selatan,458,133,"29,04",,,,,,,,,
28,Sulawesi Tenggara,284,61,"21,48",,,,,,,,,
29,Gorontalo,93,47,"50,54",,,,,,,,,
30,Sulawesi Barat,94,25,"26,60",,,,,,,,,
31,Maluku,208,111,"53,37",,,,,,,,,
32,Maluku Utara,134,36,"26,87",,,,,,,,,
33,Papua Barat,159,83,"52,20",,,,,,,,,
34,Papua,408,115,"28,19",,,,,,,,,
Indonesia,,9.993,6.204,"62,08",,,,,,,,,
No,Provinsi,Jumlah Puskesmas,Puskesmas Melaksanakan Pelayanan Kesehatan Santun Lansia,,,,,,,,,,
,,,Jumlah,%,,,,,,,,,
(1),(2),(3),(4),(5),,,,,,,,,
1,Aceh,348,149,"42,8",,,,,,,,,
2,Sumatera Utara,581,136,"23,4",,,,,,,,,
3,Sumatera Barat,275,116,"42,2",,,,,,,,,
4,Riau,216,48,"22,2",,,,,,,,,
5,Jambi,195,138,"70,8",,,,,,,,,
6,Sumatera Selatan,332,220,"66,3",,,,,,,,,
7,Bengkulu,180,121,"67,2",,,,,,,,,
8,Lampung,302,258,"85,4",,,,,,,,,
9,Kepulauan Bangka Belitung,64,51,"79,7",,,,,,,,,
10,Kepulauan Riau,83,35,"42,2",,,,,,,,,
11,DKI Jakarta,321,200,"62,3",,,,,,,,,
12,Jawa Barat,1.069,586,"54,8",,,,,,,,,
13,Jawa Tengah,881,364,"41,3",,,,,,,,,
14,DI Yogyakarta,121,109,"90,1",,,,,,,,,
15,Jawa Timur,967,412,"42,6",,,,,,,,,
16,Banten,242,133,"55,0",,,,,,,,,
17,Bali,120,87,"72,5",,,,,,,,,
18,Nusa Tenggara Barat,166,91,"54,8",,,,,,,,,
19,Nusa Tenggara Timur,381,278,"73,0",,,,,,,,,
20,Kalimantan Barat,244,191,"78,3",,,,,,,,,
21,Kalimantan Tengah,200,71,"35,5",,,,,,,,,
22,Kalimantan Selatan,233,107,"45,9",,,,,,,,,
23,Kalimantan Timur,183,137,"74,9",,,,,,,,,
24,Kalimantan Utara,56,42,"75,0",,,,,,,,,
25,Sulawesi Utara,193,174,"90,2",,,,,,,,,
26,Sulawesi Tengah,202,42,"20,8",,,,,,,,,
27,Sulawesi Selatan,458,299,"65,3",,,,,,,,,
28,Sulawesi Tenggara,284,15,"5,3",,,,,,,,,
29,Gorontalo,93,62,"66,7",,,,,,,,,
30,Sulawesi Barat,94,51,"54,3",,,,,,,,,
31,Maluku,208,5,"2,4",,,,,,,,,
32,Maluku Utara,134,56,"41,8",,,,,,,,,
33,Papua Barat,159,8,"5,0",,,,,,,,,
34,Papua,408,43,"10,5",,,,,,,,,
Indonesia,,9.993,4.835,"48,4",,,,,,,,,
No,Provinsi,Jumlah Puskesmas,Jumlah Puskesmas Pandu PTM,Persentase Puskesmas Pandu PTM,,,,,,,,,
(1),(2),[3],[4],[5],,,,,,,,,
1,Aceh,341,307,"90,03",,,,,,,,,
2,Sumatera Utara,571,336,"58,84",,,,,,,,,
3,Sumatera Barat,266,240,"90,23",,,,,,,,,
4,Riau,229,148,"64,63",,,,,,,,,
5,Jambi,181,162,"89,50",,,,,,,,,
6,Sumatera Selatan,334,262,"78,44",,,,,,,,,
7,Bengkulu,181,120,"66,30",,,,,,,,,
8,Lampung,307,274,"89,25",,,,,,,,,
9,Kep. Bangka Belitung,61,61,"100,00",,,,,,,,,
10,Kepulauan Riau,81,74,"91,36",,,,,,,,,
11,DKI Jakarta,345,296,"85,80",,,,,,,,,
12,Jawa Barat,1.079,799,"74,05",,,,,,,,,
13,Jawa Tengah,874,757,"86,61",,,,,,,,,
14,DI Yogyakarta,121,120,"99,17",,,,,,,,,
15,Jawa Timur,963,953,"98,96",,,,,,,,,
16,Banten,238,216,"90,76",,,,,,,,,
17,Bali,119,110,"92,44",,,,,,,,,
18,Nusa Tenggara Barat,160,133,"83,13",,,,,,,,,
19,Nusa Tenggara Timur,385,269,"69,87",,,,,,,,,
20,Kalimantan Barat,240,208,"86,67",,,,,,,,,
21,Kalimantan Tengah,196,154,"78,57",,,,,,,,,
22,Kalimantan Selatan,232,221,"95,26",,,,,,,,,
23,Kalimantan Timur,224,90,"40,18",,,,,,,,,
24,Kalimantan Utara,57,15,"26,32",,,,,,,,,
25,Sulawesi Utara,183,81,"44,26",,,,,,,,,
26,Sulawesi Tengah,190,104,"54,74",,,,,,,,,
27,Sulawesi Selatan,448,393,"87,72",,,,,,,,,
28,Sulawesi Tenggara,260,108,"41,54",,,,,,,,,
29,Gorontalo,92,59,"64,13",,,,,,,,,
30,Sulawesi Barat,102,66,"64,71",,,,,,,,,
31,Maluku,193,68,"35,23",,,,,,,,,
32,Maluku Utara,135,72,"53,33",,,,,,,,,
33,Papua Barat,145,45,"31,03",,,,,,,,,
34,Papua,383,42,"10,97",,,,,,,,,
Indonesia,,9.916,7.363,"74,25",,,,,,,,,
No,Provinsi,Jumlah Puskesmas,Jumlah Puskesmas yang melaksanakan deteksi dini kanker payudara dan leher rahim,Persentase Puskesmas Pandu PTM,,,,,,,,,
(1),(2),[3],[4],[5],,,,,,,,,
1,Aceh,341,86,"25,22",,,,,,,,,
2,Sumatera Utara,571,273,"47,81",,,,,,,,,
3,Sumatera Barat,266,105,"39,47",,,,,,,,,
4,Riau,229,61,"26,64",,,,,,,,,
5,Jambi,181,174,"96,13",,,,,,,,,
6,Sumatera Selatan,334,240,"71,86",,,,,,,,,
7,Bengkulu,181,170,"93,92",,,,,,,,,
8,Lampung,307,244,"79,48",,,,,,,,,
9,Kep. Bangka Belitung,61,62,"101,64",,,,,,,,,
10,Kepulauan Riau,81,22,"27,16",,,,,,,,,
11,DKI Jakarta,345,275,"79,71",,,,,,,,,
12,Jawa Barat,1.079,509,"47,17",,,,,,,,,
13,Jawa Tengah,874,536,"61,33",,,,,,,,,
14,DI Yogyakarta,121,117,"96,69",,,,,,,,,
15,Jawa Timur,963,470,"48,81",,,,,,,,,
16,Banten,238,170,"71,43",,,,,,,,,
17,Bali,119,120,"100,84",,,,,,,,,
18,Nusa Tenggara Barat,160,105,"65,63",,,,,,,,,
19,Nusa Tenggara Timur,385,206,"53,51",,,,,,,,,
20,Kalimantan Barat,240,135,"56,25",,,,,,,,,
21,Kalimantan Tengah,196,93,"47,45",,,,,,,,,
22,Kalimantan Selatan,232,41,"17,67",,,,,,,,,
23,Kalimantan Timur,224,40,"17,86",,,,,,,,,
24,Kalimantan Utara,57,35,"61,40",,,,,,,,,
25,Sulawesi Utara,183,14,"7,65",,,,,,,,,
26,Sulawesi Tengah,190,111,"58,42",,,,,,,,,
27,Sulawesi Selatan,448,236,"52,68",,,,,,,,,
28,Sulawesi Tenggara,260,51,"19,62",,,,,,,,,
29,Gorontalo,92,12,"13,04",,,,,,,,,
30,Sulawesi Barat,102,63,"61,76",,,,,,,,,
31,Maluku,193,78,"40,41",,,,,,,,,
32,Maluku Utara,135,55,"40,74",,,,,,,,,
33,Papua Barat,145,59,"40,69",,,,,,,,,
34,Papua,383,9,"2,35",,,,,,,,,
Indonesia,,9.916,4.977,"50,19",,,,,,,,,
No,Provinsi,Jumlah Puskesmas,Jumlah Puskesmas yg melaksanakan deteksi dini dan Rujukan Katarak,Persentase Puskesmas yg melaksanakan deteksi dini dan Rujukan Katarak,,,,,,,,,
(1),(2),[3],[4],[5],,,,,,,,,
1,Aceh,341,0,"0,00%",,,,,,,,,
2,Sumatera Utara,571,100,"17,51%",,,,,,,,,
3,Sumatera Barat,266,0,"0,00%",,,,,,,,,
4,Riau,229,0,"0,00%",,,,,,,,,
5,Jambi,181,30,"16,57%",,,,,,,,,
6,Sumatera Selatan,334,0,"0,00%",,,,,,,,,
7,Bengkulu,181,61,"33,70%",,,,,,,,,
8,Lampung,307,110,"35,83%",,,,,,,,,
9,Kep. Bangka Belitung,61,0,"0,00%",,,,,,,,,
10,Kepulauan Riau,81,0,"0,00%",,,,,,,,,
11,DKI Jakarta,345,204,"59,13%",,,,,,,,,
12,Jawa Barat,1.079,503,"46,62%",,,,,,,,,
13,Jawa Tengah,874,115,"13,16%",,,,,,,,,
14,DI Yogyakarta,121,42,"34,71%",,,,,,,,,
15,Jawa Timur,963,564,"58,57%",,,,,,,,,
16,Banten,238,140,"58,82%",,,,,,,,,
17,Bali,119,30,"25,21%",,,,,,,,,
18,Nusa Tenggara Barat,160,45,"28,13%",,,,,,,,,
19,Nusa Tenggara Timur,385,1,"0,26%",,,,,,,,,
20,Kalimantan Barat,240,0,"0,00%",,,,,,,,,
21,Kalimantan Tengah,196,10,"5,10%",,,,,,,,,
22,Kalimantan Selatan,232,0,"0,00%",,,,,,,,,
23,Kalimantan Timur,224,0,"0,00%",,,,,,,,,
24,Kalimantan Utara,57,0,"0,00%",,,,,,,,,
25,Sulawesi Utara,183,26,"14,21%",,,,,,,,,
26,Sulawesi Tengah,190,44,"23,16%",,,,,,,,,
27,Sulawesi Selatan,448,375,"83,71%",,,,,,,,,
28,Sulawesi Tenggara,260,0,"0,00%",,,,,,,,,
29,Gorontalo,92,2,"2,17%",,,,,,,,,
30,Sulawesi Barat,102,48,"47,06%",,,,,,,,,
31,Maluku,193,25,"12,95%",,,,,,,,,
32,Maluku Utara,135,10,"7,41%",,,,,,,,,
33,Papua Barat,145,1,"0,69%",,,,,,,,,
34,Papua,383,1,"0,26%",,,,,,,,,
Indonesia,,9.916,2.487,"25,08%",,,,,,,,,
No.,Provinsi,Jumlah Kab/Kota,Jumlah Kab/Kota yang menyelenggarakan Upaya Kesehatan Jiwa,%,,,,,,,,,
(1),(2),[3],[4],[5],,,,,,,,,
1,Aceh,23,23,"100,00",,,,,,,,,
2,Sumatera Utara,33,10,"30,30",,,,,,,,,
3,Sumatera Barat,19,0,"0,00",,,,,,,,,
4,Riau,12,4,"33,33",,,,,,,,,
5,Jambi,11,11,"100,00",,,,,,,,,
6,Sumatera Selatan,17,17,"100,00",,,,,,,,,
7,Bengkulu,10,0,"0,00",,,,,,,,,
8,Lampung,15,15,"100,00",,,,,,,,,
9,Kep. Bangka Belitung,7,7,"100,00",,,,,,,,,
10,Kepulauan Riau,7,7,"100,00",,,,,,,,,
11,DKI Jakarta,6,0,"0,00",,,,,,,,,
12,Jawa Barat,27,12,"44,44",,,,,,,,,
13,Jawa Tengah,35,15,"42,86",,,,,,,,,
14,DI Yogyakarta,5,0,"0,00",,,,,,,,,
15,Jawa Timur,38,37,"97,37",,,,,,,,,
16,Banten,8,8,"100,00",,,,,,,,,
17,Bali,9,9,"100,00",,,,,,,,,
18,Nusa Tenggara Barat,10,0,"0,00",,,,,,,,,
19,Nusa Tenggara Timur,22,7,"31,82",,,,,,,,,
20,Kalimantan Barat,14,0,"0,00",,,,,,,,,
21,Kalimantan Tengah,14,0,"0,00",,,,,,,,,
22,Kalimantan Selatan,13,13,"100,00",,,,,,,,,
23,Kalimantan Timur,10,3,"30,00",,,,,,,,,
24,Kalimantan Utara,5,5,"100,00",,,,,,,,,
25,Sulawesi Utara,15,11,"73,33",,,,,,,,,
26,Sulawesi Tengah,13,-,-,,,,,,,,,
27,Sulawesi Selatan,24,0,"0,00",,,,,,,,,
28,Sulawesi Tenggara,17,7,"41,18",,,,,,,,,
29,Gorontalo,6,6,"100,00",,,,,,,,,
30,Sulawesi Barat,6,0,"0,00",,,,,,,,,
31,Maluku,11,11,"100,00",,,,,,,,,
32,Maluku Utara,10,6,"60,00",,,,,,,,,
33,Papua Barat,13,0,"0,00",,,,,,,,,
34,Papua,29,3,"10,34",,,,,,,,,
Indonesia,,514,247,"48,05",,,,,,,,,
