72,PROFIL KESEHATAN INDONESIA Tahun 2016,,,,,,,,,,,,,,,,,,,,,,,,,,,
"39,71 876",,,,,,,,,,,,,,,,,,,,,,,,,,,,
758,,,,,,,667,,,,,,,,,,,,,,,,,,,,,
,,,,,,,649,,,,,,,,,,,,,,,,,,,,,
,,,,16,",26",,,,,,,,,,,,,,,,,,,,,,,
150,,,,,,,196,,,,,,,,,,,,,,,,,,,,,
95,,,,,,,166,,,,,"3,",84,,145 145,,,,,,,,,,,,,
,,,,,,,,,"4,4",0,,,,,,"1,4",0,34 35,,,,,,,,,,
,,,,,,,,,,,,,,,,,,,"0,00",,,,,,,,,
112222,PPRROOFFIILL KKEESSEEHHAATTAANN IINNDDOONNEESSIIAA TTaahhuunn 22001166,,,,,,,,,,,,,,,,,,,,,,,,,,,
Tempat Rujukan,,,,Daerah Kerja,,,,,,,,Total,,,,,,,,,,,,,,,,
,,,,Madinah,,,Makkah,,,Airport,,,,,,,,,,,,,,,,,,
Sektor/Oktagon,,,-,,,2.198,,,52,,,2.250,,,,,,,,,,,,,,,,
,Klinik Kesehatan Jemaah Haji,,1.243,,,1.300,,,401,,,2.944,,,,,,,,,,,,,,,,
,Indonesia (KKHI),,,,,,,,,,,,,,,,,,,,,,,,,,,
Rumah Sakit Arab Saudi (RSAS),,,120,,,326,,,32,,,478,,,,,,,,,,,,,,,,
,T o t a l,,,1.363,,,3.824,,,485,,,5.672,,,,,,,,,,,,,,,
236,PROFIL KESEHATAN INDONESIA Tahun 2016,,,,,,,,,,,,,,,,,,,,,,,,,,,
,1,"7,36",,"74 62,67 7,14",",67",,,,,,,,,,,,,,,,,,,,,,,
,"1 1 15 15 2,9 ,71",,,,,,,,,,,,,,,,,,,,,,,,,,,
Target Renstr 2016: 15%,a,,,,,,,,,,,,,,,,,,,,,,,,,,,
238,PROFIL KESEHATAN INDONESIA Tahun 2016,,,,,,,,,,,,,,,,,,,,,,,,,,,
No,Provinsi,Pemerintah,,,,,,,,,,,,Pemerintah Daerah,,,,,,,,,Swasta,,,Semua RS,,
,,Kementerian Kesehatan,,,Kepolisian,,,Tentara Nasional Indonesia,,,Kementerian Lain,,,Pemerintahan Provinsi,,,Pemerintahan Kabupaten,,,Pemerintahan Kota,,,Swasta,,,,,
,,m u m U S R,s u s u h K S R,h a ml u J,m u m U S R,s u s u h K S R,h a ml u J,m u m U S R,s u s u h K S R,h a ml u J,m u m U S R,s u s u h K S R,h a ml u J,m u m U S R,s u s u h K S R,h a ml u J,m u m U S R,s u s u h K S R,h a ml u J,m u m U S R,s u s u h K S R,h a ml u J,m u m U S R,s u s u h K S R,h a ml u J,m u m U S R,s u s u h K S R,h a ml u J
(1),(2),(3),(4),(5),(6),(7),(8),(9),(10),(11),(12),(13),(14),(15),(16),(17),(18),(19),(20),(21),(22),(23),(24),(25),(26),(27),(28),(29)
1,Aceh,0,0,0,1,0,1,4,0,4,0,0,0,1,2,3,20,0,20,4,0,4,35,1,36,65,3,68
2,Sumatera Utara,1,0,1,2,0,2,7,0,7,1,0,1,1,3,4,26,0,26,7,0,7,130,17,147,175,20,195
3,Sumatera Barat,1,1,2,1,0,1,3,0,3,0,0,0,2,2,4,12,0,12,5,0,5,17,23,40,41,26,67
4,Riau,0,0,0,2,0,2,2,0,2,1,0,1,2,1,3,13,0,13,1,1,2,36,13,49,57,15,72
5,Jambi,0,0,0,1,0,1,1,0,1,0,0,0,1,1,2,11,0,11,1,0,1,13,5,18,28,6,34
6,Sumatera Selatan,1,1,2,1,0,1,3,0,3,0,0,0,0,3,3,16,0,16,5,1,6,22,12,34,48,17,65
7,Bengkulu,0,0,0,1,0,1,2,0,2,0,0,0,1,1,2,10,0,10,1,0,1,4,1,5,19,2,21
8,Lampung,0,0,0,1,0,1,1,0,1,0,0,0,1,1,2,10,0,10,3,0,3,30,17,47,46,18,64
9,Kepulauan Bangka Belitung,0,0,0,0,0,0,0,0,0,0,0,0,1,1,2,7,0,7,1,0,1,6,1,7,15,2,17
10,Kepulauan Riau,0,0,0,0,0,0,2,0,2,0,0,0,3,0,3,6,0,6,2,0,2,10,5,15,23,5,28
11,DKI Jakarta,3,7,10,2,0,2,7,3,10,4,0,4,22,1,23,0,0,0,5,1,6,85,50,135,128,62,190
12,Jawa Barat,1,4,5,4,0,4,9,0,9,0,0,0,2,2,4,33,0,33,8,2,10,197,66,263,254,74,328
13,Jawa Tengah,2,3,5,2,0,2,10,0,10,2,1,3,4,3,7,44,1,45,5,0,5,163,50,213,232,58,290
14,DI Yogyakarta,1,0,1,1,0,1,2,0,2,0,0,0,0,1,1,6,0,6,2,1,3,41,19,60,53,21,74
15,Jawa Timur,0,1,1,10,0,10,19,3,22,2,0,2,7,9,16,42,0,42,9,0,9,185,90,275,274,103,377
16,Banten,0,1,1,0,0,0,2,0,2,0,0,0,2,0,2,5,0,5,3,0,3,51,31,82,63,32,95
17,Bali,1,0,1,1,0,1,2,0,2,0,0,0,0,2,2,7,0,7,2,0,2,34,8,42,47,10,57
18,Nusa Tenggara Barat,0,0,0,1,0,1,1,0,1,0,0,0,2,1,3,9,0,9,1,0,1,12,1,13,26,2,28
19,Nusa Tenggara Timur,0,0,0,1,0,1,4,0,4,0,0,0,1,0,1,18,0,18,1,0,1,17,3,20,42,3,45
20,Kalimantan Barat,0,0,0,1,0,1,5,0,5,0,0,0,1,3,4,13,0,13,2,0,2,14,6,20,36,9,45
21,Kalimantan Tengah,0,0,0,1,0,1,1,0,1,0,0,0,2,1,3,12,0,12,2,0,2,2,0,2,20,1,21
22,Kalimantan Selatan,0,0,0,1,0,1,3,0,3,0,0,0,2,2,4,12,0,12,1,0,1,11,7,18,30,9,39
23,Kalimantan Timur,0,0,0,1,0,1,3,0,3,0,0,0,2,1,3,8,0,8,3,1,4,19,10,29,36,12,48
24,Kalimantan Utara,0,0,0,0,0,0,1,0,1,0,0,0,1,0,1,4,0,4,0,0,0,1,0,1,7,0,7
25,Sulawesi Utara,2,0,2,1,0,1,3,0,3,0,1,1,2,1,3,12,0,12,1,0,1,18,2,20,39,4,43
26,Sulawesi Tengah,0,0,0,1,0,1,1,0,1,0,0,0,0,0,0,15,0,15,2,1,3,6,7,13,25,8,33
27,Sulawesi Selatan,1,1,2,1,0,1,6,0,6,0,1,1,4,2,6,25,0,25,2,1,3,26,20,46,65,25,90
28,Sulawesi Tenggara,0,0,0,1,0,1,1,0,1,0,0,0,2,0,2,13,0,13,2,1,3,10,1,11,29,2,31
29,Gorontalo,0,0,0,0,0,0,0,0,0,0,0,0,1,0,1,6,0,6,2,0,2,3,1,4,12,1,13
30,Sulawesi Barat,0,0,0,0,0,0,0,0,0,0,0,0,1,0,1,7,0,7,0,0,0,2,1,3,10,1,11
31,Maluku,0,0,0,1,0,1,3,0,3,0,0,0,1,0,1,14,1,15,1,0,1,7,0,7,27,1,28
32,Maluku Utara,0,0,0,0,0,0,2,0,2,0,0,0,1,0,1,11,0,11,1,0,1,5,0,5,20,0,20
33,Papua Barat,0,0,0,0,0,0,3,0,3,0,0,0,0,0,0,7,0,7,2,0,2,4,0,4,16,0,16
34,Papua,0,0,0,1,0,1,6,0,6,0,0,0,2,1,3,23,1,24,0,0,0,6,1,7,38,3,41
Indonesia,,14,19,33,42,0,42,119,6,125,10,3,13,75,45,120,477,3,480,87,10,97,1222,469,1691,2046,555,2601
No,Pengelola,Tahun 2013,,Tahun 2014,,Tahun 2015,,Tahun 2016,,,,,,,,,,,,,,,,,,,,
,,RS,TT,RS,TT,RS,TT,RS,TT,,,,,,,,,,,,,,,,,,,
(1),(2),(5),(6),(7),(8),(9),(10),(11),(12),,,,,,,,,,,,,,,,,,,
1,Kementerian Kesehatan,14,11.028,14,11.397,14,11.343,14,11.260,,,,,,,,,,,,,,,,,,,
2,Kepolisian,41,4.480,42,4.792,42,4.894,42,4.780,,,,,,,,,,,,,,,,,,,
3,Tentara Nasional Indonesia,114,16.352,121,16.867,120,16.993,119,13.317,,,,,,,,,,,,,,,,,,,
4,Kementerian Lain,3,268,5,534,6,493,10,1.095,,,,,,,,,,,,,,,,,,,
5,Pemerintah Provinsi,53,18.526,52,18.613,68,20.832,75,21.462,,,,,,,,,,,,,,,,,,,
6,Pemerintah Kabupaten,446,66.755,456,71.290,466,74.722,477,79.033,,,,,,,,,,,,,,,,,,,
7,Pemerintah Kota,79,17.939,81,19.479,87,20.532,87,20.500,,,,,,,,,,,,,,,,,,,
8,Swasta,975,109.992,1.084,115.727,1.148,124.329,1.222,132.200,,,,,,,,,,,,,,,,,,,
Jumlah,,1.725,245.340,1.855,258.699,1.951,274.138,2.046,283.647,,,,,,,,,,,,,,,,,,,
No,Jenis Rumah Sakit,Tahun 2013,,Tahun 2014,,Tahun 2015,,Tahun 2016,,,,,,,,,,,,,,,,,,,,
,,RS,TT,RS,TT,RS,TT,RS,TT,,,,,,,,,,,,,,,,,,,
(1),(2),(3),(4),(5),(6),(7),(8),(9),(10),,,,,,,,,,,,,,,,,,,
1,RS Khusus Ibu dan Anak,320,15.119,357,17.078,356,17.104,370,18.198,,,,,,,,,,,,,,,,,,,
2,RS Khusus Jiwa,50,10.249,50,10.641,44,10.294,44,10.278,,,,,,,,,,,,,,,,,,,
3,RS Khusus Bedah,43,1.664,43,1.728,42,1.844,41,1.693,,,,,,,,,,,,,,,,,,,
4,RS Khusus Mata,15,647,19,747,20,747,24,791,,,,,,,,,,,,,,,,,,,
5,RS Khusus Gigi dan Mulut,17,54,21,81,22,83,23,91,,,,,,,,,,,,,,,,,,,
6,RS Khusus Paru,11,919,12,1.000,11,934,11,962,,,,,,,,,,,,,,,,,,,
7,RS Khusus THT,13,277,13,284,8,174,8,186,,,,,,,,,,,,,,,,,,,
8,RS Khusus Jantung dan Pembuluh Darah,3,416,6,544,6,554,6,575,,,,,,,,,,,,,,,,,,,
9,RS Khusus Kanker,2,401,2,401,2,325,2,420,,,,,,,,,,,,,,,,,,,
10,RS Khusus Infeksi,2,257,2,257,2,257,2,281,,,,,,,,,,,,,,,,,,,
11,RS Khusus Ginjal,1,84,1,84,1,27,2,27,,,,,,,,,,,,,,,,,,,
12,RS Khusus Otak,1,433,1,433,1,433,1,449,,,,,,,,,,,,,,,,,,,
13,RS Khusus Ketergantungan Obat,1,100,1,100,1,100,1,100,,,,,,,,,,,,,,,,,,,
14,RS Khusus Kusta,18,2.048,16,1.888,13,1.631,12,1.342,,,,,,,,,,,,,,,,,,,
15,RS Khusus Orthopedi,3,231,3,236,3,222,3,218,,,,,,,,,,,,,,,,,,,
16,RS Khusus Stroke,1,130,1,140,1,183,1,177,,,,,,,,,,,,,,,,,,,
17,RS Khusus Rehabilitasi,0,0,0,0,1,0,1,28,,,,,,,,,,,,,,,,,,,
18,RS Khusus Penyakit Dalam,2,81,2,81,2,81,2,81,,,,,,,,,,,,,,,,,,,
19,RS Khusus Syaraf,0,0,1,15,1,15,1,15,,,,,,,,,,,,,,,,,,,
Jumlah,,503,33.110,551,35.738,537,35.008,555,35.912,,,,,,,,,,,,,,,,,,,
No,Provinsi,Jumlah Penduduk 2016,Kelas A,,,Kelas B,,,Kelas C,,,Kelas D,,,Belum Ditetapkan Kelas,,,Total,,,,,,,,,,
,,,RS,,TT,RS,,TT,RS,,TT,RS,,TT,RS,,TT,RS,TT,,,,,,,,,
,,,Jumlah,%,,Jumlah,%,,Jumlah,%,,Jumlah,%,,Jumlah,%,,,Jumlah,Rasio,,,,,,,,
(1),(2),(3),(4),(5),(6),(7),(8),(9),(10),(11),(12),(13),(14),(15),(16),(17),(18),(19),(20),(21),,,,,,,,
1,Aceh,5.096.248,2,"2,94",897,9,"13,24",2.219,28,"41,18",3.470,9,"13,24",542,20,"29,41",1.316,68,8.444,"1,66",,,,,,,,
2,Sumatera Utara,14.102.911,2,"1,03",1.159,28,"14,36",6.046,83,"42,56",8.411,28,"14,36",1.917,54,"27,69",3.512,195,21.045,"1,49",,,,,,,,
3,Sumatera Barat,5.259.528,2,"2,99",1.105,5,"7,46",988,30,"44,78",3.104,10,"14,93",573,20,"29,85",693,67,6.463,"1,23",,,,,,,,
4,Riau,6.500.971,1,"1,39",182,7,"9,72",1.722,37,"51,39",3.143,21,"29,17",1.018,6,"8,33",190,72,6.255,"0,96",,,,,,,,
5,Jambi,3.458.926,0,"0,00",0,4,"11,76",1.005,20,"58,82",2.029,6,"17,65",410,4,"11,76",216,34,3.660,"1,06",,,,,,,,
6,Sumatera Selatan,8.160.901,3,"4,62",1.412,5,"7,69",1.033,31,"47,69",5.118,15,"23,08",1.076,11,"16,92",613,65,9.252,"1,13",,,,,,,,
7,Bengkulu,1.904.793,0,"0,00",0,2,"9,52",703,8,"38,10",719,8,"38,10",457,3,"14,29",208,21,2.087,"1,10",,,,,,,,
8,Lampung,8.205.141,0,"0,00",0,5,"7,81",1.488,39,"60,94",3.668,16,"25,00",1.045,4,"6,25",154,64,6.355,"0,77",,,,,,,,
9,Kepulauan Bangka Belitung,1.401.827,0,"0,00",0,1,"5,88",116,11,"64,71",1.183,3,"17,65",255,2,"11,76",70,17,1.624,"1,16",,,,,,,,
10,Kepulauan Riau,2.028.169,0,"0,00",0,6,"21,43",1.211,14,"50,00",1.352,4,"14,29",268,4,"14,29",95,28,2.926,"1,44",,,,,,,,
11,DKI Jakarta,10.277.628,15,"7,89",5.339,58,"30,53",10.739,54,"28,42",3.724,27,"14,21",853,36,"18,95",2.274,190,22.929,"2,23",,,,,,,,
12,Jawa Barat,47.379.389,9,"2,74",2.719,55,"16,77",13.338,151,"46,04",14.581,52,"15,85",3.069,61,"18,60",3.946,328,37.653,"0,79",,,,,,,,
13,Jawa Tengah,34.019.095,8,"2,76",3.584,34,"11,72",11.019,123,"42,41",15.639,91,"31,38",6.245,34,"11,72",1.855,290,38.342,"1,13",,,,,,,,
14,DI Yogyakarta,3.720.912,3,"4,05",1.030,12,"16,22",2.494,15,"20,27",902,31,"41,89",1.627,13,"17,57",635,74,6.688,"1,80",,,,,,,,
15,Jawa Timur,39.075.152,6,"1,59",4.114,47,"12,47",11.416,133,"35,28",13.542,72,"19,10",4.256,119,"31,56",5.542,377,38.870,"0,99",,,,,,,,
16,Banten,12.203.148,1,"1,05",207,19,"20,00",4.432,49,"51,58",4.081,9,"9,47",489,17,"17,89",808,95,10.017,"0,82",,,,,,,,
17,Bali,4.200.069,3,"5,26",1.146,6,"10,53",1.488,25,"43,86",2.354,10,"17,54",658,13,"22,81",558,57,6.204,"1,48",,,,,,,,
18,Nusa Tenggara Barat,4.896.162,0,"0,00",0,3,"10,71",610,14,"50,00",1.739,10,"35,71",798,1,"3,57",52,28,3.199,"0,65",,,,,,,,
19,Nusa Tenggara Timur,5.203.514,0,"0,00",0,1,"2,22",344,19,"42,22",2.138,16,"35,56",1.147,9,"20,00",543,45,4.172,"0,80",,,,,,,,
20,Kalimantan Barat,4.861.738,0,"0,00",0,5,"11,11",1.476,22,"48,89",2.393,9,"20,00",688,9,"20,00",403,45,4.960,"1,02",,,,,,,,
21,Kalimantan Tengah,2.550.192,0,"0,00",0,3,"14,29",713,7,"33,33",694,9,"42,86",454,2,"9,52",101,21,1.962,"0,77",,,,,,,,
22,Kalimantan Selatan,4.055.479,2,"5,13",1.155,6,"15,38",815,21,"53,85",2.297,5,"12,82",302,5,"12,82",155,39,4.724,"1,16",,,,,,,,
23,Kalimantan Timur,3.501.232,2,"4,17",1.121,7,"14,58",1.566,20,"41,67",2.280,7,"14,58",369,12,"25,00",395,48,5.731,"1,64",,,,,,,,
24,Kalimantan Utara,666.333,0,"0,00",0,1,"14,29",375,3,"42,86",500,3,"42,86",100,0,"0,00",0,7,975,"1,46",,,,,,,,
25,Sulawesi Utara,2.436.921,1,"2,33",885,2,"4,65",523,17,"39,53",2.361,10,"23,26",555,13,"30,23",666,43,4.990,"2,05",,,,,,,,
26,Sulawesi Tengah,2.921.715,0,"0,00",0,3,"9,09",1.075,15,"45,45",1.974,7,"21,21",392,8,"24,24",346,33,3.787,"1,30",,,,,,,,
27,Sulawesi Selatan,8.606.375,3,"3,33",1.490,23,"25,56",4.980,39,"43,33",4.580,11,"12,22",722,14,"15,56",567,90,12.339,"1,43",,,,,,,,
28,Sulawesi Tenggara,2.551.008,0,"0,00",0,2,"6,45",519,13,"41,94",1.178,7,"22,58",372,9,"29,03",374,31,2.443,"0,96",,,,,,,,
29,Gorontalo,1.150.765,0,"0,00",0,2,"15,38",605,4,"30,77",454,4,"30,77",292,3,"23,08",153,13,1.504,"1,31",,,,,,,,
30,Sulawesi Barat,1.306.478,0,"0,00",0,0,"0,00",0,5,"45,45",661,0,"0,00",0,6,"54,55",348,11,1.009,"0,77",,,,,,,,
31,Maluku,1.715.548,0,"0,00",0,3,"10,71",631,5,"17,86",518,14,"50,00",753,6,"21,43",300,28,2.202,"1,28",,,,,,,,
32,Maluku Utara,1.185.912,0,"0,00",0,1,"5,00",293,3,"15,00",288,9,"45,00",559,7,"35,00",182,20,1.322,"1,11",,,,,,,,
33,Papua Barat,893.362,0,"0,00",0,0,"0,00",0,5,"31,25",724,5,"31,25",302,6,"37,50",336,16,1.362,"1,52",,,,,,,,
34,Papua,3.207.444,0,"0,00",0,2,"4,88",473,10,"24,39",2.047,10,"24,39",585,19,"46,34",703,41,3.808,"1,19",,,,,,,,
Indonesia,,258.704.986,63,"2,42",27.545,367,"14,11",86.455,1.073,"41,25",113.846,548,"21,07",33.148,550,"21,15",28.309,2.601,289.303,"1,12",,,,,,,,
No,Provinsi,Total Tempat Tidur*,Kelas Perawatan,,,,,,,,,,,,Ruang Non Rawat Inap ***,,,,,,,,,,,,,
,,,V V I P,,V I P,,Kelas I,,Kelas II,,Kelas III,,Ruang Rawat Inap Lainnya**,,,,,,,,,,,,,,,
,,,Jumlah,%,Jumlah,%,Jumlah,%,Jumlah,%,Jumlah,%,Jumlah,%,Jumlah,%,,,,,,,,,,,,
(1),(2),(3),(4),(5),(6),(7),(8),(9),(10),(11),(12),(13),(14),(15),(16),(17),,,,,,,,,,,,
1,Aceh,9.404,154,"1,64",517,"5,50",1.021,"10,86",1.290,"13,72",4.298,"45,70",1.164,"12,38",960,"10,21",,,,,,,,,,,,
2,Sumatera Utara,22.781,384,"1,69",1.580,"6,94",3.095,"13,59",4.567,"20,05",8.582,"37,67",2.837,"12,45",1.736,"7,62",,,,,,,,,,,,
3,Sumatera Barat,7.082,129,"1,82",496,"7,00",932,"13,16",1.279,"18,06",2.773,"39,16",854,"12,06",619,"8,74",,,,,,,,,,,,
4,R i a u,6.929,191,"2,76",556,"8,02",830,"11,98",1.065,"15,37",2.500,"36,08",1.113,"16,06",674,"9,73",,,,,,,,,,,,
5,J a m b i,4.040,104,"2,57",362,"8,96",551,"13,64",604,"14,95",1.536,"38,02",503,"12,45",380,"9,41",,,,,,,,,,,,
6,Sumatera Selatan,9.896,183,"1,85",553,"5,59",2.460,"24,86",1.709,"17,27",3.363,"33,98",984,"9,94",644,"6,51",,,,,,,,,,,,
7,Bengkulu,2.392,36,"1,51",172,"7,19",230,"9,62",425,"17,77",880,"36,79",344,"14,38",305,"12,75",,,,,,,,,,,,
8,Lampung,7.062,150,"2,12",552,"7,82",799,"11,31",1.171,"16,58",2.738,"38,77",945,"13,38",707,"10,01",,,,,,,,,,,,
9,Bangka Belitung,1.827,27,"1,48",86,"4,71",214,"11,71",348,"19,05",715,"39,14",234,"12,81",203,"11,11",,,,,,,,,,,,
10,Kepulauan Riau,3.282,31,"0,94",193,"5,88",306,"9,32",584,"17,79",1.296,"39,49",516,"15,72",356,"10,85",,,,,,,,,,,,
11,DKI Jakarta,25.071,671,"2,68",2.235,"8,91",3.181,"12,69",4.581,"18,27",8.621,"34,39",3.640,"14,52",2.142,"8,54",,,,,,,,,,,,
12,Jawa Barat,41.758,645,"1,54",3.131,"7,50",5.159,"12,35",8.273,"19,81",14.359,"34,39",6.086,"14,57",4.105,"9,83",,,,,,,,,,,,
13,Jawa Tengah,42.162,819,"1,94",4.278,"10,15",5.244,"12,44",6.924,"16,42",15.318,"36,33",5.759,"13,66",3.820,"9,06",,,,,,,,,,,,
14,DI Yogyakarta,7.338,158,"2,15",750,"10,22",656,"8,94",1.304,"17,77",2.891,"39,40",929,"12,66",650,"8,86",,,,,,,,,,,,
15,Jawa Timur,42.505,659,"1,55",3.400,"8,00",5.319,"12,51",7.884,"18,55",15.630,"36,77",5.978,"14,06",3.635,"8,55",,,,,,,,,,,,
16,Banten,11.249,138,"1,23",839,"7,46",1.442,"12,82",2.376,"21,12",3.596,"31,97",1.626,"14,45",1.232,"10,95",,,,,,,,,,,,
17,B a l i,6.992,171,"2,45",1.117,"15,98",794,"11,36",895,"12,80",2.239,"32,02",988,"14,13",788,"11,27",,,,,,,,,,,,
18,Nusa Tenggara Barat,3.676,54,"1,47",363,"9,87",389,"10,58",444,"12,08",1.412,"38,41",537,"14,61",477,"12,98",,,,,,,,,,,,
19,Nusa Tenggara Timur,4.710,42,"0,89",268,"5,69",400,"8,49",706,"14,99",2.186,"46,41",570,"12,10",538,"11,42",,,,,,,,,,,,
20,Kalimantan Barat,5.536,36,"0,65",295,"5,33",565,"10,21",897,"16,20",2.356,"42,56",811,"14,65",576,"10,40",,,,,,,,,,,,
21,Kalimantan Tengah,2.246,16,"0,71",198,"8,82",195,"8,68",368,"16,38",851,"37,89",334,"14,87",284,"12,64",,,,,,,,,,,,
22,Kalimantan Selatan,5.216,105,"2,01",489,"9,38",650,"12,46",841,"16,12",1.914,"36,69",725,"13,90",492,"9,43",,,,,,,,,,,,
23,Kalimantan Timur,6.373,107,"1,68",555,"8,71",807,"12,66",1.089,"17,09",2.426,"38,07",747,"11,72",642,"10,07",,,,,,,,,,,,
24,Kalimantan Utara,1.092,14,"1,28",48,"4,40",107,"9,80",231,"21,15",397,"36,36",178,"16,30",117,"10,71",,,,,,,,,,,,
25,Sulawesi Utara,5.491,84,"1,53",260,"4,74",558,"10,16",1.069,"19,47",2.292,"41,74",727,"13,24",501,"9,12",,,,,,,,,,,,
26,Sulawesi Tengah,4.183,24,"0,57",269,"6,43",482,"11,52",570,"13,63",1.793,"42,86",649,"15,52",396,"9,47",,,,,,,,,,,,
27,Sulawesi Selatan,13.667,319,"2,33",1.297,"9,49",1.817,"13,29",2.113,"15,46",4.942,"36,16",1.851,"13,54",1.328,"9,72",,,,,,,,,,,,
28,Sulawesi Tenggara,2.818,23,"0,82",196,"6,96",277,"9,83",354,"12,56",1.225,"43,47",368,"13,06",375,"13,31",,,,,,,,,,,,
29,Gorontalo,1.739,36,"2,07",128,"7,36",124,"7,13",236,"13,57",703,"40,43",277,"15,93",235,"13,51",,,,,,,,,,,,
30,Sulawesi Barat,1.124,25,"2,22",69,"6,14",153,"13,61",176,"15,66",463,"41,19",123,"10,94",115,"10,23",,,,,,,,,,,,
31,Maluku,2.485,22,"0,89",128,"5,15",234,"9,42",316,"12,72",1.282,"51,59",220,"8,85",283,"11,39",,,,,,,,,,,,
32,Maluku Utara,1.503,40,"2,66",149,"9,91",172,"11,44",219,"14,57",544,"36,19",198,"13,17",181,"12,04",,,,,,,,,,,,
33,Papua Barat,1.564,10,"0,64",84,"5,37",104,"6,65",269,"17,20",756,"48,34",139,"8,89",202,"12,92",,,,,,,,,,,,
34,Papua,4.366,18,"0,41",139,"3,18",356,"8,15",643,"14,73",2.183,"50,00",469,"10,74",558,"12,78",,,,,,,,,,,,
Indonesia,,319.559,5.625,"1,76",25.752,"8,06",39.623,"12,40",55.820,"17,47",119.060,"37,26",43.423,"13,59",30.256,"9,47",,,,,,,,,,,,
No,Provinsi,Jumlah Rumah Sakit,Rumah Sakit Pemerintah Terakreditasi,Rumah Sakit Swasta Terakreditasi,Total Rumah Sakit Terakreditasi,Persentase Rumah Sakit Terakreditasi,,,,,,,,,,,,,,,,,,,,,,
(1),(2),(4),(5),(7),(8),(9),,,,,,,,,,,,,,,,,,,,,,
1,Aceh,66,6,6,12,"18,18",,,,,,,,,,,,,,,,,,,,,,
2,Sumatera Utara,184,9,31,40,"21,74",,,,,,,,,,,,,,,,,,,,,,
3,Sumatera Barat,65,6,4,10,"15,38",,,,,,,,,,,,,,,,,,,,,,
4,Riau,68,6,6,12,"17,65",,,,,,,,,,,,,,,,,,,,,,
5,Jambi,26,3,4,7,"26,92",,,,,,,,,,,,,,,,,,,,,,
6,Sumatera Selatan,34,9,5,14,"41,18",,,,,,,,,,,,,,,,,,,,,,
7,Bengkulu,65,9,12,21,"32,31",,,,,,,,,,,,,,,,,,,,,,
8,Lampung,17,5,4,9,"52,94",,,,,,,,,,,,,,,,,,,,,,
9,Kepulauan Bangka Belitung,20,5,2,7,"35,00",,,,,,,,,,,,,,,,,,,,,,
10,Kepulauan Riau,62,5,15,20,"32,26",,,,,,,,,,,,,,,,,,,,,,
11,DKI Jakarta,182,42,55,97,"53,30",,,,,,,,,,,,,,,,,,,,,,
12,Jawa Barat,314,35,41,76,"24,20",,,,,,,,,,,,,,,,,,,,,,
13,Jawa Tengah,89,6,24,30,"33,71",,,,,,,,,,,,,,,,,,,,,,
14,DI Yogyakarta,282,47,50,97,"34,40",,,,,,,,,,,,,,,,,,,,,,
15,Jawa Timur,74,11,23,34,"45,95",,,,,,,,,,,,,,,,,,,,,,
16,Banten,361,59,111,170,"47,09",,,,,,,,,,,,,,,,,,,,,,
17,Bali,55,15,23,38,"69,09",,,,,,,,,,,,,,,,,,,,,,
18,Nusa Tenggara Barat,28,6,1,7,"25,00",,,,,,,,,,,,,,,,,,,,,,
19,Nusa Tenggara Timur,44,9,8,17,"38,64",,,,,,,,,,,,,,,,,,,,,,
20,Kalimantan Barat,44,6,5,11,"25,00",,,,,,,,,,,,,,,,,,,,,,
21,Kalimantan Tengah,47,8,7,15,"31,91",,,,,,,,,,,,,,,,,,,,,,
22,Kalimantan Selatan,35,6,3,9,"25,71",,,,,,,,,,,,,,,,,,,,,,
23,Kalimantan Timur,20,7,0,7,"35,00",,,,,,,,,,,,,,,,,,,,,,
24,Kalimantan Utara,7,0,0,0,"0,00",,,,,,,,,,,,,,,,,,,,,,
25,Sulawesi Utara,10,1,0,1,"10,00",,,,,,,,,,,,,,,,,,,,,,
26,Sulawesi Tengah,31,6,0,6,"19,35",,,,,,,,,,,,,,,,,,,,,,
27,Sulawesi Selatan,29,3,1,4,"13,79",,,,,,,,,,,,,,,,,,,,,,
28,Sulawesi Tenggara,85,16,16,32,"37,65",,,,,,,,,,,,,,,,,,,,,,
29,Gorontalo,42,9,2,11,"26,19",,,,,,,,,,,,,,,,,,,,,,
30,Sulawesi Barat,12,1,0,1,"8,33",,,,,,,,,,,,,,,,,,,,,,
31,Maluku,27,4,4,8,"29,63",,,,,,,,,,,,,,,,,,,,,,
32,Maluku Utara,19,2,0,2,"10,53",,,,,,,,,,,,,,,,,,,,,,
33,Papua Barat,16,2,0,2,"12,50",,,,,,,,,,,,,,,,,,,,,,
34,Papua,40,0,1,1,"2,50",,,,,,,,,,,,,,,,,,,,,,
Indonesia,,2500,364,464,828,"33,12",,,,,,,,,,,,,,,,,,,,,,
No,Provinsi,Jumlah Tenaga Kesehatan,,,,,,,,,,,,,,,,,Tenaga Penunjang Kesehatan,Total SDM Kesehatan,,,,,,,,
,,s ali si e p S r e kt o D,m u m U r e kt o D,Gigi pesialis kter oS D,gi Gi r e kt o D,s ni Kli gi o ol k si P,at w a r e P,n a d Bi,si a m r a F,at k a r a y s a M n a at h e s e K,n a g n u k g n Li n a at h e s e K,zi Gi,k si Fi n a pi a r e et K,s di e M n a si ni k e et K,a k di e m o Bi k ni k e T,n a Kesehat Tradisional naga e T,n a at h e Kes ain a l g a n e T,h a ml u J,,,,,,,,,,
(1),(2),(3),(4),(5),(6),(7),(8),(9),(10),(11),(12),(13),(14),(15),(16),(17),(18),(19),(20),(21),,,,,,,,
1,Aceh,1.313,822,19,128,48,6.151,2.224,652,353,254,185,268,513,939,0,0,13.869,4.002,17.871,,,,,,,,
2,Sumatera Utara,3.459,1.558,30,295,18,7.936,2.314,947,271,140,338,209,468,892,0,0,18.875,7.508,26.383,,,,,,,,
3,Sumatera Barat,942,612,16,119,18,5.035,931,661,79,96,255,140,617,704,0,0,10.225,3.521,13.746,,,,,,,,
4,Riau,1.314,695,37,147,32,4.343,1.431,716,151,58,189,167,376,634,1,0,10.291,4.335,14.626,,,,,,,,
5,Jambi,394,338,9,58,12,3.495,774,390,53,84,110,84,188,411,0,0,6.400,2.271,8.671,,,,,,,,
6,Sumatera Selatan,1.543,759,19,136,38,5.841,1.923,850,183,139,250,194,562,779,10,0,13.226,5.898,19.124,,,,,,,,
7,Bengkulu,190,204,7,38,3,1.654,503,236,253,32,160,28,76,232,0,0,3.616,1.096,4.712,,,,,,,,
8,Lampung,638,425,13,62,5,1.945,766,252,53,84,61,50,142,367,0,0,4.863,3.086,7.949,,,,,,,,
9,Kepulauan Bangka Belitung,187,231,4,27,8,1.777,324,220,54,47,72,51,137,233,0,0,3.372,1.741,5.113,,,,,,,,
10,Kepulauan Riau,388,242,14,48,6,2.013,473,244,34,37,55,44,141,249,0,0,3.988,1.769,5.757,,,,,,,,
11,DKI Jakarta,6.112,2.604,353,562,50,21.219,2.825,3.943,575,213,924,650,1.769,2.823,9,0,44.631,21.271,65.902,,,,,,,,
12,Jawa Barat,7.873,3.221,388,880,60,24.557,4.606,3.718,310,287,711,657,1.958,3.068,0,0,52.294,26.752,79.046,,,,,,,,
13,Jawa Tengah,5.515,2.884,158,467,113,28.471,5.200,3.534,233,429,990,849,1.980,3.400,2,0,54.225,22.293,76.518,,,,,,,,
14,DI Yogyakarta,1.094,570,129,144,20,5.536,652,752,68,92,221,180,498,716,0,0,10.672,3.948,14.620,,,,,,,,
15,Jawa Timur,5.861,2.777,160,529,662,21.890,4.664,3.596,253,427,949,504,1.322,2.807,25,0,46.426,25.554,71.980,,,,,,,,
16,Banten,2.676,1.110,111,271,27,7.022,1.470,1.110,284,85,238,296,450,922,0,0,16.072,7.493,23.565,,,,,,,,
17,Bali,1.071,721,28,118,8,5.382,1.524,559,58,100,259,69,268,642,0,0,10.807,5.744,16.551,,,,,,,,
18,Nusa Tenggara Barat,354,364,17,30,11,2.590,559,306,132,56,142,63,220,389,0,0,5.233,2.576,7.809,,,,,,,,
19,Nusa Tenggara Timur,346,344,1,51,8,2.420,699,306,75,105,116,83,281,374,0,0,5.209,3.277,8.486,,,,,,,,
20,Kalimantan Barat,503,359,20,63,13,2.887,678,435,63,84,135,81,194,408,0,0,5.923,3.359,9.282,,,,,,,,
21,Kalimantan Tengah,205,201,9,30,5,2.007,486,203,25,36,149,33,142,246,0,0,3.777,1.162,4.939,,,,,,,,
22,Kalimantan Selatan,863,383,12,80,19,2.939,704,382,53,125,150,50,233,373,0,0,6.366,2.595,8.961,,,,,,,,
23,Kalimantan Timur,692,526,33,86,7,4.945,905,556,14,51,137,93,189,485,0,0,8.719,3.971,12.690,,,,,,,,
24,Kalimantan Utara,82,67,7,13,3,803,149,50,13,9,14,17,37,62,0,0,1.326,363,1.689,,,,,,,,
25,Sulawesi Utara,759,435,3,57,9,2.805,227,222,77,77,82,66,94,97,0,0,5.010,2.225,7.235,,,,,,,,
26,Sulawesi Tengah,443,262,9,47,21,2.980,905,355,358,115,99,68,103,228,0,0,5.993,1.304,7.297,,,,,,,,
27,Sulawesi Selatan,2.153,834,44,280,9,8.136,1.797,922,464,189,348,280,556,1.043,0,0,17.055,5.163,22.218,,,,,,,,
28,Sulawesi Tenggara,225,182,3,48,12,1.597,588,242,168,75,157,45,120,213,0,0,3.675,818,4.493,,,,,,,,
29,Gorontalo,151,138,1,15,1,923,253,130,57,27,79,17,42,93,0,0,1.927,889,2.816,,,,,,,,
30,Sulawesi Barat,70,68,6,19,0,698,303,83,54,17,29,19,46,73,0,0,1.485,325,1.810,,,,,,,,
31,Maluku,147,153,3,20,4,1.380,305,110,80,79,97,19,42,93,0,0,2.532,725,3.257,,,,,,,,
32,Maluku Utara,107,128,3,17,1,934,348,136,96,22,68,26,41,118,0,0,2.045,559,2.604,,,,,,,,
33,Papua Barat,113,105,0,15,0,676,195,83,30,21,23,11,58,84,0,0,1.414,536,1.950,,,,,,,,
34,Papua,284,396,9,55,5,2.516,512,295,93,100,276,54,84,338,0,0,5.017,1.835,6.852,,,,,,,,
Indonesia,,48.067,24.718,1.675,4.955,1.256,195.503,42.217,27.196,5.117,3.792,8.068,5.465,13.947,24.535,47,0,406.558,179.964,586.522,,,,,,,,
No,Provinsi,Dokter Spesialis Dasar,,,,Dokter Spesialis Penunjang,,,,,Spesialis Lain,Dokter Gigi Spesialis,Total,,,,,,,,,,,,,,,
,,Spesialis Penyakit Dalam,Spesialis Obstetri dan Ginekologi,Spesialis Anak,Spesialis Bedah,Spesialis Radiologi,Spesialis Anestesi,Spesialis Patologi Klinik,Spesialis Patologi Anatomi,Spesialis Rehabilitasi Medik,,,,,,,,,,,,,,,,,,
(1),(2),(3),(4),(5),(6),(7),(8),(9),(10),(11),(12),(13),(14),,,,,,,,,,,,,,,
1,Aceh,158,149,158,107,48,97,38,12,10,536,19,1.332,,,,,,,,,,,,,,,
2,Sumatera Utara,340,436,378,309,113,239,123,58,19,1.444,30,3.489,,,,,,,,,,,,,,,
3,Sumatera Barat,115,128,92,87,18,63,26,20,4,389,16,958,,,,,,,,,,,,,,,
4,Riau,142,180,157,111,49,110,27,15,15,508,37,1.351,,,,,,,,,,,,,,,
5,Jambi,57,49,40,40,22,33,12,9,1,131,9,403,,,,,,,,,,,,,,,
6,Sumatera Selatan,229,234,179,144,51,98,28,34,11,535,19,1.562,,,,,,,,,,,,,,,
7,Bengkulu,29,35,23,22,7,11,8,4,0,51,7,197,,,,,,,,,,,,,,,
8,Lampung,71,108,81,70,41,49,26,8,5,179,13,651,,,,,,,,,,,,,,,
9,Kepulauan Bangka Belitung,21,25,25,20,13,15,9,2,2,55,4,191,,,,,,,,,,,,,,,
10,Kepulauan Riau,38,61,49,36,19,29,14,11,2,129,14,402,,,,,,,,,,,,,,,
11,DKI Jakarta,617,844,710,360,250,468,128,68,75,2.592,353,6.465,,,,,,,,,,,,,,,
12,Jawa Barat,709,1.063,985,564,369,608,202,81,170,3.122,388,8.261,,,,,,,,,,,,,,,
13,Jawa Tengah,722,660,603,538,322,486,146,54,81,1.903,158,5.673,,,,,,,,,,,,,,,
14,DI Yogyakarta,165,113,149,100,60,75,31,5,11,385,129,1.223,,,,,,,,,,,,,,,
15,Jawa Timur,617,738,592,502,308,439,139,63,106,2.357,160,6.021,,,,,,,,,,,,,,,
16,Banten,238,370,361,169,125,213,69,19,61,1.051,111,2.787,,,,,,,,,,,,,,,
17,Bali,134,169,134,98,45,107,21,15,9,339,28,1.099,,,,,,,,,,,,,,,
18,Nusa Tenggara Barat,44,45,39,34,12,29,10,2,2,137,17,371,,,,,,,,,,,,,,,
19,Nusa Tenggara Timur,53,61,52,43,16,28,11,4,3,75,1,347,,,,,,,,,,,,,,,
20,Kalimantan Barat,64,80,66,51,25,44,16,5,2,150,20,523,,,,,,,,,,,,,,,
21,Kalimantan Tengah,25,28,24,20,12,15,14,3,5,59,9,214,,,,,,,,,,,,,,,
22,Kalimantan Selatan,102,107,92,66,35,62,27,16,16,340,12,875,,,,,,,,,,,,,,,
23,Kalimantan Timur,75,98,70,69,33,52,25,6,8,256,33,725,,,,,,,,,,,,,,,
24,Kalimantan Utara,9,10,7,9,5,8,4,0,1,29,7,89,,,,,,,,,,,,,,,
25,Sulawesi Utara,87,107,105,59,29,51,12,4,13,292,3,762,,,,,,,,,,,,,,,
26,Sulawesi Tengah,53,59,41,43,22,34,12,7,2,170,9,452,,,,,,,,,,,,,,,
27,Sulawesi Selatan,238,266,195,179,113,154,80,34,10,884,44,2.197,,,,,,,,,,,,,,,
28,Sulawesi Tenggara,27,34,28,25,13,18,7,3,1,69,3,228,,,,,,,,,,,,,,,
29,Gorontalo,21,20,20,13,8,14,9,0,0,46,1,152,,,,,,,,,,,,,,,
30,Sulawesi Barat,6,8,8,11,4,6,4,0,0,23,6,76,,,,,,,,,,,,,,,
31,Maluku,15,17,10,17,10,13,2,2,1,60,3,150,,,,,,,,,,,,,,,
32,Maluku Utara,20,16,13,14,7,9,2,0,0,26,3,110,,,,,,,,,,,,,,,
33,Papua Barat,19,23,21,20,6,6,3,0,0,15,0,113,,,,,,,,,,,,,,,
34,Papua,30,46,31,39,15,20,15,0,3,85,9,293,,,,,,,,,,,,,,,
Indonesia,,5.290,6.387,5.538,3.989,2.225,3.703,1.300,564,649,18.422,1.675,49.742,,,,,,,,,,,,,,,
No,Provinsi,Jumlah Rumah Sakit Kabupaten/Kota Kelas C yang Melaporkan Data,Jumlah RS yang Memiliki 4 Dokter Spesialis Dasar dan 3 Dokter Spesialis Penunjang,%,,,,,,,,,,,,,,,,,,,,,,,,
(1),(2),(3),(4),(5),,,,,,,,,,,,,,,,,,,,,,,,
1,Aceh,14,4,"28,57",,,,,,,,,,,,,,,,,,,,,,,,
2,Sumatera Utara,18,9,"50,00",,,,,,,,,,,,,,,,,,,,,,,,
3,Sumatera Barat,15,3,"20,00",,,,,,,,,,,,,,,,,,,,,,,,
4,Riau,12,5,"41,67",,,,,,,,,,,,,,,,,,,,,,,,
5,Jambi,9,3,"33,33",,,,,,,,,,,,,,,,,,,,,,,,
6,Sumatera Selatan,11,2,"18,18",,,,,,,,,,,,,,,,,,,,,,,,
7,Bengkulu,6,0,"0,00",,,,,,,,,,,,,,,,,,,,,,,,
8,Lampung,10,5,"50,00",,,,,,,,,,,,,,,,,,,,,,,,
9,Kepulauan Bangka Belitung,6,6,"100,00",,,,,,,,,,,,,,,,,,,,,,,,
10,Kepulauan Riau,5,2,"40,00",,,,,,,,,,,,,,,,,,,,,,,,
11,DKI Jakarta*,-,-,-,,,,,,,,,,,,,,,,,,,,,,,,
12,Jawa Barat,17,10,"58,82",,,,,,,,,,,,,,,,,,,,,,,,
13,Jawa Tengah,25,19,"76,00",,,,,,,,,,,,,,,,,,,,,,,,
14,DI Yogyakarta,3,2,"66,67",,,,,,,,,,,,,,,,,,,,,,,,
15,Jawa Timur,28,17,"60,71",,,,,,,,,,,,,,,,,,,,,,,,
16,Banten,5,3,"60,00",,,,,,,,,,,,,,,,,,,,,,,,
17,Bali,3,3,"100,00",,,,,,,,,,,,,,,,,,,,,,,,
18,Nusa Tenggara Barat,9,4,"44,44",,,,,,,,,,,,,,,,,,,,,,,,
19,Nusa Tenggara Timur,13,0,"0,00",,,,,,,,,,,,,,,,,,,,,,,,
20,Kalimantan Barat,10,3,"30,00",,,,,,,,,,,,,,,,,,,,,,,,
21,Kalimantan Tengah,7,3,"42,86",,,,,,,,,,,,,,,,,,,,,,,,
22,Kalimantan Selatan,10,2,"20,00",,,,,,,,,,,,,,,,,,,,,,,,
23,Kalimantan Timur,8,6,"75,00",,,,,,,,,,,,,,,,,,,,,,,,
24,Kalimantan Utara,3,3,"100,00",,,,,,,,,,,,,,,,,,,,,,,,
25,Sulawesi Utara,6,0,"0,00",,,,,,,,,,,,,,,,,,,,,,,,
26,Sulawesi Tengah,10,5,"50,00",,,,,,,,,,,,,,,,,,,,,,,,
27,Sulawesi Selatan,18,9,"50,00",,,,,,,,,,,,,,,,,,,,,,,,
28,Sulawesi Tenggara,8,2,"25,00",,,,,,,,,,,,,,,,,,,,,,,,
29,Gorontalo,3,3,"100,00",,,,,,,,,,,,,,,,,,,,,,,,
30,Sulawesi Barat,4,2,"50,00",,,,,,,,,,,,,,,,,,,,,,,,
31,Maluku,4,0,"0,00",,,,,,,,,,,,,,,,,,,,,,,,
32,Maluku Utara,2,0,"0,00",,,,,,,,,,,,,,,,,,,,,,,,
33,Papua Barat,5,2,"40,00",,,,,,,,,,,,,,,,,,,,,,,,
34,Papua,7,5,"71,43",,,,,,,,,,,,,,,,,,,,,,,,
Indonesia,,314,142,"45,22",,,,,,,,,,,,,,,,,,,,,,,,
No,Provinsi,Jumlah RS,Jumlah RS yang Melakukan Pengelolaan Limbah Medis,%,,,,,,,,,,,,,,,,,,,,,,,,
(1),(2),(3),(4),(5),,,,,,,,,,,,,,,,,,,,,,,,
1,Aceh,66,6,"9,09",,,,,,,,,,,,,,,,,,,,,,,,
2,Sumatera Utara,186,9,"4,84",,,,,,,,,,,,,,,,,,,,,,,,
3,Sumatera Barat,70,35,"50,00",,,,,,,,,,,,,,,,,,,,,,,,
4,Riau,72,20,"27,78",,,,,,,,,,,,,,,,,,,,,,,,
5,Jambi,38,9,"23,68",,,,,,,,,,,,,,,,,,,,,,,,
6,Sumatera Selatan,67,2,"2,99",,,,,,,,,,,,,,,,,,,,,,,,
7,Bengkulu,22,-,"0,00",,,,,,,,,,,,,,,,,,,,,,,,
8,Lampung,75,56,"74,67",,,,,,,,,,,,,,,,,,,,,,,,
9,Kep. Bangka Belitung,13,2,"15,38",,,,,,,,,,,,,,,,,,,,,,,,
10,Kepulauan Riau,28,3,"10,71",,,,,,,,,,,,,,,,,,,,,,,,
11,DKI Jakarta,191,41,"21,47",,,,,,,,,,,,,,,,,,,,,,,,
12,Jawa Barat,337,56,"16,62",,,,,,,,,,,,,,,,,,,,,,,,
13,Jawa Tengah,293,20,"6,83",,,,,,,,,,,,,,,,,,,,,,,,
14,DI Yogyakarta,75,47,"62,67",,,,,,,,,,,,,,,,,,,,,,,,
15,Jawa Timur,373,5,"1,34",,,,,,,,,,,,,,,,,,,,,,,,
16,Banten,97,46,"47,42",,,,,,,,,,,,,,,,,,,,,,,,
17,Bali,57,29,"50,88",,,,,,,,,,,,,,,,,,,,,,,,
18,Nusa Tenggara Barat,29,6,"20,69",,,,,,,,,,,,,,,,,,,,,,,,
19,Nusa Tenggara Timur,45,-,"0,00",,,,,,,,,,,,,,,,,,,,,,,,
20,Kalimantan Barat,45,1,"2,22",,,,,,,,,,,,,,,,,,,,,,,,
21,Kalimantan Tengah,21,5,"23,81",,,,,,,,,,,,,,,,,,,,,,,,
22,Kalimantan Selatan,37,6,"16,22",,,,,,,,,,,,,,,,,,,,,,,,
23,Kalimantan Timur,46,13,"28,26",,,,,,,,,,,,,,,,,,,,,,,,
24,Kalimantan Utara,7,4,"57,14",,,,,,,,,,,,,,,,,,,,,,,,
25,Sulawesi Utara,37,1,"2,70",,,,,,,,,,,,,,,,,,,,,,,,
26,Sulawesi Tengah,32,0,"0,00",,,,,,,,,,,,,,,,,,,,,,,,
27,Sulawesi Selatan,83,16,"19,28",,,,,,,,,,,,,,,,,,,,,,,,
28,Sulawesi Tenggara,31,4,"12,90",,,,,,,,,,,,,,,,,,,,,,,,
29,Gorontalo,13,6,"46,15",,,,,,,,,,,,,,,,,,,,,,,,
30,Sulawesi Barat,11,0,"0,00",,,,,,,,,,,,,,,,,,,,,,,,
31,Maluku,27,2,"7,41",,,,,,,,,,,,,,,,,,,,,,,,
32,Maluku Utara,20,3,"15,00",,,,,,,,,,,,,,,,,,,,,,,,
33,Papua Barat,17,0,"0,00",,,,,,,,,,,,,,,,,,,,,,,,
34,Papua,48,0,"0,00",,,,,,,,,,,,,,,,,,,,,,,,
Indonesia,,2.609,453,"17,36",,,,,,,,,,,,,,,,,,,,,,,,
